0:00:00:00 Starting a new session
0:00:00:00 Loaded a total of 1 password hash
0:00:00:00 Command line: john ../jwt.txt 
0:00:00:00 - UTF-8 input encoding enabled
0:00:00:00 - Passwords will be stored UTF-8 encoded in .pot file
0:00:00:00 - Hash type: HMAC-SHA256 (min-len 0, max-len 41 [worst case UTF-8] to 125 [ASCII])
0:00:00:00 - Algorithm: password is key, SHA256 256/256 AVX2 8x
0:00:00:00 - Will reject candidates longer than 125 bytes
0:00:00:00 - Candidate passwords will be buffered and tried in chunks of 16384
0:00:00:00 Proceeding with "single crack" mode
0:00:00:00 - SingleWordsPairMax used is 6
0:00:00:00 - SingleRetestGuessed = true
0:00:00:00 - SingleMaxBufferSize = 4 GB
0:00:00:00 - SinglePrioResume = N (prioritize speed over resumability)
0:00:00:00 - No stacked rules
0:00:00:00 - 1129 preprocessed word mangling rules
0:00:00:00 - Allocated 1 buffer of 64 candidate passwords (total 136 KB)
0:00:00:00 - No stacked rules
0:00:00:00 - Rule #1: ':' accepted as ''
0:00:00:00 - No information to base candidate passwords on
0:00:00:00 - Processing the remaining buffered candidate passwords, if any
0:00:00:00 Proceeding with wordlist mode
0:00:00:00 - Rules: Wordlist
0:00:00:00 - Wordlist file: password.lst
0:00:00:00 - memory mapping wordlist (29884 bytes)
0:00:00:00 - 57 preprocessed word mangling rules
0:00:00:00 - No stacked rules
0:00:00:00 - Rule #1: ':' accepted as ''
0:00:00:00 - Rule #2: '-c >3 !?X l Q' accepted as '>3!?XlQ'
0:00:00:00 - Rule #3: '-c (?a >2 !?X c Q' accepted as '(?a>2!?XcQ'
0:00:00:00 - Rule #4: '<* >2 !?A l p' accepted as '<*>2!?Alp'
0:00:00:00 - Rule #5: '<* >2 !?A l $1' accepted as '<*>2!?Al$1'
0:00:00:00 - Rule #6: '-c <* >2 !?A c $1' accepted as '<*>2!?Ac$1'
0:00:00:00 - Rule #7: '<7 >1 !?A l d' accepted as '<7>1!?Ald'
0:00:00:00 - Rule #8: '>3 !?A l M r Q' accepted as '>3!?AlMrQ'
0:00:00:00 - Rule #9: '>2 !?A l ^1' accepted as '>2!?Al^1'
0:00:00:00 - Rule #10: '-c >2 !?X u Q M c Q u' accepted as '>2!?XuQMcQu'
0:00:00:00 - Rule #11: '<* >2 !?A l $2' accepted as '<*>2!?Al$2'
0:00:00:00 - Rule #12: '<* >2 !?A l $!' accepted as '<*>2!?Al$!'
0:00:00:00 - Rule #13: '<* >2 !?A l $3' accepted as '<*>2!?Al$3'
0:00:00:00 - Rule #14: '<* >2 !?A l $7' accepted as '<*>2!?Al$7'
0:00:00:00 - Rule #15: '<* >2 !?A l $9' accepted as '<*>2!?Al$9'
0:00:00:00 - Rule #16: '<* >2 !?A l $5' accepted as '<*>2!?Al$5'
0:00:00:00 - Rule #17: '<* >2 !?A l $4' accepted as '<*>2!?Al$4'
0:00:00:00 - Rule #18: '<* >2 !?A l $8' accepted as '<*>2!?Al$8'
0:00:00:00 - Rule #19: '<* >2 !?A l $6' accepted as '<*>2!?Al$6'
0:00:00:00 - Rule #20: '<* >2 !?A l $0' accepted as '<*>2!?Al$0'
0:00:00:00 - Rule #21: '<* >2 !?A l $.' accepted as '<*>2!?Al$.'
0:00:00:00 - Rule #22: '<* >2 !?A l $?' accepted as '<*>2!?Al$?'
0:00:00:00 - Rule #23: '/?p @?p >3 l' accepted as '/?p@?p>3l'
0:00:00:00 - Rule #24: '/?v @?v >3 l' accepted as '/?v@?v>3l'
0:00:00:00 - Rule #25: '/?w @?w >3 l' accepted as '/?w@?w>3l'
0:00:00:00 - Rule #26: '-c <7 >1 !?A c d' accepted as '<7>1!?Acd'
0:00:00:00 - Rule #27: '-c <+ >2 !?A c r' accepted as '<+>2!?Acr'
0:00:00:00 - Rule #28: '-c >2 !?A l M r Q c' accepted as '>2!?AlMrQc'
0:00:00:00 - Rule #29: '<7 >1 !?A l d M 'l f Q' accepted as '<7>1!?AldM'lfQ'
0:00:00:00 - Rule #30: '-c <+ >2 !?A l M r Q c r' accepted as '<+>2!?AlMrQcr'
0:00:00:00 - Rule #31: '>2 !?A l ^2' accepted as '>2!?Al^2'
0:00:00:00 - Rule #32: '>2 !?A l ^4' accepted as '>2!?Al^4'
0:00:00:00 - Rule #33: '-c <* >2 !?A c $2' accepted as '<*>2!?Ac$2'
0:00:00:00 - Rule #34: '-c <* >2 !?A c $!' accepted as '<*>2!?Ac$!'
0:00:00:00 - Rule #35: '-c <* >2 !?A c $3' accepted as '<*>2!?Ac$3'
0:00:00:00 - Rule #36: '-c <* >2 !?A c $9' accepted as '<*>2!?Ac$9'
0:00:00:00 - Rule #37: '-c <* >2 !?A c $5' accepted as '<*>2!?Ac$5'
0:00:00:00 - Rule #38: '-c <* >2 !?A c $7' accepted as '<*>2!?Ac$7'
0:00:00:00 - Rule #39: '-c <* >2 !?A c $4' accepted as '<*>2!?Ac$4'
0:00:00:00 - Rule #40: '-c <* >2 !?A c $6' accepted as '<*>2!?Ac$6'
0:00:00:00 - Rule #41: '-c <* >2 !?A c $8' accepted as '<*>2!?Ac$8'
0:00:00:00 - Rule #42: '-c <* >2 !?A c $.' accepted as '<*>2!?Ac$.'
0:00:00:00 - Rule #43: '-c <* >2 !?A c $?' accepted as '<*>2!?Ac$?'
0:00:00:00 - Rule #44: '-c <* >2 !?A c $0' accepted as '<*>2!?Ac$0'
0:00:00:00 - Rule #45: '>2 !?A l ^3' accepted as '>2!?Al^3'
0:00:00:00 - Rule #46: '>2 !?A l ^7' accepted as '>2!?Al^7'
0:00:00:00 - Rule #47: '>2 !?A l ^9' accepted as '>2!?Al^9'
0:00:00:00 - Rule #48: '>2 !?A l ^5' accepted as '>2!?Al^5'
0:00:00:00 - Rule #49: '>2 !?A l ^6' accepted as '>2!?Al^6'
0:00:00:00 - Rule #50: '>2 !?A l ^8' accepted as '>2!?Al^8'
0:00:00:00 - Rule #51: '-c <* >2 !?A c p' accepted as '<*>2!?Acp'
0:00:00:00 - Rule #52: '-: <* >2 !?A l M P Q' accepted as '<*>2!?AlMPQ'
0:00:00:00 - Rule #53: '-: <* >2 !?A l M I Q' accepted as '<*>2!?AlMIQ'
0:00:00:00 - Rule #54: '-c <* >2 !?A c M P Q' accepted as '<*>2!?AcMPQ'
0:00:00:00 - Rule #55: '-c <* >2 !?A c M I Q' accepted as '<*>2!?AcMIQ'
0:00:00:00 - Rule #56: '-s x**' rejected
0:00:00:00 - Rule #57: '-s-c x** M l Q' rejected
0:00:00:00 Proceeding with "incremental" mode: ASCII
0:00:00:00 - Lengths 0 to 13, up to 95 different characters
0:00:00:00 - No stacked rules
0:00:00:00 - Switching to length 6
0:00:00:00 - Expanding tables for length 6 to character count 1
0:00:00:00 - Trying length 6, fixed @1, character count 1
0:00:00:00 - Switching to length 5
0:00:00:00 - Expanding tables for length 5 to character count 1
0:00:00:00 - Trying length 5, fixed @1, character count 1
0:00:00:00 - Switching to length 6
0:00:00:00 - Expanding tables for length 6 to character count 2
0:00:00:00 - Trying length 6, fixed @2, character count 2
0:00:00:00 - Trying length 6, fixed @6, character count 2
0:00:00:00 - Switching to length 5
0:00:00:00 - Expanding tables for length 5 to character count 2
0:00:00:00 - Trying length 5, fixed @5, character count 2
0:00:00:00 - Switching to length 6
0:00:00:00 - Expanding tables for length 6 to character count 2
0:00:00:00 - Trying length 6, fixed @3, character count 2
0:00:00:00 - Trying length 6, fixed @4, character count 2
0:00:00:00 - Switching to length 5
0:00:00:00 - Expanding tables for length 5 to character count 2
0:00:00:00 - Trying length 5, fixed @2, character count 2
0:00:00:00 - Switching to length 7
0:00:00:00 - Expanding tables for length 7 to character count 1
0:00:00:00 - Trying length 7, fixed @1, character count 1
0:00:00:00 - Switching to length 5
0:00:00:00 - Expanding tables for length 5 to character count 2
0:00:00:00 - Trying length 5, fixed @4, character count 2
0:00:00:00 - Switching to length 6
0:00:00:00 - Expanding tables for length 6 to character count 2
0:00:00:00 - Trying length 6, fixed @1, character count 2
0:00:00:00 - Switching to length 5
0:00:00:00 - Expanding tables for length 5 to character count 2
0:00:00:00 - Trying length 5, fixed @3, character count 2
0:00:00:00 - Switching to length 6
0:00:00:00 - Expanding tables for length 6 to character count 2
0:00:00:00 - Trying length 6, fixed @5, character count 2
0:00:00:00 - Switching to length 4
0:00:00:00 - Expanding tables for length 4 to character count 1
0:00:00:00 - Trying length 4, fixed @1, character count 1
0:00:00:00 - Switching to length 5
0:00:00:00 - Expanding tables for length 5 to character count 2
0:00:00:00 - Trying length 5, fixed @1, character count 2
0:00:00:00 - Expanding tables for length 5 to character count 3
0:00:00:00 - Trying length 5, fixed @2, character count 3
0:00:00:00 - Switching to length 6
0:00:00:00 - Expanding tables for length 6 to character count 3
0:00:00:00 - Trying length 6, fixed @2, character count 3
0:00:00:00 - Switching to length 4
0:00:00:00 - Expanding tables for length 4 to character count 2
0:00:00:00 - Trying length 4, fixed @2, character count 2
0:00:00:00 - Switching to length 6
0:00:00:00 - Expanding tables for length 6 to character count 3
0:00:00:00 - Trying length 6, fixed @6, character count 3
0:00:00:00 - Switching to length 7
0:00:00:00 - Expanding tables for length 7 to character count 2
0:00:00:00 - Trying length 7, fixed @2, character count 2
0:00:00:00 - Switching to length 6
0:00:00:00 - Expanding tables for length 6 to character count 3
0:00:00:00 - Trying length 6, fixed @3, character count 3
0:00:00:00 - Switching to length 5
0:00:00:00 - Expanding tables for length 5 to character count 3
0:00:00:00 - Trying length 5, fixed @5, character count 3
0:00:00:00 - Switching to length 7
0:00:00:00 - Expanding tables for length 7 to character count 2
0:00:00:00 - Trying length 7, fixed @5, character count 2
0:00:00:00 - Switching to length 5
0:00:00:00 - Expanding tables for length 5 to character count 3
0:00:00:00 - Trying length 5, fixed @3, character count 3
0:00:00:00 - Switching to length 6
0:00:00:00 - Expanding tables for length 6 to character count 3
0:00:00:00 - Trying length 6, fixed @1, character count 3
0:00:00:00 - Trying length 6, fixed @4, character count 3
0:00:00:00 - Switching to length 7
0:00:00:00 - Expanding tables for length 7 to character count 2
0:00:00:00 - Trying length 7, fixed @3, character count 2
0:00:00:00 - Switching to length 5
0:00:00:00 - Expanding tables for length 5 to character count 3
0:00:00:00 - Trying length 5, fixed @4, character count 3
0:00:00:00 - Switching to length 8
0:00:00:01 - Expanding tables for length 8 to character count 1
0:00:00:01 - Trying length 8, fixed @1, character count 1
0:00:00:01 - Switching to length 6
0:00:00:01 - Expanding tables for length 6 to character count 3
0:00:00:01 - Trying length 6, fixed @5, character count 3
0:00:00:01 - Switching to length 4
0:00:00:01 - Expanding tables for length 4 to character count 2
0:00:00:01 - Trying length 4, fixed @1, character count 2
0:00:00:01 - Switching to length 5
0:00:00:01 - Expanding tables for length 5 to character count 3
0:00:00:01 - Trying length 5, fixed @1, character count 3
0:00:00:01 - Switching to length 7
0:00:00:01 - Expanding tables for length 7 to character count 2
0:00:00:01 - Trying length 7, fixed @7, character count 2
0:00:00:01 - Trying length 7, fixed @4, character count 2
0:00:00:01 - Switching to length 5
0:00:00:01 - Expanding tables for length 5 to character count 4
0:00:00:01 - Trying length 5, fixed @2, character count 4
0:00:00:01 - Switching to length 7
0:00:00:01 - Expanding tables for length 7 to character count 2
0:00:00:01 - Trying length 7, fixed @1, character count 2
0:00:00:01 - Switching to length 6
0:00:00:01 - Expanding tables for length 6 to character count 4
0:00:00:01 - Trying length 6, fixed @6, character count 4
0:00:00:01 - Switching to length 2
0:00:00:01 - Expanding tables for length 2 to character count 1
0:00:00:01 - Trying length 2, fixed @1, character count 1
0:00:00:01 - Switching to length 5
0:00:00:01 - Expanding tables for length 5 to character count 4
0:00:00:01 - Trying length 5, fixed @5, character count 4
0:00:00:01 - Switching to length 4
0:00:00:01 - Expanding tables for length 4 to character count 2
0:00:00:01 - Trying length 4, fixed @4, character count 2
0:00:00:01 - Switching to length 7
0:00:00:01 - Expanding tables for length 7 to character count 2
0:00:00:01 - Trying length 7, fixed @6, character count 2
0:00:00:01 - Switching to length 5
0:00:00:01 - Expanding tables for length 5 to character count 4
0:00:00:01 - Trying length 5, fixed @3, character count 4
0:00:00:01 - Switching to length 6
0:00:00:01 - Expanding tables for length 6 to character count 4
0:00:00:01 - Trying length 6, fixed @2, character count 4
0:00:00:01 - Switching to length 5
0:00:00:01 - Expanding tables for length 5 to character count 5
0:00:00:01 - Trying length 5, fixed @2, character count 5
0:00:00:01 - Switching to length 6
0:00:00:01 - Expanding tables for length 6 to character count 5
0:00:00:01 - Trying length 6, fixed @2, character count 5
0:00:00:01 - Switching to length 4
0:00:00:01 - Expanding tables for length 4 to character count 2
0:00:00:01 - Trying length 4, fixed @3, character count 2
0:00:00:01 - Expanding tables for length 4 to character count 3
0:00:00:01 - Trying length 4, fixed @2, character count 3
0:00:00:01 - Switching to length 5
0:00:00:01 - Expanding tables for length 5 to character count 5
0:00:00:01 - Trying length 5, fixed @4, character count 4
0:00:00:01 - Trying length 5, fixed @5, character count 5
0:00:00:01 - Switching to length 6
0:00:00:01 - Expanding tables for length 6 to character count 5
0:00:00:01 - Trying length 6, fixed @1, character count 4
0:00:00:01 - Trying length 6, fixed @3, character count 4
0:00:00:01 - Switching to length 5
0:00:00:01 - Expanding tables for length 5 to character count 5
0:00:00:01 - Trying length 5, fixed @3, character count 5
0:00:00:01 - Switching to length 6
0:00:00:01 - Expanding tables for length 6 to character count 5
0:00:00:01 - Trying length 6, fixed @5, character count 4
0:00:00:01 - Trying length 6, fixed @5, character count 5
0:00:00:01 - Trying length 6, fixed @3, character count 5
0:00:00:01 - Switching to length 5
0:00:00:01 - Expanding tables for length 5 to character count 5
0:00:00:01 - Trying length 5, fixed @1, character count 4
0:00:00:01 - Switching to length 2
0:00:00:01 - Expanding tables for length 2 to character count 2
0:00:00:01 - Trying length 2, fixed @2, character count 2
0:00:00:01 - Switching to length 5
0:00:00:01 - Expanding tables for length 5 to character count 5
0:00:00:01 - Trying length 5, fixed @4, character count 5
0:00:00:01 - Trying length 5, fixed @1, character count 5
0:00:00:01 - Switching to length 7
0:00:00:01 - Expanding tables for length 7 to character count 3
0:00:00:01 - Trying length 7, fixed @2, character count 3
0:00:00:01 - Switching to length 3
0:00:00:01 - Expanding tables for length 3 to character count 1
0:00:00:01 - Trying length 3, fixed @1, character count 1
0:00:00:01 - Expanding tables for length 3 to character count 2
0:00:00:01 - Trying length 3, fixed @2, character count 2
0:00:00:01 - Switching to length 4
0:00:00:01 - Expanding tables for length 4 to character count 3
0:00:00:01 - Trying length 4, fixed @4, character count 3
0:00:00:01 - Switching to length 6
0:00:00:01 - Expanding tables for length 6 to character count 5
0:00:00:01 - Trying length 6, fixed @4, character count 4
0:00:00:01 - Switching to length 8
0:00:00:01 - Expanding tables for length 8 to character count 2
0:00:00:01 - Trying length 8, fixed @2, character count 2
0:00:00:01 - Switching to length 6
0:00:00:01 - Expanding tables for length 6 to character count 5
0:00:00:01 - Trying length 6, fixed @1, character count 5
0:00:00:01 - Trying length 6, fixed @6, character count 5
0:00:00:01 - Switching to length 7
0:00:00:01 - Expanding tables for length 7 to character count 3
0:00:00:01 - Trying length 7, fixed @5, character count 3
0:00:00:01 - Switching to length 8
0:00:00:02 - Expanding tables for length 8 to character count 2
0:00:00:02 - Trying length 8, fixed @7, character count 2
0:00:00:02 - Switching to length 7
0:00:00:02 - Expanding tables for length 7 to character count 3
0:00:00:02 - Trying length 7, fixed @3, character count 3
0:00:00:02 - Switching to length 4
0:00:00:02 - Expanding tables for length 4 to character count 3
0:00:00:02 - Trying length 4, fixed @1, character count 3
0:00:00:02 - Switching to length 5
0:00:00:02 - Expanding tables for length 5 to character count 6
0:00:00:02 - Trying length 5, fixed @5, character count 6
0:00:00:02 - Switching to length 8
0:00:00:02 - Expanding tables for length 8 to character count 2
0:00:00:02 - Trying length 8, fixed @6, character count 2
0:00:00:02 - Switching to length 6
0:00:00:02 - Expanding tables for length 6 to character count 5
0:00:00:02 - Trying length 6, fixed @4, character count 5
0:00:00:02 - Switching to length 5
0:00:00:02 - Expanding tables for length 5 to character count 6
0:00:00:02 - Trying length 5, fixed @3, character count 6
0:00:00:02 - Switching to length 7
0:00:00:02 - Expanding tables for length 7 to character count 3
0:00:00:02 - Trying length 7, fixed @4, character count 3
0:00:00:02 - Trying length 7, fixed @6, character count 3
0:00:00:02 - Switching to length 4
0:00:00:02 - Expanding tables for length 4 to character count 3
0:00:00:02 - Trying length 4, fixed @3, character count 3
0:00:00:02 - Switching to length 3
0:00:00:02 - Expanding tables for length 3 to character count 2
0:00:00:02 - Trying length 3, fixed @1, character count 2
0:00:00:02 - Switching to length 4
0:00:00:02 - Expanding tables for length 4 to character count 4
0:00:00:02 - Trying length 4, fixed @2, character count 4
0:00:00:02 - Switching to length 9
0:00:00:02 - Expanding tables for length 9 to character count 1
0:00:00:02 - Trying length 9, fixed @1, character count 1
0:00:00:02 - Switching to length 8
0:00:00:02 - Expanding tables for length 8 to character count 2
0:00:00:02 - Trying length 8, fixed @5, character count 2
0:00:00:02 - Switching to length 7
0:00:00:02 - Expanding tables for length 7 to character count 3
0:00:00:02 - Trying length 7, fixed @1, character count 3
0:00:00:02 - Switching to length 5
0:00:00:02 - Expanding tables for length 5 to character count 6
0:00:00:02 - Trying length 5, fixed @2, character count 6
0:00:00:02 - Switching to length 6
0:00:00:02 - Expanding tables for length 6 to character count 6
0:00:00:02 - Trying length 6, fixed @5, character count 6
0:00:00:02 - Switching to length 1
0:00:00:02 - Expanding tables for length 1 to character count 1
0:00:00:02 - Trying length 1, fixed @1, character count 1
0:00:00:02 - Switching to length 8
0:00:00:02 - Expanding tables for length 8 to character count 2
0:00:00:02 - Trying length 8, fixed @1, character count 2
0:00:00:02 - Switching to length 3
0:00:00:02 - Expanding tables for length 3 to character count 3
0:00:00:02 - Trying length 3, fixed @2, character count 3
0:00:00:02 - Switching to length 5
0:00:00:02 - Expanding tables for length 5 to character count 6
0:00:00:02 - Trying length 5, fixed @4, character count 6
0:00:00:02 - Trying length 5, fixed @1, character count 6
0:00:00:02 - Switching to length 8
0:00:00:02 - Expanding tables for length 8 to character count 2
0:00:00:02 - Trying length 8, fixed @3, character count 2
0:00:00:02 - Switching to length 2
0:00:00:02 - Expanding tables for length 2 to character count 2
0:00:00:02 - Trying length 2, fixed @1, character count 2
0:00:00:02 - Switching to length 6
0:00:00:02 - Expanding tables for length 6 to character count 6
0:00:00:02 - Trying length 6, fixed @3, character count 6
0:00:00:02 - Switching to length 2
0:00:00:02 - Expanding tables for length 2 to character count 3
0:00:00:02 - Trying length 2, fixed @2, character count 3
0:00:00:02 - Switching to length 6
0:00:00:02 - Expanding tables for length 6 to character count 6
0:00:00:02 - Trying length 6, fixed @6, character count 6
0:00:00:02 - Switching to length 7
0:00:00:02 - Expanding tables for length 7 to character count 3
0:00:00:02 - Trying length 7, fixed @7, character count 3
0:00:00:02 - Switching to length 4
0:00:00:02 - Expanding tables for length 4 to character count 5
0:00:00:02 - Trying length 4, fixed @2, character count 5
0:00:00:02 - Switching to length 2
0:00:00:02 - Expanding tables for length 2 to character count 4
0:00:00:02 - Trying length 2, fixed @2, character count 4
0:00:00:02 - Switching to length 8
0:00:00:03 - Expanding tables for length 8 to character count 2
0:00:00:03 - Trying length 8, fixed @4, character count 2
0:00:00:03 - Switching to length 3
0:00:00:03 - Expanding tables for length 3 to character count 3
0:00:00:03 - Trying length 3, fixed @3, character count 2
0:00:00:03 - Switching to length 5
0:00:00:03 - Expanding tables for length 5 to character count 7
0:00:00:03 - Trying length 5, fixed @5, character count 7
0:00:00:03 - Switching to length 3
0:00:00:03 - Expanding tables for length 3 to character count 3
0:00:00:03 - Trying length 3, fixed @1, character count 3
0:00:00:03 - Switching to length 6
0:00:00:03 - Expanding tables for length 6 to character count 6
0:00:00:03 - Trying length 6, fixed @2, character count 6
0:00:00:03 - Switching to length 5
0:00:00:03 - Expanding tables for length 5 to character count 7
0:00:00:03 - Trying length 5, fixed @1, character count 7
0:00:00:03 - Switching to length 6
0:00:00:03 - Expanding tables for length 6 to character count 6
0:00:00:03 - Trying length 6, fixed @1, character count 6
0:00:00:03 - Switching to length 4
0:00:00:03 - Expanding tables for length 4 to character count 5
0:00:00:03 - Trying length 4, fixed @1, character count 4
0:00:00:03 - Trying length 4, fixed @3, character count 4
0:00:00:03 - Trying length 4, fixed @1, character count 5
0:00:00:03 - Switching to length 3
0:00:00:03 - Expanding tables for length 3 to character count 3
0:00:00:03 - Trying length 3, fixed @3, character count 3
0:00:00:03 - Switching to length 8
0:00:00:03 - Expanding tables for length 8 to character count 2
0:00:00:03 - Trying length 8, fixed @8, character count 2
0:00:00:03 - Switching to length 6
0:00:00:03 - Expanding tables for length 6 to character count 6
0:00:00:03 - Trying length 6, fixed @4, character count 6
0:00:00:03 - Switching to length 4
0:00:00:03 - Expanding tables for length 4 to character count 5
0:00:00:03 - Trying length 4, fixed @3, character count 5
0:00:00:03 - Switching to length 3
0:00:00:03 - Expanding tables for length 3 to character count 4
0:00:00:03 - Trying length 3, fixed @1, character count 4
0:00:00:03 - Switching to length 5
0:00:00:03 - Expanding tables for length 5 to character count 7
0:00:00:03 - Trying length 5, fixed @3, character count 7
0:00:00:03 - Switching to length 7
0:00:00:03 - Expanding tables for length 7 to character count 4
0:00:00:03 - Trying length 7, fixed @2, character count 4
0:00:00:03 - Switching to length 6
0:00:00:03 - Expanding tables for length 6 to character count 7
0:00:00:03 - Trying length 6, fixed @5, character count 7
0:00:00:03 - Switching to length 2
0:00:00:03 - Expanding tables for length 2 to character count 4
0:00:00:03 - Trying length 2, fixed @1, character count 3
0:00:00:03 - Switching to length 5
0:00:00:03 - Expanding tables for length 5 to character count 8
0:00:00:03 - Trying length 5, fixed @1, character count 8
0:00:00:03 - Switching to length 3
0:00:00:03 - Expanding tables for length 3 to character count 4
0:00:00:03 - Trying length 3, fixed @2, character count 4
0:00:00:03 - Switching to length 4
0:00:00:03 - Expanding tables for length 4 to character count 5
0:00:00:03 - Trying length 4, fixed @4, character count 4
0:00:00:03 - Switching to length 6
0:00:00:03 - Expanding tables for length 6 to character count 7
0:00:00:03 - Trying length 6, fixed @6, character count 7
0:00:00:03 - Switching to length 5
0:00:00:03 - Expanding tables for length 5 to character count 8
0:00:00:03 - Trying length 5, fixed @2, character count 7
0:00:00:03 - Switching to length 3
0:00:00:03 - Expanding tables for length 3 to character count 4
0:00:00:03 - Trying length 3, fixed @3, character count 4
0:00:00:03 - Switching to length 7
0:00:00:03 - Expanding tables for length 7 to character count 4
0:00:00:03 - Trying length 7, fixed @6, character count 4
0:00:00:03 - Expanding tables for length 7 to character count 5
0:00:00:03 - Trying length 7, fixed @6, character count 5
0:00:00:03 - Switching to length 2
0:00:00:03 - Expanding tables for length 2 to character count 4
0:00:00:03 - Trying length 2, fixed @1, character count 4
0:00:00:03 - Switching to length 5
0:00:00:03 - Expanding tables for length 5 to character count 8
0:00:00:03 - Trying length 5, fixed @4, character count 7
0:00:00:03 - Switching to length 4
0:00:00:03 - Expanding tables for length 4 to character count 5
0:00:00:03 - Trying length 4, fixed @4, character count 5
0:00:00:03 - Switching to length 6
0:00:00:03 - Expanding tables for length 6 to character count 7
0:00:00:03 - Trying length 6, fixed @3, character count 7
0:00:00:03 - Switching to length 3
0:00:00:03 - Expanding tables for length 3 to character count 5
0:00:00:03 - Trying length 3, fixed @1, character count 5
0:00:00:03 - Switching to length 10
0:00:00:03 - Expanding tables for length 10 to character count 1
0:00:00:03 - Trying length 10, fixed @1, character count 1
0:00:00:03 - Switching to length 7
0:00:00:03 - Expanding tables for length 7 to character count 5
0:00:00:03 - Trying length 7, fixed @1, character count 4
0:00:00:03 - Trying length 7, fixed @1, character count 5
0:00:00:03 - Switching to length 2
0:00:00:03 - Expanding tables for length 2 to character count 5
0:00:00:03 - Trying length 2, fixed @1, character count 5
0:00:00:03 - Switching to length 6
0:00:00:03 - Expanding tables for length 6 to character count 7
0:00:00:03 - Trying length 6, fixed @1, character count 7
0:00:00:03 - Switching to length 5
0:00:00:03 - Expanding tables for length 5 to character count 8
0:00:00:03 - Trying length 5, fixed @3, character count 8
0:00:00:03 - Switching to length 4
0:00:00:03 - Expanding tables for length 4 to character count 6
0:00:00:03 - Trying length 4, fixed @1, character count 6
0:00:00:03 - Switching to length 7
0:00:00:03 - Expanding tables for length 7 to character count 5
0:00:00:04 - Trying length 7, fixed @3, character count 4
0:00:00:04 - Switching to length 3
0:00:00:04 - Expanding tables for length 3 to character count 5
0:00:00:04 - Trying length 3, fixed @2, character count 5
0:00:00:04 - Switching to length 4
0:00:00:04 - Expanding tables for length 4 to character count 6
0:00:00:04 - Trying length 4, fixed @3, character count 6
0:00:00:04 - Switching to length 3
0:00:00:04 - Expanding tables for length 3 to character count 5
0:00:00:04 - Trying length 3, fixed @3, character count 5
0:00:00:04 - Switching to length 6
0:00:00:04 - Expanding tables for length 6 to character count 7
0:00:00:04 - Trying length 6, fixed @4, character count 7
0:00:00:04 - Switching to length 5
0:00:00:04 - Expanding tables for length 5 to character count 9
0:00:00:04 - Trying length 5, fixed @1, character count 9
0:00:00:04 - Switching to length 6
0:00:00:04 - Expanding tables for length 6 to character count 8
0:00:00:04 - Trying length 6, fixed @5, character count 8
0:00:00:04 - Switching to length 1
0:00:00:04 - Expanding tables for length 1 to character count 2
0:00:00:04 - Trying length 1, fixed @1, character count 2
0:00:00:04 - Switching to length 3
0:00:00:04 - Expanding tables for length 3 to character count 6
0:00:00:04 - Trying length 3, fixed @1, character count 6
0:00:00:04 - Switching to length 7
0:00:00:04 - Expanding tables for length 7 to character count 5
0:00:00:04 - Trying length 7, fixed @7, character count 4
0:00:00:04 - Switching to length 4
0:00:00:04 - Expanding tables for length 4 to character count 6
0:00:00:04 - Trying length 4, fixed @2, character count 6
0:00:00:04 - Switching to length 5
0:00:00:04 - Expanding tables for length 5 to character count 9
0:00:00:04 - Trying length 5, fixed @2, character count 8
0:00:00:04 - Switching to length 3
0:00:00:04 - Expanding tables for length 3 to character count 6
0:00:00:04 - Trying length 3, fixed @3, character count 6
0:00:00:04 - Switching to length 8
0:00:00:04 - Expanding tables for length 8 to character count 3
0:00:00:04 - Trying length 8, fixed @2, character count 3
0:00:00:04 - Switching to length 9
0:00:00:04 - Expanding tables for length 9 to character count 2
0:00:00:04 - Trying length 9, fixed @2, character count 2
0:00:00:04 - Switching to length 5
0:00:00:04 - Expanding tables for length 5 to character count 9
0:00:00:04 - Trying length 5, fixed @4, character count 8
0:00:00:04 - Switching to length 4
0:00:00:04 - Expanding tables for length 4 to character count 6
0:00:00:04 - Trying length 4, fixed @4, character count 6
0:00:00:04 - Switching to length 8
0:00:00:04 - Expanding tables for length 8 to character count 3
0:00:00:04 - Trying length 8, fixed @6, character count 3
0:00:00:04 - Switching to length 7
0:00:00:04 - Expanding tables for length 7 to character count 5
0:00:00:04 - Trying length 7, fixed @5, character count 4
0:00:00:04 - Switching to length 3
0:00:00:04 - Expanding tables for length 3 to character count 7
0:00:00:04 - Trying length 3, fixed @3, character count 7
0:00:00:04 - Switching to length 8
0:00:00:04 - Expanding tables for length 8 to character count 3
0:00:00:04 - Trying length 8, fixed @7, character count 3
0:00:00:04 - Switching to length 1
0:00:00:04 - Expanding tables for length 1 to character count 3
0:00:00:04 - Trying length 1, fixed @1, character count 3
0:00:00:04 - Switching to length 6
0:00:00:04 - Expanding tables for length 6 to character count 8
0:00:00:04 - Trying length 6, fixed @2, character count 7
0:00:00:04 - Switching to length 4
0:00:00:04 - Expanding tables for length 4 to character count 7
0:00:00:04 - Trying length 4, fixed @1, character count 7
0:00:00:04 - Switching to length 6
0:00:00:04 - Expanding tables for length 6 to character count 8
0:00:00:04 - Trying length 6, fixed @6, character count 8
0:00:00:04 - Switching to length 9
0:00:00:04 - Expanding tables for length 9 to character count 2
0:00:00:04 - Trying length 9, fixed @8, character count 2
0:00:00:04 - Switching to length 3
0:00:00:04 - Expanding tables for length 3 to character count 7
0:00:00:04 - Trying length 3, fixed @1, character count 7
0:00:00:04 - Switching to length 5
0:00:00:04 - Expanding tables for length 5 to character count 9
0:00:00:04 - Trying length 5, fixed @5, character count 8
0:00:00:04 - Switching to length 7
0:00:00:04 - Expanding tables for length 7 to character count 5
0:00:00:04 - Trying length 7, fixed @4, character count 4
0:00:00:04 - Switching to length 4
0:00:00:04 - Expanding tables for length 4 to character count 7
0:00:00:04 - Trying length 4, fixed @3, character count 7
0:00:00:04 - Switching to length 7
0:00:00:04 - Expanding tables for length 7 to character count 5
0:00:00:04 - Trying length 7, fixed @2, character count 5
0:00:00:04 - Switching to length 9
0:00:00:05 - Expanding tables for length 9 to character count 2
0:00:00:05 - Trying length 9, fixed @3, character count 2
0:00:00:05 - Switching to length 7
0:00:00:05 - Expanding tables for length 7 to character count 5
0:00:00:05 - Trying length 7, fixed @3, character count 5
0:00:00:05 - Switching to length 8
0:00:00:05 - Expanding tables for length 8 to character count 3
0:00:00:05 - Trying length 8, fixed @3, character count 3
0:00:00:05 - Switching to length 5
0:00:00:05 - Expanding tables for length 5 to character count 9
0:00:00:05 - Trying length 5, fixed @3, character count 9
0:00:00:05 - Switching to length 6
0:00:00:05 - Expanding tables for length 6 to character count 8
0:00:00:05 - Trying length 6, fixed @3, character count 8
0:00:00:05 - Switching to length 2
0:00:00:05 - Expanding tables for length 2 to character count 5
0:00:00:05 - Trying length 2, fixed @2, character count 5
0:00:00:05 - Switching to length 1
0:00:00:05 - Expanding tables for length 1 to character count 4
0:00:00:05 - Trying length 1, fixed @1, character count 4
0:00:00:05 - Expanding tables for length 1 to character count 5
0:00:00:05 - Trying length 1, fixed @1, character count 5
0:00:00:05 - Expanding tables for length 1 to character count 6
0:00:00:05 - Trying length 1, fixed @1, character count 6
0:00:00:05 - Switching to length 2
0:00:00:05 - Expanding tables for length 2 to character count 6
0:00:00:05 - Trying length 2, fixed @1, character count 6
0:00:00:05 - Switching to length 6
0:00:00:05 - Expanding tables for length 6 to character count 8
0:00:00:05 - Trying length 6, fixed @1, character count 8
0:00:00:05 - Switching to length 5
0:00:00:05 - Expanding tables for length 5 to character count 10
0:00:00:05 - Trying length 5, fixed @1, character count 10
0:00:00:05 - Switching to length 7
0:00:00:05 - Expanding tables for length 7 to character count 5
0:00:00:05 - Trying length 7, fixed @5, character count 5
0:00:00:05 - Switching to length 9
0:00:00:05 - Expanding tables for length 9 to character count 2
0:00:00:05 - Trying length 9, fixed @5, character count 2
0:00:00:05 - Switching to length 2
0:00:00:05 - Expanding tables for length 2 to character count 7
0:00:00:05 - Trying length 2, fixed @1, character count 7
0:00:00:05 - Switching to length 8
0:00:00:05 - Expanding tables for length 8 to character count 3
0:00:00:05 - Trying length 8, fixed @5, character count 3
0:00:00:05 - Switching to length 3
0:00:00:05 - Expanding tables for length 3 to character count 8
0:00:00:05 - Trying length 3, fixed @1, character count 8
0:00:00:05 - Switching to length 2
0:00:00:05 - Expanding tables for length 2 to character count 8
0:00:00:05 - Trying length 2, fixed @1, character count 8
0:00:00:05 - Switching to length 9
0:00:00:05 - Expanding tables for length 9 to character count 2
0:00:00:05 - Trying length 9, fixed @7, character count 2
0:00:00:05 - Switching to length 7
0:00:00:05 - Expanding tables for length 7 to character count 5
0:00:00:05 - Trying length 7, fixed @7, character count 5
0:00:00:05 - Switching to length 4
0:00:00:05 - Expanding tables for length 4 to character count 7
0:00:00:05 - Trying length 4, fixed @4, character count 7
0:00:00:05 - Expanding tables for length 4 to character count 8
0:00:00:05 - Trying length 4, fixed @1, character count 8
0:00:00:05 - Switching to length 1
0:00:00:05 - Expanding tables for length 1 to character count 7
0:00:00:05 - Trying length 1, fixed @1, character count 7
0:00:00:05 - Expanding tables for length 1 to character count 8
0:00:00:05 - Trying length 1, fixed @1, character count 8
0:00:00:05 - Expanding tables for length 1 to character count 9
0:00:00:05 - Trying length 1, fixed @1, character count 9
0:00:00:05 - Switching to length 4
0:00:00:05 - Expanding tables for length 4 to character count 8
0:00:00:05 - Trying length 4, fixed @3, character count 8
0:00:00:05 - Switching to length 8
0:00:00:05 - Expanding tables for length 8 to character count 3
0:00:00:05 - Trying length 8, fixed @8, character count 3
0:00:00:05 - Switching to length 6
0:00:00:05 - Expanding tables for length 6 to character count 8
0:00:00:05 - Trying length 6, fixed @4, character count 8
0:00:00:05 - Expanding tables for length 6 to character count 9
0:00:00:05 - Trying length 6, fixed @5, character count 9
0:00:00:05 - Switching to length 5
0:00:00:05 - Expanding tables for length 5 to character count 10
0:00:00:05 - Trying length 5, fixed @2, character count 9
0:00:00:05 - Switching to length 9
0:00:00:05 - Expanding tables for length 9 to character count 2
0:00:00:05 - Trying length 9, fixed @6, character count 2
0:00:00:05 - Switching to length 7
0:00:00:06 - Expanding tables for length 7 to character count 5
0:00:00:06 - Trying length 7, fixed @4, character count 5
0:00:00:06 - Switching to length 5
0:00:00:06 - Expanding tables for length 5 to character count 10
0:00:00:06 - Trying length 5, fixed @5, character count 9
0:00:00:06 - Switching to length 9
0:00:00:06 - Expanding tables for length 9 to character count 2
0:00:00:06 - Trying length 9, fixed @1, character count 2
0:00:00:06 - Switching to length 8
0:00:00:06 - Expanding tables for length 8 to character count 3
0:00:00:06 - Trying length 8, fixed @4, character count 3
0:00:00:06 - Switching to length 3
0:00:00:06 - Expanding tables for length 3 to character count 8
0:00:00:06 - Trying length 3, fixed @3, character count 8
0:00:00:06 - Switching to length 5
0:00:00:06 - Expanding tables for length 5 to character count 10
0:00:00:06 - Trying length 5, fixed @4, character count 9
0:00:00:06 - Switching to length 8
0:00:00:06 - Expanding tables for length 8 to character count 3
0:00:00:06 - Trying length 8, fixed @1, character count 3
0:00:00:06 - Switching to length 6
0:00:00:06 - Expanding tables for length 6 to character count 9
0:00:00:06 - Trying length 6, fixed @6, character count 9
0:00:00:06 - Switching to length 2
0:00:00:06 - Expanding tables for length 2 to character count 8
0:00:00:06 - Trying length 2, fixed @2, character count 6
0:00:00:06 - Switching to length 5
0:00:00:06 - Expanding tables for length 5 to character count 10
0:00:00:06 - Trying length 5, fixed @3, character count 10
0:00:00:06 - Switching to length 4
0:00:00:06 - Expanding tables for length 4 to character count 8
0:00:00:06 - Trying length 4, fixed @2, character count 7
0:00:00:06 - Switching to length 5
0:00:00:06 - Expanding tables for length 5 to character count 11
0:00:00:06 - Trying length 5, fixed @1, character count 11
0:00:00:06 - Switching to length 1
0:00:00:06 - Expanding tables for length 1 to character count 10
0:00:00:06 - Trying length 1, fixed @1, character count 10
0:00:00:06 - Expanding tables for length 1 to character count 11
0:00:00:06 - Trying length 1, fixed @1, character count 11
0:00:00:06 - Switching to length 3
0:00:00:06 - Expanding tables for length 3 to character count 9
0:00:00:06 - Trying length 3, fixed @3, character count 9
0:00:00:06 - Switching to length 6
0:00:00:06 - Expanding tables for length 6 to character count 9
0:00:00:06 - Trying length 6, fixed @3, character count 9
0:00:00:06 - Switching to length 2
0:00:00:06 - Expanding tables for length 2 to character count 8
0:00:00:06 - Trying length 2, fixed @2, character count 7
0:00:00:06 - Expanding tables for length 2 to character count 9
0:00:00:06 - Trying length 2, fixed @1, character count 9
0:00:00:06 - Switching to length 3
0:00:00:06 - Expanding tables for length 3 to character count 9
0:00:00:06 - Trying length 3, fixed @1, character count 9
0:00:00:06 - Switching to length 2
0:00:00:06 - Expanding tables for length 2 to character count 10
0:00:00:06 - Trying length 2, fixed @1, character count 10
0:00:00:06 - Switching to length 4
0:00:00:06 - Expanding tables for length 4 to character count 8
0:00:00:06 - Trying length 4, fixed @4, character count 8
0:00:00:06 - Switching to length 6
0:00:00:06 - Expanding tables for length 6 to character count 9
0:00:00:06 - Trying length 6, fixed @2, character count 8
0:00:00:06 - Switching to length 3
0:00:00:06 - Expanding tables for length 3 to character count 10
0:00:00:06 - Trying length 3, fixed @3, character count 10
0:00:00:06 - Switching to length 4
0:00:00:06 - Expanding tables for length 4 to character count 9
0:00:00:06 - Trying length 4, fixed @3, character count 9
0:00:00:06 - Switching to length 7
0:00:00:06 - Expanding tables for length 7 to character count 6
0:00:00:06 - Trying length 7, fixed @6, character count 6
0:00:00:06 - Switching to length 6
0:00:00:06 - Expanding tables for length 6 to character count 9
0:00:00:06 - Trying length 6, fixed @1, character count 9
0:00:00:06 - Switching to length 2
0:00:00:06 - Expanding tables for length 2 to character count 11
0:00:00:06 - Trying length 2, fixed @1, character count 11
0:00:00:06 - Switching to length 5
0:00:00:06 - Expanding tables for length 5 to character count 11
0:00:00:06 - Trying length 5, fixed @5, character count 10
0:00:00:06 - Switching to length 2
0:00:00:06 - Expanding tables for length 2 to character count 12
0:00:00:06 - Trying length 2, fixed @1, character count 12
0:00:00:06 - Switching to length 5
0:00:00:06 - Expanding tables for length 5 to character count 11
0:00:00:06 - Trying length 5, fixed @4, character count 10
0:00:00:06 - Expanding tables for length 5 to character count 12
0:00:00:06 - Trying length 5, fixed @1, character count 12
0:00:00:06 - Switching to length 9
0:00:00:06 - Expanding tables for length 9 to character count 2
0:00:00:06 - Trying length 9, fixed @9, character count 2
0:00:00:06 - Switching to length 4
0:00:00:06 - Expanding tables for length 4 to character count 9
0:00:00:06 - Trying length 4, fixed @2, character count 8
0:00:00:06 - Switching to length 2
0:00:00:06 - Expanding tables for length 2 to character count 13
0:00:00:06 - Trying length 2, fixed @1, character count 13
0:00:00:06 - Switching to length 1
0:00:00:06 - Expanding tables for length 1 to character count 12
0:00:00:06 - Trying length 1, fixed @1, character count 12
0:00:00:06 - Expanding tables for length 1 to character count 13
0:00:00:06 - Trying length 1, fixed @1, character count 13
0:00:00:06 - Expanding tables for length 1 to character count 14
0:00:00:06 - Trying length 1, fixed @1, character count 14
0:00:00:06 - Expanding tables for length 1 to character count 15
0:00:00:06 - Trying length 1, fixed @1, character count 15
0:00:00:06 - Expanding tables for length 1 to character count 16
0:00:00:06 - Trying length 1, fixed @1, character count 16
0:00:00:06 - Expanding tables for length 1 to character count 17
0:00:00:06 - Trying length 1, fixed @1, character count 17
0:00:00:06 - Switching to length 3
0:00:00:06 - Expanding tables for length 3 to character count 10
0:00:00:06 - Trying length 3, fixed @2, character count 6
0:00:00:06 - Switching to length 6
0:00:00:06 - Expanding tables for length 6 to character count 10
0:00:00:06 - Trying length 6, fixed @5, character count 10
0:00:00:06 - Switching to length 5
0:00:00:06 - Expanding tables for length 5 to character count 12
0:00:00:06 - Trying length 5, fixed @3, character count 11
0:00:00:06 - Switching to length 4
0:00:00:06 - Expanding tables for length 4 to character count 9
0:00:00:06 - Trying length 4, fixed @1, character count 9
0:00:00:06 - Switching to length 7
0:00:00:06 - Expanding tables for length 7 to character count 6
0:00:00:06 - Trying length 7, fixed @5, character count 6
0:00:00:06 - Switching to length 3
0:00:00:06 - Expanding tables for length 3 to character count 10
0:00:00:06 - Trying length 3, fixed @1, character count 10
0:00:00:06 - Switching to length 6
0:00:00:06 - Expanding tables for length 6 to character count 10
0:00:00:07 - Trying length 6, fixed @4, character count 9
0:00:00:07 - Switching to length 9
0:00:00:07 - Expanding tables for length 9 to character count 2
0:00:00:07 - Trying length 9, fixed @4, character count 2
0:00:00:07 - Switching to length 10
0:00:00:07 - Expanding tables for length 10 to character count 2
0:00:00:07 - Trying length 10, fixed @2, character count 2
0:00:00:07 - Switching to length 4
0:00:00:07 - Expanding tables for length 4 to character count 9
0:00:00:07 - Trying length 4, fixed @4, character count 9
0:00:00:07 - Expanding tables for length 4 to character count 10
0:00:00:07 - Trying length 4, fixed @3, character count 10
0:00:00:07 - Switching to length 5
0:00:00:07 - Expanding tables for length 5 to character count 12
0:00:00:07 - Trying length 5, fixed @4, character count 11
0:00:00:07 - Switching to length 6
0:00:00:07 - Expanding tables for length 6 to character count 10
0:00:00:07 - Trying length 6, fixed @6, character count 10
0:00:00:07 - Switching to length 7
0:00:00:07 - Expanding tables for length 7 to character count 6
0:00:00:07 - Trying length 7, fixed @2, character count 6
0:00:00:07 - Trying length 7, fixed @7, character count 6
0:00:00:07 - Switching to length 3
0:00:00:07 - Expanding tables for length 3 to character count 10
0:00:00:07 - Trying length 3, fixed @2, character count 7
0:00:00:07 - Switching to length 7
0:00:00:07 - Expanding tables for length 7 to character count 6
0:00:00:07 - Trying length 7, fixed @3, character count 6
0:00:00:07 - Switching to length 2
0:00:00:07 - Expanding tables for length 2 to character count 13
0:00:00:07 - Trying length 2, fixed @2, character count 8
0:00:00:07 - Switching to length 3
0:00:00:07 - Expanding tables for length 3 to character count 11
0:00:00:07 - Trying length 3, fixed @1, character count 11
0:00:00:07 - Switching to length 8
0:00:00:07 - Expanding tables for length 8 to character count 4
0:00:00:07 - Trying length 8, fixed @2, character count 4
0:00:00:07 - Switching to length 4
0:00:00:07 - Expanding tables for length 4 to character count 11
0:00:00:07 - Trying length 4, fixed @3, character count 11
0:00:00:07 - Switching to length 3
0:00:00:07 - Expanding tables for length 3 to character count 11
0:00:00:07 - Trying length 3, fixed @3, character count 11
0:00:00:07 - Switching to length 6
0:00:00:07 - Expanding tables for length 6 to character count 10
0:00:00:07 - Trying length 6, fixed @2, character count 9
0:00:00:07 - Trying length 6, fixed @1, character count 10
0:00:00:07 - Switching to length 5
0:00:00:07 - Expanding tables for length 5 to character count 12
0:00:00:07 - Trying length 5, fixed @5, character count 11
0:00:00:07 - Trying length 5, fixed @4, character count 12
0:00:00:07 - Switching to length 7
0:00:00:07 - Expanding tables for length 7 to character count 6
0:00:00:07 - Trying length 7, fixed @4, character count 6
0:00:00:07 - Switching to length 10
0:00:00:07 - Expanding tables for length 10 to character count 2
0:00:00:07 - Trying length 10, fixed @9, character count 2
0:00:00:07 - Switching to length 1
0:00:00:07 - Expanding tables for length 1 to character count 18
0:00:00:07 - Trying length 1, fixed @1, character count 18
0:00:00:07 - Expanding tables for length 1 to character count 19
0:00:00:07 - Trying length 1, fixed @1, character count 19
0:00:00:07 - Expanding tables for length 1 to character count 20
0:00:00:07 - Trying length 1, fixed @1, character count 20
0:00:00:07 - Expanding tables for length 1 to character count 21
0:00:00:07 - Trying length 1, fixed @1, character count 21
0:00:00:07 - Expanding tables for length 1 to character count 22
0:00:00:07 - Trying length 1, fixed @1, character count 22
0:00:00:07 - Expanding tables for length 1 to character count 23
0:00:00:07 - Trying length 1, fixed @1, character count 23
0:00:00:07 - Expanding tables for length 1 to character count 24
0:00:00:07 - Trying length 1, fixed @1, character count 24
0:00:00:07 - Expanding tables for length 1 to character count 25
0:00:00:07 - Trying length 1, fixed @1, character count 25
0:00:00:07 - Expanding tables for length 1 to character count 26
0:00:00:07 - Trying length 1, fixed @1, character count 26
0:00:00:07 - Expanding tables for length 1 to character count 27
0:00:00:07 - Trying length 1, fixed @1, character count 27
0:00:00:07 - Expanding tables for length 1 to character count 28
0:00:00:07 - Trying length 1, fixed @1, character count 28
0:00:00:07 - Expanding tables for length 1 to character count 29
0:00:00:07 - Trying length 1, fixed @1, character count 29
0:00:00:07 - Switching to length 6
0:00:00:07 - Expanding tables for length 6 to character count 10
0:00:00:07 - Trying length 6, fixed @3, character count 10
0:00:00:07 - Switching to length 5
0:00:00:07 - Expanding tables for length 5 to character count 12
0:00:00:07 - Trying length 5, fixed @3, character count 12
0:00:00:07 - Switching to length 3
0:00:00:07 - Expanding tables for length 3 to character count 12
0:00:00:07 - Trying length 3, fixed @3, character count 12
0:00:00:07 - Switching to length 5
0:00:00:07 - Expanding tables for length 5 to character count 13
0:00:00:07 - Trying length 5, fixed @1, character count 13
0:00:00:07 - Switching to length 7
0:00:00:07 - Expanding tables for length 7 to character count 6
0:00:00:07 - Trying length 7, fixed @1, character count 6
0:00:00:07 - Switching to length 4
0:00:00:07 - Expanding tables for length 4 to character count 11
0:00:00:07 - Trying length 4, fixed @2, character count 9
0:00:00:07 - Switching to length 2
0:00:00:07 - Expanding tables for length 2 to character count 13
0:00:00:07 - Trying length 2, fixed @2, character count 9
0:00:00:07 - Switching to length 8
0:00:00:07 - Expanding tables for length 8 to character count 4
0:00:00:07 - Trying length 8, fixed @5, character count 4
0:00:00:07 - Switching to length 4
0:00:00:07 - Expanding tables for length 4 to character count 11
0:00:00:07 - Trying length 4, fixed @1, character count 10
0:00:00:08 - Switching to length 2
0:00:00:08 - Expanding tables for length 2 to character count 13
0:00:00:08 - Trying length 2, fixed @2, character count 10
0:00:00:08 - Switching to length 8
0:00:00:08 - Expanding tables for length 8 to character count 4
0:00:00:08 - Trying length 8, fixed @6, character count 4
0:00:00:08 - Switching to length 4
0:00:00:08 - Expanding tables for length 4 to character count 11
0:00:00:08 - Trying length 4, fixed @4, character count 10
0:00:00:08 - Switching to length 6
0:00:00:08 - Expanding tables for length 6 to character count 10
0:00:00:08 - Trying length 6, fixed @4, character count 10
0:00:00:08 - Switching to length 10
0:00:00:08 - Expanding tables for length 10 to character count 2
0:00:00:08 - Trying length 10, fixed @6, character count 2
0:00:00:08 - Switching to length 5
0:00:00:08 - Expanding tables for length 5 to character count 14
0:00:00:08 - Trying length 5, fixed @1, character count 14
0:00:00:08 - Switching to length 2
0:00:00:08 - Expanding tables for length 2 to character count 13
0:00:00:08 - Trying length 2, fixed @2, character count 11
0:00:00:08 - Switching to length 3
0:00:00:08 - Expanding tables for length 3 to character count 12
0:00:00:08 - Trying length 3, fixed @2, character count 8
0:00:00:08 - Switching to length 6
0:00:00:08 - Expanding tables for length 6 to character count 11
0:00:00:08 - Trying length 6, fixed @5, character count 11
0:00:00:08 - Switching to length 10
0:00:00:08 - Expanding tables for length 10 to character count 2
0:00:00:08 - Trying length 10, fixed @7, character count 2
0:00:00:08 - Switching to length 4
0:00:00:08 - Expanding tables for length 4 to character count 12
0:00:00:08 - Trying length 4, fixed @3, character count 12
0:00:00:08 - Switching to length 8
0:00:00:08 - Expanding tables for length 8 to character count 4
0:00:00:08 - Trying length 8, fixed @7, character count 4
0:00:00:08 - Switching to length 3
0:00:00:08 - Expanding tables for length 3 to character count 12
0:00:00:08 - Trying length 3, fixed @1, character count 12
0:00:00:08 - Expanding tables for length 3 to character count 13
0:00:00:08 - Trying length 3, fixed @3, character count 13
0:00:00:08 - Switching to length 2
0:00:00:08 - Expanding tables for length 2 to character count 13
0:00:00:08 - Trying length 2, fixed @2, character count 12
0:00:00:08 - Switching to length 10
0:00:00:08 - Expanding tables for length 10 to character count 2
0:00:00:08 - Trying length 10, fixed @3, character count 2
0:00:00:08 - Switching to length 5
0:00:00:08 - Expanding tables for length 5 to character count 14
0:00:00:08 - Trying length 5, fixed @2, character count 10
0:00:00:08 - Switching to length 6
0:00:00:08 - Expanding tables for length 6 to character count 11
0:00:00:08 - Trying length 6, fixed @6, character count 11
0:00:00:08 - Switching to length 8
0:00:00:08 - Expanding tables for length 8 to character count 4
0:00:00:08 - Trying length 8, fixed @8, character count 4
0:00:00:08 - Trying length 8, fixed @1, character count 4
0:00:00:08 - Switching to length 2
0:00:00:08 - Expanding tables for length 2 to character count 13
0:00:00:08 - Trying length 2, fixed @2, character count 13
0:00:00:08 - Switching to length 3
0:00:00:08 - Expanding tables for length 3 to character count 13
0:00:00:08 - Trying length 3, fixed @1, character count 13
0:00:00:08 - Switching to length 7
0:00:00:08 - Expanding tables for length 7 to character count 7
0:00:00:08 - Trying length 7, fixed @6, character count 7
0:00:00:08 - Switching to length 5
0:00:00:08 - Expanding tables for length 5 to character count 14
0:00:00:08 - Trying length 5, fixed @4, character count 13
0:00:00:08 - Switching to length 2
0:00:00:08 - Expanding tables for length 2 to character count 14
0:00:00:08 - Trying length 2, fixed @1, character count 14
0:00:00:08 - Switching to length 3
0:00:00:08 - Expanding tables for length 3 to character count 14
0:00:00:08 - Trying length 3, fixed @3, character count 14
0:00:00:08 - Switching to length 8
0:00:00:08 - Expanding tables for length 8 to character count 5
0:00:00:08 - Trying length 8, fixed @7, character count 5
0:00:00:08 - Trying length 8, fixed @1, character count 5
0:00:00:08 - Switching to length 4
0:00:00:08 - Expanding tables for length 4 to character count 12
0:00:00:08 - Trying length 4, fixed @2, character count 10
0:00:00:08 - Switching to length 5
0:00:00:08 - Expanding tables for length 5 to character count 14
0:00:00:08 - Trying length 5, fixed @3, character count 13
0:00:00:08 - Switching to length 2
0:00:00:08 - Expanding tables for length 2 to character count 15
0:00:00:08 - Trying length 2, fixed @1, character count 15
0:00:00:08 - Switching to length 6
0:00:00:08 - Expanding tables for length 6 to character count 11
0:00:00:09 - Trying length 6, fixed @2, character count 10
0:00:00:09 - Switching to length 4
0:00:00:09 - Expanding tables for length 4 to character count 12
0:00:00:09 - Trying length 4, fixed @1, character count 11
0:00:00:09 - Switching to length 6
0:00:00:09 - Expanding tables for length 6 to character count 11
0:00:00:09 - Trying length 6, fixed @3, character count 11
0:00:00:09 - Switching to length 4
0:00:00:09 - Expanding tables for length 4 to character count 12
0:00:00:09 - Trying length 4, fixed @4, character count 11
0:00:00:09 - Switching to length 3
0:00:00:09 - Expanding tables for length 3 to character count 14
0:00:00:09 - Trying length 3, fixed @2, character count 9
0:00:00:09 - Switching to length 7
0:00:00:09 - Expanding tables for length 7 to character count 7
0:00:00:09 - Trying length 7, fixed @3, character count 7
0:00:00:09 - Switching to length 8
0:00:00:09 - Expanding tables for length 8 to character count 5
0:00:00:09 - Trying length 8, fixed @4, character count 4
0:00:00:09 - Switching to length 5
0:00:00:09 - Expanding tables for length 5 to character count 14
0:00:00:09 - Trying length 5, fixed @4, character count 14
0:00:00:09 - Switching to length 4
0:00:00:09 - Expanding tables for length 4 to character count 13
0:00:00:09 - Trying length 4, fixed @3, character count 13
0:00:00:09 - Switching to length 6
0:00:00:09 - Expanding tables for length 6 to character count 11
0:00:00:09 - Trying length 6, fixed @1, character count 11
0:00:00:09 - Switching to length 2
0:00:00:09 - Expanding tables for length 2 to character count 15
0:00:00:09 - Trying length 2, fixed @2, character count 14
0:00:00:09 - Switching to length 8
0:00:00:09 - Expanding tables for length 8 to character count 5
0:00:00:09 - Trying length 8, fixed @3, character count 4
0:00:00:09 - Switching to length 3
0:00:00:09 - Expanding tables for length 3 to character count 15
0:00:00:09 - Trying length 3, fixed @3, character count 15
0:00:00:09 - Switching to length 8
0:00:00:09 - Expanding tables for length 8 to character count 5
0:00:00:09 - Trying length 8, fixed @8, character count 5
0:00:00:09 - Switching to length 7
0:00:00:09 - Expanding tables for length 7 to character count 7
0:00:00:09 - Trying length 7, fixed @7, character count 7
0:00:00:09 - Switching to length 6
0:00:00:09 - Expanding tables for length 6 to character count 11
0:00:00:09 - Trying length 6, fixed @4, character count 11
0:00:00:09 - Switching to length 9
0:00:00:09 - Expanding tables for length 9 to character count 3
0:00:00:09 - Trying length 9, fixed @2, character count 3
0:00:00:09 - Switching to length 8
0:00:00:09 - Expanding tables for length 8 to character count 5
0:00:00:09 - Trying length 8, fixed @6, character count 5
0:00:00:09 - Switching to length 2
0:00:00:09 - Expanding tables for length 2 to character count 15
0:00:00:09 - Trying length 2, fixed @2, character count 15
0:00:00:09 - Expanding tables for length 2 to character count 16
0:00:00:09 - Trying length 2, fixed @1, character count 16
0:00:00:09 - Switching to length 7
0:00:00:09 - Expanding tables for length 7 to character count 7
0:00:00:09 - Trying length 7, fixed @1, character count 7
0:00:00:09 - Switching to length 4
0:00:00:09 - Expanding tables for length 4 to character count 13
0:00:00:09 - Trying length 4, fixed @2, character count 11
0:00:00:09 - Switching to length 10
0:00:00:09 - Expanding tables for length 10 to character count 2
0:00:00:09 - Trying length 10, fixed @1, character count 2
0:00:00:09 - Switching to length 2
0:00:00:09 - Expanding tables for length 2 to character count 17
0:00:00:09 - Trying length 2, fixed @1, character count 17
0:00:00:09 - Switching to length 4
0:00:00:09 - Expanding tables for length 4 to character count 13
0:00:00:09 - Trying length 4, fixed @1, character count 12
0:00:00:09 - Switching to length 8
0:00:00:10 - Expanding tables for length 8 to character count 5
0:00:00:10 - Trying length 8, fixed @3, character count 5
0:00:00:10 - Switching to length 6
0:00:00:10 - Expanding tables for length 6 to character count 12
0:00:00:10 - Trying length 6, fixed @6, character count 12
0:00:00:10 - Switching to length 4
0:00:00:10 - Expanding tables for length 4 to character count 13
0:00:00:10 - Trying length 4, fixed @4, character count 12
0:00:00:10 - Switching to length 9
0:00:00:10 - Expanding tables for length 9 to character count 3
0:00:00:10 - Trying length 9, fixed @8, character count 3
0:00:00:10 - Switching to length 1
0:00:00:10 - Expanding tables for length 1 to character count 30
0:00:00:10 - Trying length 1, fixed @1, character count 30
0:00:00:10 - Expanding tables for length 1 to character count 31
0:00:00:10 - Trying length 1, fixed @1, character count 31
0:00:00:10 - Expanding tables for length 1 to character count 32
0:00:00:10 - Trying length 1, fixed @1, character count 32
0:00:00:10 - Expanding tables for length 1 to character count 33
0:00:00:10 - Trying length 1, fixed @1, character count 33
0:00:00:10 - Expanding tables for length 1 to character count 34
0:00:00:10 - Trying length 1, fixed @1, character count 34
0:00:00:10 - Expanding tables for length 1 to character count 35
0:00:00:10 - Trying length 1, fixed @1, character count 35
0:00:00:10 - Expanding tables for length 1 to character count 36
0:00:00:10 - Trying length 1, fixed @1, character count 36
0:00:00:10 - Expanding tables for length 1 to character count 37
0:00:00:10 - Trying length 1, fixed @1, character count 37
0:00:00:10 - Expanding tables for length 1 to character count 38
0:00:00:10 - Trying length 1, fixed @1, character count 38
0:00:00:10 - Expanding tables for length 1 to character count 39
0:00:00:10 - Trying length 1, fixed @1, character count 39
0:00:00:10 - Expanding tables for length 1 to character count 40
0:00:00:10 - Trying length 1, fixed @1, character count 40
0:00:00:10 - Expanding tables for length 1 to character count 41
0:00:00:10 - Trying length 1, fixed @1, character count 41
0:00:00:10 - Expanding tables for length 1 to character count 42
0:00:00:10 - Trying length 1, fixed @1, character count 42
0:00:00:10 - Expanding tables for length 1 to character count 43
0:00:00:10 - Trying length 1, fixed @1, character count 43
0:00:00:10 - Expanding tables for length 1 to character count 44
0:00:00:10 - Trying length 1, fixed @1, character count 44
0:00:00:10 - Expanding tables for length 1 to character count 45
0:00:00:10 - Trying length 1, fixed @1, character count 45
0:00:00:10 - Switching to length 5
0:00:00:10 - Expanding tables for length 5 to character count 14
0:00:00:10 - Trying length 5, fixed @2, character count 11
0:00:00:10 - Switching to length 3
0:00:00:10 - Expanding tables for length 3 to character count 15
0:00:00:10 - Trying length 3, fixed @2, character count 10
0:00:00:10 - Trying length 3, fixed @1, character count 14
0:00:00:10 - Switching to length 5
0:00:00:10 - Expanding tables for length 5 to character count 14
0:00:00:10 - Trying length 5, fixed @5, character count 12
0:00:00:10 - Switching to length 2
0:00:00:10 - Expanding tables for length 2 to character count 18
0:00:00:10 - Trying length 2, fixed @1, character count 18
0:00:00:10 - Switching to length 9
0:00:00:10 - Expanding tables for length 9 to character count 3
0:00:00:10 - Trying length 9, fixed @3, character count 3
0:00:00:10 - Switching to length 6
0:00:00:10 - Expanding tables for length 6 to character count 12
0:00:00:10 - Trying length 6, fixed @3, character count 12
0:00:00:10 - Switching to length 5
0:00:00:10 - Expanding tables for length 5 to character count 14
0:00:00:10 - Trying length 5, fixed @3, character count 14
0:00:00:10 - Switching to length 7
0:00:00:10 - Expanding tables for length 7 to character count 7
0:00:00:10 - Trying length 7, fixed @2, character count 7
0:00:00:10 - Trying length 7, fixed @4, character count 7
0:00:00:10 - Switching to length 1
0:00:00:10 - Expanding tables for length 1 to character count 46
0:00:00:10 - Trying length 1, fixed @1, character count 46
0:00:00:10 - Expanding tables for length 1 to character count 47
0:00:00:10 - Trying length 1, fixed @1, character count 47
0:00:00:10 - Expanding tables for length 1 to character count 48
0:00:00:10 - Trying length 1, fixed @1, character count 48
0:00:00:10 - Expanding tables for length 1 to character count 49
0:00:00:10 - Trying length 1, fixed @1, character count 49
0:00:00:10 - Expanding tables for length 1 to character count 50
0:00:00:10 - Trying length 1, fixed @1, character count 50
0:00:00:10 - Expanding tables for length 1 to character count 51
0:00:00:10 - Trying length 1, fixed @1, character count 51
0:00:00:10 - Expanding tables for length 1 to character count 52
0:00:00:10 - Trying length 1, fixed @1, character count 52
0:00:00:10 - Expanding tables for length 1 to character count 53
0:00:00:10 - Trying length 1, fixed @1, character count 53
0:00:00:10 - Expanding tables for length 1 to character count 54
0:00:00:10 - Trying length 1, fixed @1, character count 54
0:00:00:10 - Expanding tables for length 1 to character count 55
0:00:00:10 - Trying length 1, fixed @1, character count 55
0:00:00:10 - Expanding tables for length 1 to character count 56
0:00:00:10 - Trying length 1, fixed @1, character count 56
0:00:00:10 - Expanding tables for length 1 to character count 57
0:00:00:10 - Trying length 1, fixed @1, character count 57
0:00:00:10 - Expanding tables for length 1 to character count 58
0:00:00:10 - Trying length 1, fixed @1, character count 58
0:00:00:10 - Expanding tables for length 1 to character count 59
0:00:00:10 - Trying length 1, fixed @1, character count 59
0:00:00:10 - Expanding tables for length 1 to character count 60
0:00:00:10 - Trying length 1, fixed @1, character count 60
0:00:00:10 - Expanding tables for length 1 to character count 61
0:00:00:10 - Trying length 1, fixed @1, character count 61
0:00:00:10 - Expanding tables for length 1 to character count 62
0:00:00:10 - Trying length 1, fixed @1, character count 62
0:00:00:10 - Expanding tables for length 1 to character count 63
0:00:00:10 - Trying length 1, fixed @1, character count 63
0:00:00:10 - Expanding tables for length 1 to character count 64
0:00:00:10 - Trying length 1, fixed @1, character count 64
0:00:00:10 - Expanding tables for length 1 to character count 65
0:00:00:10 - Trying length 1, fixed @1, character count 65
0:00:00:10 - Expanding tables for length 1 to character count 66
0:00:00:10 - Trying length 1, fixed @1, character count 66
0:00:00:10 - Expanding tables for length 1 to character count 67
0:00:00:10 - Trying length 1, fixed @1, character count 67
0:00:00:10 - Expanding tables for length 1 to character count 68
0:00:00:10 - Trying length 1, fixed @1, character count 68
0:00:00:10 - Expanding tables for length 1 to character count 69
0:00:00:10 - Trying length 1, fixed @1, character count 69
0:00:00:10 - Expanding tables for length 1 to character count 70
0:00:00:10 - Trying length 1, fixed @1, character count 70
0:00:00:10 - Expanding tables for length 1 to character count 71
0:00:00:10 - Trying length 1, fixed @1, character count 71
0:00:00:10 - Expanding tables for length 1 to character count 72
0:00:00:10 - Trying length 1, fixed @1, character count 72
0:00:00:10 - Expanding tables for length 1 to character count 73
0:00:00:10 - Trying length 1, fixed @1, character count 73
0:00:00:10 - Expanding tables for length 1 to character count 74
0:00:00:10 - Trying length 1, fixed @1, character count 74
0:00:00:10 - Expanding tables for length 1 to character count 75
0:00:00:10 - Trying length 1, fixed @1, character count 75
0:00:00:10 - Expanding tables for length 1 to character count 76
0:00:00:10 - Trying length 1, fixed @1, character count 76
0:00:00:10 - Expanding tables for length 1 to character count 77
0:00:00:10 - Trying length 1, fixed @1, character count 77
0:00:00:10 - Expanding tables for length 1 to character count 78
0:00:00:10 - Trying length 1, fixed @1, character count 78
0:00:00:10 - Expanding tables for length 1 to character count 79
0:00:00:10 - Trying length 1, fixed @1, character count 79
0:00:00:10 - Expanding tables for length 1 to character count 80
0:00:00:10 - Trying length 1, fixed @1, character count 80
0:00:00:10 - Expanding tables for length 1 to character count 81
0:00:00:10 - Trying length 1, fixed @1, character count 81
0:00:00:10 - Expanding tables for length 1 to character count 82
0:00:00:10 - Trying length 1, fixed @1, character count 82
0:00:00:10 - Expanding tables for length 1 to character count 83
0:00:00:10 - Trying length 1, fixed @1, character count 83
0:00:00:10 - Expanding tables for length 1 to character count 84
0:00:00:10 - Trying length 1, fixed @1, character count 84
0:00:00:10 - Expanding tables for length 1 to character count 85
0:00:00:10 - Trying length 1, fixed @1, character count 85
0:00:00:10 - Expanding tables for length 1 to character count 86
0:00:00:10 - Trying length 1, fixed @1, character count 86
0:00:00:10 - Expanding tables for length 1 to character count 87
0:00:00:10 - Trying length 1, fixed @1, character count 87
0:00:00:10 - Expanding tables for length 1 to character count 88
0:00:00:10 - Trying length 1, fixed @1, character count 88
0:00:00:10 - Expanding tables for length 1 to character count 89
0:00:00:10 - Trying length 1, fixed @1, character count 89
0:00:00:10 - Expanding tables for length 1 to character count 90
0:00:00:10 - Trying length 1, fixed @1, character count 90
0:00:00:10 - Expanding tables for length 1 to character count 91
0:00:00:10 - Trying length 1, fixed @1, character count 91
0:00:00:10 - Expanding tables for length 1 to character count 92
0:00:00:10 - Trying length 1, fixed @1, character count 92
0:00:00:10 - Expanding tables for length 1 to character count 93
0:00:00:10 - Trying length 1, fixed @1, character count 93
0:00:00:10 - Expanding tables for length 1 to character count 94
0:00:00:10 - Trying length 1, fixed @1, character count 94
0:00:00:10 - Expanding tables for length 1 to character count 95
0:00:00:10 - Trying length 1, fixed @1, character count 95
0:00:00:10 - Switching to length 2
0:00:00:10 - Expanding tables for length 2 to character count 18
0:00:00:10 - Trying length 2, fixed @2, character count 16
0:00:00:10 - Switching to length 5
0:00:00:10 - Expanding tables for length 5 to character count 15
0:00:00:10 - Trying length 5, fixed @1, character count 15
0:00:00:10 - Switching to length 4
0:00:00:10 - Expanding tables for length 4 to character count 13
0:00:00:10 - Trying length 4, fixed @1, character count 13
0:00:00:10 - Switching to length 10
0:00:00:10 - Expanding tables for length 10 to character count 2
0:00:00:10 - Trying length 10, fixed @10, character count 2
0:00:00:10 - Trying length 10, fixed @8, character count 2
0:00:00:10 - Switching to length 8
0:00:00:10 - Expanding tables for length 8 to character count 5
0:00:00:10 - Trying length 8, fixed @2, character count 5
0:00:00:10 - Switching to length 3
0:00:00:10 - Expanding tables for length 3 to character count 15
0:00:00:10 - Trying length 3, fixed @2, character count 11
0:00:00:10 - Switching to length 6
0:00:00:10 - Expanding tables for length 6 to character count 12
0:00:00:10 - Trying length 6, fixed @2, character count 11
0:00:00:10 - Switching to length 5
0:00:00:10 - Expanding tables for length 5 to character count 15
0:00:00:10 - Trying length 5, fixed @3, character count 15
0:00:00:10 - Switching to length 6
0:00:00:10 - Expanding tables for length 6 to character count 12
0:00:00:10 - Trying length 6, fixed @1, character count 12
0:00:00:10 - Switching to length 7
0:00:00:10 - Expanding tables for length 7 to character count 7
0:00:00:10 - Trying length 7, fixed @5, character count 7
0:00:00:10 - Switching to length 2
0:00:00:10 - Expanding tables for length 2 to character count 18
0:00:00:10 - Trying length 2, fixed @2, character count 17
0:00:00:10 - Trying length 2, fixed @2, character count 18
0:00:00:10 - Expanding tables for length 2 to character count 19
0:00:00:10 - Trying length 2, fixed @1, character count 19
0:00:00:10 - Switching to length 4
0:00:00:11 - Expanding tables for length 4 to character count 13
0:00:00:11 - Trying length 4, fixed @2, character count 12
0:00:00:11 - Trying length 4, fixed @4, character count 13
0:00:00:11 - Switching to length 9
0:00:00:11 - Expanding tables for length 9 to character count 3
0:00:00:11 - Trying length 9, fixed @9, character count 3
0:00:00:11 - Switching to length 5
0:00:00:11 - Expanding tables for length 5 to character count 16
0:00:00:11 - Trying length 5, fixed @1, character count 16
0:00:00:11 - Switching to length 6
0:00:00:11 - Expanding tables for length 6 to character count 12
0:00:00:11 - Trying length 6, fixed @5, character count 12
0:00:00:11 - Switching to length 4
0:00:00:11 - Expanding tables for length 4 to character count 14
0:00:00:11 - Trying length 4, fixed @3, character count 14
0:00:00:11 - Switching to length 8
0:00:00:11 - Expanding tables for length 8 to character count 5
0:00:00:11 - Trying length 8, fixed @5, character count 5
0:00:00:11 - Switching to length 9
0:00:00:11 - Expanding tables for length 9 to character count 3
0:00:00:11 - Trying length 9, fixed @7, character count 3
0:00:00:11 - Switching to length 3
0:00:00:11 - Expanding tables for length 3 to character count 15
0:00:00:11 - Trying length 3, fixed @1, character count 15
0:00:00:11 - Switching to length 8
0:00:00:11 - Expanding tables for length 8 to character count 5
0:00:00:11 - Trying length 8, fixed @4, character count 5
0:00:00:11 - Switching to length 9
0:00:00:11 - Expanding tables for length 9 to character count 3
0:00:00:11 - Trying length 9, fixed @1, character count 3
0:00:00:11 - Switching to length 2
0:00:00:11 - Expanding tables for length 2 to character count 19
0:00:00:11 - Trying length 2, fixed @2, character count 19
0:00:00:11 - Switching to length 6
0:00:00:11 - Expanding tables for length 6 to character count 12
0:00:00:11 - Trying length 6, fixed @4, character count 12
0:00:00:11 - Switching to length 2
0:00:00:11 - Expanding tables for length 2 to character count 20
0:00:00:11 - Trying length 2, fixed @1, character count 20
0:00:00:11 - Switching to length 6
0:00:00:11 - Expanding tables for length 6 to character count 13
0:00:00:11 - Trying length 6, fixed @6, character count 13
0:00:00:11 - Switching to length 4
0:00:00:11 - Expanding tables for length 4 to character count 14
0:00:00:11 - Trying length 4, fixed @1, character count 14
0:00:00:11 - Switching to length 5
0:00:00:11 - Expanding tables for length 5 to character count 16
0:00:00:11 - Trying length 5, fixed @5, character count 13
0:00:00:11 - Switching to length 3
0:00:00:11 - Expanding tables for length 3 to character count 16
0:00:00:11 - Trying length 3, fixed @3, character count 16
0:00:00:11 - Switching to length 5
0:00:00:11 - Expanding tables for length 5 to character count 16
0:00:00:11 - Trying length 5, fixed @3, character count 16
0:00:00:11 - Switching to length 7
0:00:00:11 - Expanding tables for length 7 to character count 8
0:00:00:11 - Trying length 7, fixed @6, character count 8
0:00:00:11 - Switching to length 4
0:00:00:11 - Expanding tables for length 4 to character count 15
0:00:00:11 - Trying length 4, fixed @3, character count 15
0:00:00:11 - Switching to length 2
0:00:00:11 - Expanding tables for length 2 to character count 20
0:00:00:11 - Trying length 2, fixed @2, character count 20
0:00:00:11 - Switching to length 6
0:00:00:11 - Expanding tables for length 6 to character count 13
0:00:00:11 - Trying length 6, fixed @3, character count 13
0:00:00:11 - Switching to length 2
0:00:00:11 - Expanding tables for length 2 to character count 21
0:00:00:11 - Trying length 2, fixed @2, character count 21
0:00:00:11 - Switching to length 9
0:00:00:12 - Expanding tables for length 9 to character count 3
0:00:00:12 - Trying length 9, fixed @4, character count 3
0:00:00:12 - Switching to length 10
0:00:00:12 - Expanding tables for length 10 to character count 2
0:00:00:12 - Trying length 10, fixed @5, character count 2
0:00:00:12 - Switching to length 7
0:00:00:12 - Expanding tables for length 7 to character count 8
0:00:00:12 - Trying length 7, fixed @3, character count 8
0:00:00:12 - Switching to length 11
0:00:00:12 - Expanding tables for length 11 to character count 1
0:00:00:12 - Trying length 11, fixed @1, character count 1
0:00:00:12 - Switching to length 5
0:00:00:12 - Expanding tables for length 5 to character count 16
0:00:00:12 - Trying length 5, fixed @4, character count 15
0:00:00:12 - Expanding tables for length 5 to character count 17
0:00:00:12 - Trying length 5, fixed @1, character count 17
0:00:00:12 - Switching to length 4
0:00:00:12 - Expanding tables for length 4 to character count 15
0:00:00:12 - Trying length 4, fixed @2, character count 13
0:00:00:12 - Switching to length 3
0:00:00:12 - Expanding tables for length 3 to character count 16
0:00:00:12 - Trying length 3, fixed @2, character count 12
0:00:00:12 - Switching to length 4
0:00:00:12 - Expanding tables for length 4 to character count 15
0:00:00:12 - Trying length 4, fixed @4, character count 14
0:00:00:12 - Switching to length 9
0:00:00:12 - Expanding tables for length 9 to character count 3
0:00:00:12 - Trying length 9, fixed @6, character count 3
0:00:00:12 - Switching to length 2
0:00:00:12 - Expanding tables for length 2 to character count 22
0:00:00:12 - Trying length 2, fixed @2, character count 22
0:00:00:12 - Expanding tables for length 2 to character count 23
0:00:00:12 - Trying length 2, fixed @2, character count 23
0:00:00:12 - Switching to length 7
0:00:00:12 - Expanding tables for length 7 to character count 8
0:00:00:12 - Trying length 7, fixed @1, character count 8
0:00:00:12 - Switching to length 10
0:00:00:12 - Expanding tables for length 10 to character count 2
0:00:00:12 - Trying length 10, fixed @4, character count 2
0:00:00:12 - Switching to length 4
0:00:00:12 - Expanding tables for length 4 to character count 15
0:00:00:12 - Trying length 4, fixed @1, character count 15
0:00:00:12 - Switching to length 6
0:00:00:12 - Expanding tables for length 6 to character count 13
0:00:00:12 - Trying length 6, fixed @2, character count 12
0:00:00:12 - Trying length 6, fixed @1, character count 13
0:00:00:12 - Switching to length 3
0:00:00:12 - Expanding tables for length 3 to character count 16
0:00:00:12 - Trying length 3, fixed @1, character count 16
0:00:00:12 - Switching to length 4
0:00:00:12 - Expanding tables for length 4 to character count 15
0:00:00:12 - Trying length 4, fixed @4, character count 15
0:00:00:12 - Switching to length 3
0:00:00:12 - Expanding tables for length 3 to character count 17
0:00:00:12 - Trying length 3, fixed @3, character count 17
0:00:00:12 - Switching to length 7
0:00:00:12 - Expanding tables for length 7 to character count 8
0:00:00:12 - Trying length 7, fixed @7, character count 8
0:00:00:12 - Switching to length 6
0:00:00:12 - Expanding tables for length 6 to character count 13
0:00:00:12 - Trying length 6, fixed @5, character count 13
0:00:00:12 - Expanding tables for length 6 to character count 14
0:00:00:12 - Trying length 6, fixed @6, character count 14
0:00:00:12 - Switching to length 7
0:00:00:13 - Expanding tables for length 7 to character count 8
0:00:00:13 - Trying length 7, fixed @4, character count 8
0:00:00:13 - Switching to length 4
0:00:00:13 - Expanding tables for length 4 to character count 16
0:00:00:13 - Trying length 4, fixed @3, character count 16
0:00:00:13 - Switching to length 5
0:00:00:13 - Expanding tables for length 5 to character count 17
0:00:00:13 - Trying length 5, fixed @2, character count 12
0:00:00:13 - Switching to length 2
0:00:00:13 - Expanding tables for length 2 to character count 24
0:00:00:13 - Trying length 2, fixed @2, character count 24
0:00:00:13 - Expanding tables for length 2 to character count 25
0:00:00:13 - Trying length 2, fixed @2, character count 25
0:00:00:13 - Switching to length 3
0:00:00:13 - Expanding tables for length 3 to character count 17
0:00:00:13 - Trying length 3, fixed @2, character count 13
0:00:00:13 - Trying length 3, fixed @1, character count 17
0:00:00:13 - Switching to length 4
0:00:00:13 - Expanding tables for length 4 to character count 16
0:00:00:13 - Trying length 4, fixed @4, character count 16
0:00:00:13 - Switching to length 9
0:00:00:13 - Expanding tables for length 9 to character count 3
0:00:00:13 - Trying length 9, fixed @5, character count 3
0:00:00:13 - Switching to length 2
0:00:00:13 - Expanding tables for length 2 to character count 26
0:00:00:13 - Trying length 2, fixed @2, character count 26
0:00:00:13 - Switching to length 8
0:00:00:13 - Expanding tables for length 8 to character count 6
0:00:00:13 - Trying length 8, fixed @1, character count 6
0:00:00:13 - Switching to length 2
0:00:00:13 - Expanding tables for length 2 to character count 27
0:00:00:13 - Trying length 2, fixed @2, character count 27
0:00:00:13 - Expanding tables for length 2 to character count 28
0:00:00:13 - Trying length 2, fixed @2, character count 28
0:00:00:13 - Switching to length 6
0:00:00:13 - Expanding tables for length 6 to character count 14
0:00:00:13 - Trying length 6, fixed @4, character count 13
0:00:00:13 - Switching to length 5
0:00:00:13 - Expanding tables for length 5 to character count 17
0:00:00:13 - Trying length 5, fixed @5, character count 14
0:00:00:13 - Switching to length 3
0:00:00:13 - Expanding tables for length 3 to character count 18
0:00:00:13 - Trying length 3, fixed @1, character count 18
0:00:00:13 - Switching to length 5
0:00:00:13 - Expanding tables for length 5 to character count 17
0:00:00:13 - Trying length 5, fixed @4, character count 16
0:00:00:13 - Switching to length 7
0:00:00:13 - Expanding tables for length 7 to character count 8
0:00:00:13 - Trying length 7, fixed @5, character count 8
0:00:00:13 - Switching to length 4
0:00:00:13 - Expanding tables for length 4 to character count 16
0:00:00:13 - Trying length 4, fixed @2, character count 14
0:00:00:13 - Switching to length 6
0:00:00:13 - Expanding tables for length 6 to character count 15
0:00:00:13 - Trying length 6, fixed @6, character count 15
0:00:00:13 - Switching to length 4
0:00:00:13 - Expanding tables for length 4 to character count 17
0:00:00:13 - Trying length 4, fixed @3, character count 17
0:00:00:13 - Switching to length 8
0:00:00:13 - Expanding tables for length 8 to character count 6
0:00:00:13 - Trying length 8, fixed @6, character count 6
0:00:00:13 - Switching to length 5
0:00:00:13 - Expanding tables for length 5 to character count 17
0:00:00:13 - Trying length 5, fixed @3, character count 17
0:00:00:13 - Switching to length 2
0:00:00:13 - Expanding tables for length 2 to character count 29
0:00:00:13 - Trying length 2, fixed @2, character count 29
0:00:00:13 - Switching to length 3
0:00:00:13 - Expanding tables for length 3 to character count 18
0:00:00:13 - Trying length 3, fixed @2, character count 14
0:00:00:13 - Switching to length 2
0:00:00:13 - Expanding tables for length 2 to character count 30
0:00:00:13 - Trying length 2, fixed @2, character count 30
0:00:00:13 - Switching to length 3
0:00:00:13 - Expanding tables for length 3 to character count 18
0:00:00:13 - Trying length 3, fixed @3, character count 18
0:00:00:13 - Switching to length 2
0:00:00:13 - Expanding tables for length 2 to character count 31
0:00:00:13 - Trying length 2, fixed @2, character count 31
0:00:00:13 - Switching to length 8
0:00:00:13 - Expanding tables for length 8 to character count 6
0:00:00:13 - Trying length 8, fixed @7, character count 6
0:00:00:13 - Switching to length 3
0:00:00:13 - Expanding tables for length 3 to character count 19
0:00:00:13 - Trying length 3, fixed @1, character count 19
0:00:00:13 - Switching to length 5
0:00:00:13 - Expanding tables for length 5 to character count 17
0:00:00:13 - Trying length 5, fixed @4, character count 17
0:00:00:13 - Switching to length 6
0:00:00:13 - Expanding tables for length 6 to character count 15
0:00:00:13 - Trying length 6, fixed @3, character count 14
0:00:00:13 - Switching to length 4
0:00:00:13 - Expanding tables for length 4 to character count 17
0:00:00:13 - Trying length 4, fixed @1, character count 16
0:00:00:13 - Switching to length 8
0:00:00:14 - Expanding tables for length 8 to character count 6
0:00:00:14 - Trying length 8, fixed @3, character count 6
0:00:00:14 - Switching to length 7
0:00:00:14 - Expanding tables for length 7 to character count 8
0:00:00:14 - Trying length 7, fixed @2, character count 8
0:00:00:14 - Switching to length 4
0:00:00:14 - Expanding tables for length 4 to character count 17
0:00:00:14 - Trying length 4, fixed @4, character count 17
0:00:00:14 - Switching to length 5
0:00:00:14 - Expanding tables for length 5 to character count 18
0:00:00:14 - Trying length 5, fixed @3, character count 18
0:00:00:14 - Switching to length 3
0:00:00:14 - Expanding tables for length 3 to character count 19
0:00:00:14 - Trying length 3, fixed @3, character count 19
0:00:00:14 - Expanding tables for length 3 to character count 20
0:00:00:14 - Trying length 3, fixed @1, character count 20
0:00:00:14 - Switching to length 4
0:00:00:14 - Expanding tables for length 4 to character count 18
0:00:00:14 - Trying length 4, fixed @3, character count 18
0:00:00:14 - Switching to length 6
0:00:00:14 - Expanding tables for length 6 to character count 15
0:00:00:14 - Trying length 6, fixed @1, character count 14
0:00:00:14 - Switching to length 7
0:00:00:14 - Expanding tables for length 7 to character count 9
0:00:00:14 - Trying length 7, fixed @6, character count 9
0:00:00:14 - Switching to length 6
0:00:00:14 - Expanding tables for length 6 to character count 15
0:00:00:14 - Trying length 6, fixed @4, character count 14
0:00:00:14 - Switching to length 5
0:00:00:14 - Expanding tables for length 5 to character count 18
0:00:00:14 - Trying length 5, fixed @1, character count 18
0:00:00:14 - Switching to length 2
0:00:00:14 - Expanding tables for length 2 to character count 31
0:00:00:14 - Trying length 2, fixed @1, character count 21
0:00:00:14 - Trying length 2, fixed @1, character count 22
0:00:00:14 - Switching to length 3
0:00:00:14 - Expanding tables for length 3 to character count 20
0:00:00:14 - Trying length 3, fixed @3, character count 20
0:00:00:14 - Expanding tables for length 3 to character count 21
0:00:00:14 - Trying length 3, fixed @1, character count 21
0:00:00:14 - Switching to length 4
0:00:00:14 - Expanding tables for length 4 to character count 18
0:00:00:14 - Trying length 4, fixed @4, character count 18
0:00:00:14 - Switching to length 2
0:00:00:14 - Expanding tables for length 2 to character count 32
0:00:00:14 - Trying length 2, fixed @2, character count 32
0:00:00:14 - Switching to length 7
0:00:00:14 - Expanding tables for length 7 to character count 9
0:00:00:14 - Trying length 7, fixed @3, character count 9
0:00:00:14 - Switching to length 6
0:00:00:14 - Expanding tables for length 6 to character count 15
0:00:00:14 - Trying length 6, fixed @5, character count 14
0:00:00:14 - Switching to length 8
0:00:00:14 - Expanding tables for length 8 to character count 6
0:00:00:14 - Trying length 8, fixed @2, character count 6
0:00:00:14 - Switching to length 5
0:00:00:14 - Expanding tables for length 5 to character count 18
0:00:00:14 - Trying length 5, fixed @5, character count 15
0:00:00:14 - Switching to length 6
0:00:00:14 - Expanding tables for length 6 to character count 16
0:00:00:14 - Trying length 6, fixed @6, character count 16
0:00:00:15 - Switching to length 4
0:00:00:15 - Expanding tables for length 4 to character count 19
0:00:00:15 - Trying length 4, fixed @4, character count 19
0:00:00:15 - Switching to length 8
0:00:00:15 - Expanding tables for length 8 to character count 6
0:00:00:15 - Trying length 8, fixed @4, character count 6
0:00:00:15 - Switching to length 5
0:00:00:15 - Expanding tables for length 5 to character count 18
0:00:00:15 - Trying length 5, fixed @4, character count 18
0:00:00:15 - Switching to length 2
0:00:00:15 - Expanding tables for length 2 to character count 32
0:00:00:15 - Trying length 2, fixed @1, character count 23
0:00:00:15 - Switching to length 6
0:00:00:15 - Expanding tables for length 6 to character count 16
0:00:00:15 - Trying length 6, fixed @2, character count 13
0:00:00:15 - Switching to length 5
0:00:00:15 - Expanding tables for length 5 to character count 19
0:00:00:15 - Trying length 5, fixed @3, character count 19
0:00:00:15 - Switching to length 4
0:00:00:15 - Expanding tables for length 4 to character count 19
0:00:00:15 - Trying length 4, fixed @2, character count 15
0:00:00:15 - Switching to length 3
0:00:00:15 - Expanding tables for length 3 to character count 21
0:00:00:15 - Trying length 3, fixed @2, character count 15
0:00:00:15 - Switching to length 4
0:00:00:15 - Expanding tables for length 4 to character count 19
0:00:00:15 - Trying length 4, fixed @3, character count 19
0:00:00:15 - Switching to length 3
0:00:00:15 - Expanding tables for length 3 to character count 21
0:00:00:15 - Trying length 3, fixed @3, character count 21
0:00:00:15 - Switching to length 7
0:00:00:15 - Expanding tables for length 7 to character count 9
0:00:00:15 - Trying length 7, fixed @1, character count 9
0:00:00:15 - Switching to length 6
0:00:00:15 - Expanding tables for length 6 to character count 16
0:00:00:15 - Trying length 6, fixed @3, character count 15
0:00:00:15 - Switching to length 8
0:00:00:15 - Expanding tables for length 8 to character count 6
0:00:00:15 - Trying length 8, fixed @8, character count 6
0:00:00:15 - Switching to length 3
0:00:00:15 - Expanding tables for length 3 to character count 22
0:00:00:15 - Trying length 3, fixed @3, character count 22
0:00:00:15 - Switching to length 10
0:00:00:15 - Expanding tables for length 10 to character count 3
0:00:00:15 - Trying length 10, fixed @2, character count 3
0:00:00:15 - Switching to length 7
0:00:00:15 - Expanding tables for length 7 to character count 9
0:00:00:15 - Trying length 7, fixed @4, character count 9
0:00:00:15 - Switching to length 4
0:00:00:15 - Expanding tables for length 4 to character count 20
0:00:00:15 - Trying length 4, fixed @4, character count 20
0:00:00:15 - Switching to length 2
0:00:00:15 - Expanding tables for length 2 to character count 32
0:00:00:15 - Trying length 2, fixed @1, character count 24
0:00:00:15 - Trying length 2, fixed @1, character count 25
0:00:00:15 - Trying length 2, fixed @1, character count 26
0:00:00:15 - Switching to length 3
0:00:00:15 - Expanding tables for length 3 to character count 23
0:00:00:15 - Trying length 3, fixed @3, character count 23
0:00:00:15 - Switching to length 9
0:00:00:16 - Expanding tables for length 9 to character count 4
0:00:00:16 - Trying length 9, fixed @2, character count 4
0:00:00:16 - Switching to length 2
0:00:00:16 - Expanding tables for length 2 to character count 32
0:00:00:16 - Trying length 2, fixed @1, character count 27
0:00:00:16 - Switching to length 5
0:00:00:16 - Expanding tables for length 5 to character count 19
0:00:00:16 - Trying length 5, fixed @2, character count 13
0:00:00:16 - Switching to length 6
0:00:00:16 - Expanding tables for length 6 to character count 16
0:00:00:16 - Trying length 6, fixed @1, character count 15
0:00:00:16 - Trying length 6, fixed @4, character count 15
0:00:00:16 - Switching to length 8
0:00:00:16 - Expanding tables for length 8 to character count 6
0:00:00:16 - Trying length 8, fixed @5, character count 6
0:00:00:16 - Switching to length 2
0:00:00:16 - Expanding tables for length 2 to character count 33
0:00:00:16 - Trying length 2, fixed @2, character count 33
0:00:00:16 - Switching to length 5
0:00:00:16 - Expanding tables for length 5 to character count 19
0:00:00:16 - Trying length 5, fixed @5, character count 16
0:00:00:16 - Switching to length 7
0:00:00:16 - Expanding tables for length 7 to character count 9
0:00:00:16 - Trying length 7, fixed @7, character count 9
0:00:00:16 - Switching to length 5
0:00:00:16 - Expanding tables for length 5 to character count 19
0:00:00:16 - Trying length 5, fixed @1, character count 19
0:00:00:16 - Switching to length 4
0:00:00:16 - Expanding tables for length 4 to character count 20
0:00:00:16 - Trying length 4, fixed @2, character count 16
0:00:00:16 - Switching to length 6
0:00:00:16 - Expanding tables for length 6 to character count 16
0:00:00:16 - Trying length 6, fixed @5, character count 15
0:00:00:16 - Switching to length 4
0:00:00:16 - Expanding tables for length 4 to character count 20
0:00:00:16 - Trying length 4, fixed @1, character count 17
0:00:00:16 - Trying length 4, fixed @3, character count 20
0:00:00:16 - Switching to length 3
0:00:00:16 - Expanding tables for length 3 to character count 23
0:00:00:16 - Trying length 3, fixed @2, character count 16
0:00:00:16 - Switching to length 5
0:00:00:16 - Expanding tables for length 5 to character count 19
0:00:00:16 - Trying length 5, fixed @4, character count 19
0:00:00:16 - Switching to length 7
0:00:00:16 - Expanding tables for length 7 to character count 9
0:00:00:16 - Trying length 7, fixed @5, character count 9
0:00:00:16 - Switching to length 4
0:00:00:16 - Expanding tables for length 4 to character count 21
0:00:00:16 - Trying length 4, fixed @4, character count 21
0:00:00:16 - Switching to length 3
0:00:00:16 - Expanding tables for length 3 to character count 23
0:00:00:16 - Trying length 3, fixed @1, character count 22
0:00:00:16 - Expanding tables for length 3 to character count 24
0:00:00:16 - Trying length 3, fixed @3, character count 24
0:00:00:16 - Switching to length 5
0:00:00:16 - Expanding tables for length 5 to character count 20
0:00:00:16 - Trying length 5, fixed @3, character count 20
0:00:00:16 - Switching to length 9
0:00:00:17 - Expanding tables for length 9 to character count 4
0:00:00:17 - Trying length 9, fixed @8, character count 4
0:00:00:17 - Switching to length 2
0:00:00:17 - Expanding tables for length 2 to character count 33
0:00:00:17 - Trying length 2, fixed @1, character count 28
0:00:00:17 - Switching to length 4
0:00:00:17 - Expanding tables for length 4 to character count 21
0:00:00:17 - Trying length 4, fixed @3, character count 21
0:00:00:17 - Switching to length 2
0:00:00:17 - Expanding tables for length 2 to character count 33
0:00:00:17 - Trying length 2, fixed @1, character count 29
0:00:00:17 - Switching to length 6
0:00:00:17 - Expanding tables for length 6 to character count 16
0:00:00:17 - Trying length 6, fixed @2, character count 14
0:00:00:17 - Switching to length 7
0:00:00:17 - Expanding tables for length 7 to character count 10
0:00:00:17 - Trying length 7, fixed @3, character count 10
0:00:00:17 - Switching to length 9
0:00:00:17 - Expanding tables for length 9 to character count 4
0:00:00:17 - Trying length 9, fixed @1, character count 4
0:00:00:17 - Expanding tables for length 9 to character count 5
0:00:00:17 - Trying length 9, fixed @1, character count 5
0:00:00:17 - Switching to length 3
0:00:00:17 - Expanding tables for length 3 to character count 24
0:00:00:17 - Trying length 3, fixed @2, character count 17
0:00:00:17 - Switching to length 10
0:00:00:17 - Expanding tables for length 10 to character count 3
0:00:00:17 - Trying length 10, fixed @9, character count 3
0:00:00:17 - Switching to length 3
0:00:00:17 - Expanding tables for length 3 to character count 25
0:00:00:17 - Trying length 3, fixed @3, character count 25
0:00:00:17 - Switching to length 5
0:00:00:17 - Expanding tables for length 5 to character count 20
0:00:00:17 - Trying length 5, fixed @2, character count 14
0:00:00:17 - Switching to length 4
0:00:00:17 - Expanding tables for length 4 to character count 21
0:00:00:17 - Trying length 4, fixed @2, character count 17
0:00:00:17 - Switching to length 6
0:00:00:17 - Expanding tables for length 6 to character count 16
0:00:00:17 - Trying length 6, fixed @4, character count 16
0:00:00:17 - Switching to length 4
0:00:00:17 - Expanding tables for length 4 to character count 21
0:00:00:17 - Trying length 4, fixed @1, character count 18
0:00:00:17 - Switching to length 5
0:00:00:17 - Expanding tables for length 5 to character count 20
0:00:00:17 - Trying length 5, fixed @5, character count 17
0:00:00:17 - Trying length 5, fixed @4, character count 20
0:00:00:17 - Switching to length 7
0:00:00:17 - Expanding tables for length 7 to character count 10
0:00:00:17 - Trying length 7, fixed @1, character count 10
0:00:00:17 - Switching to length 9
0:00:00:18 - Expanding tables for length 9 to character count 5
0:00:00:18 - Trying length 9, fixed @7, character count 4
0:00:00:18 - Switching to length 4
0:00:00:18 - Expanding tables for length 4 to character count 22
0:00:00:18 - Trying length 4, fixed @4, character count 22
0:00:00:18 - Switching to length 10
0:00:00:18 - Expanding tables for length 10 to character count 3
0:00:00:18 - Trying length 10, fixed @7, character count 3
0:00:00:18 - Switching to length 3
0:00:00:18 - Expanding tables for length 3 to character count 25
0:00:00:18 - Trying length 3, fixed @2, character count 18
0:00:00:18 - Expanding tables for length 3 to character count 26
0:00:00:18 - Trying length 3, fixed @3, character count 26
0:00:00:18 - Switching to length 9
0:00:00:18 - Expanding tables for length 9 to character count 5
0:00:00:18 - Trying length 9, fixed @3, character count 4
0:00:00:18 - Switching to length 8
0:00:00:18 - Expanding tables for length 8 to character count 7
0:00:00:18 - Trying length 8, fixed @3, character count 7
0:00:00:18 - Switching to length 5
0:00:00:18 - Expanding tables for length 5 to character count 21
0:00:00:18 - Trying length 5, fixed @3, character count 21
0:00:00:18 - Switching to length 6
0:00:00:18 - Expanding tables for length 6 to character count 16
0:00:00:18 - Trying length 6, fixed @2, character count 15
0:00:00:18 - Switching to length 3
0:00:00:18 - Expanding tables for length 3 to character count 27
0:00:00:18 - Trying length 3, fixed @3, character count 27
0:00:00:18 - Switching to length 10
0:00:00:18 - Expanding tables for length 10 to character count 3
0:00:00:18 - Trying length 10, fixed @3, character count 3
0:00:00:18 - Switching to length 6
0:00:00:18 - Expanding tables for length 6 to character count 17
0:00:00:18 - Trying length 6, fixed @6, character count 17
0:00:00:18 - Switching to length 5
0:00:00:18 - Expanding tables for length 5 to character count 21
0:00:00:18 - Trying length 5, fixed @4, character count 21
0:00:00:18 - Switching to length 3
0:00:00:18 - Expanding tables for length 3 to character count 28
0:00:00:18 - Trying length 3, fixed @3, character count 28
0:00:00:18 - Switching to length 6
0:00:00:18 - Expanding tables for length 6 to character count 17
0:00:00:18 - Trying length 6, fixed @4, character count 17
0:00:00:19 - Switching to length 7
0:00:00:19 - Expanding tables for length 7 to character count 10
0:00:00:19 - Trying length 7, fixed @7, character count 10
0:00:00:19 - Switching to length 4
0:00:00:19 - Expanding tables for length 4 to character count 22
0:00:00:19 - Trying length 4, fixed @2, character count 18
0:00:00:19 - Trying length 4, fixed @1, character count 19
0:00:00:19 - Switching to length 8
0:00:00:19 - Expanding tables for length 8 to character count 7
0:00:00:19 - Trying length 8, fixed @1, character count 7
0:00:00:19 - Switching to length 4
0:00:00:19 - Expanding tables for length 4 to character count 22
0:00:00:19 - Trying length 4, fixed @3, character count 22
0:00:00:19 - Switching to length 9
0:00:00:19 - Expanding tables for length 9 to character count 5
0:00:00:19 - Trying length 9, fixed @9, character count 4
0:00:00:19 - Switching to length 7
0:00:00:19 - Expanding tables for length 7 to character count 10
0:00:00:19 - Trying length 7, fixed @5, character count 10
0:00:00:19 - Switching to length 2
0:00:00:19 - Expanding tables for length 2 to character count 33
0:00:00:19 - Trying length 2, fixed @1, character count 30
0:00:00:19 - Switching to length 9
0:00:00:19 - Expanding tables for length 9 to character count 5
0:00:00:19 - Trying length 9, fixed @6, character count 4
0:00:00:19 - Switching to length 2
0:00:00:19 - Expanding tables for length 2 to character count 33
0:00:00:19 - Trying length 2, fixed @1, character count 31
0:00:00:19 - Trying length 2, fixed @1, character count 32
0:00:00:19 - Switching to length 9
0:00:00:19 - Expanding tables for length 9 to character count 5
0:00:00:19 - Trying length 9, fixed @3, character count 5
0:00:00:19 - Switching to length 2
0:00:00:19 - Expanding tables for length 2 to character count 33
0:00:00:19 - Trying length 2, fixed @1, character count 33
0:00:00:19 - Switching to length 3
0:00:00:19 - Expanding tables for length 3 to character count 28
0:00:00:19 - Trying length 3, fixed @1, character count 23
0:00:00:19 - Switching to length 2
0:00:00:19 - Expanding tables for length 2 to character count 34
0:00:00:19 - Trying length 2, fixed @1, character count 34
0:00:00:19 - Switching to length 6
0:00:00:19 - Expanding tables for length 6 to character count 17
0:00:00:19 - Trying length 6, fixed @1, character count 16
0:00:00:19 - Switching to length 8
0:00:00:20 - Expanding tables for length 8 to character count 7
0:00:00:20 - Trying length 8, fixed @6, character count 7
0:00:00:20 - Switching to length 4
0:00:00:20 - Expanding tables for length 4 to character count 22
0:00:00:20 - Trying length 4, fixed @1, character count 20
0:00:00:20 - Switching to length 9
0:00:00:20 - Expanding tables for length 9 to character count 5
0:00:00:20 - Trying length 9, fixed @6, character count 5
0:00:00:20 - Switching to length 7
0:00:00:20 - Expanding tables for length 7 to character count 10
0:00:00:20 - Trying length 7, fixed @4, character count 10
0:00:00:20 - Switching to length 2
0:00:00:20 - Expanding tables for length 2 to character count 34
0:00:00:20 - Trying length 2, fixed @2, character count 34
0:00:00:20 - Expanding tables for length 2 to character count 35
0:00:00:20 - Trying length 2, fixed @2, character count 35
0:00:00:20 - Expanding tables for length 2 to character count 36
0:00:00:20 - Trying length 2, fixed @2, character count 36
0:00:00:20 - Switching to length 8
0:00:00:20 - Expanding tables for length 8 to character count 7
0:00:00:20 - Trying length 8, fixed @7, character count 7
0:00:00:20 - Switching to length 5
0:00:00:20 - Expanding tables for length 5 to character count 21
0:00:00:20 - Trying length 5, fixed @5, character count 18
0:00:00:20 - Switching to length 2
0:00:00:20 - Expanding tables for length 2 to character count 37
0:00:00:20 - Trying length 2, fixed @2, character count 37
0:00:00:20 - Switching to length 10
0:00:00:20 - Expanding tables for length 10 to character count 3
0:00:00:20 - Trying length 10, fixed @10, character count 3
0:00:00:20 - Switching to length 4
0:00:00:20 - Expanding tables for length 4 to character count 23
0:00:00:20 - Trying length 4, fixed @3, character count 23
0:00:00:20 - Switching to length 5
0:00:00:20 - Expanding tables for length 5 to character count 22
0:00:00:20 - Trying length 5, fixed @4, character count 22
0:00:00:20 - Switching to length 6
0:00:00:20 - Expanding tables for length 6 to character count 17
0:00:00:20 - Trying length 6, fixed @3, character count 16
0:00:00:20 - Expanding tables for length 6 to character count 18
0:00:00:20 - Trying length 6, fixed @4, character count 18
0:00:00:21 - Switching to length 5
0:00:00:21 - Expanding tables for length 5 to character count 22
0:00:00:21 - Trying length 5, fixed @3, character count 22
0:00:00:21 - Switching to length 4
0:00:00:21 - Expanding tables for length 4 to character count 23
0:00:00:21 - Trying length 4, fixed @4, character count 23
0:00:00:21 - Switching to length 3
0:00:00:21 - Expanding tables for length 3 to character count 28
0:00:00:21 - Trying length 3, fixed @2, character count 19
0:00:00:21 - Switching to length 10
0:00:00:21 - Expanding tables for length 10 to character count 3
0:00:00:21 - Trying length 10, fixed @8, character count 3
0:00:00:21 - Switching to length 7
0:00:00:21 - Expanding tables for length 7 to character count 10
0:00:00:21 - Trying length 7, fixed @6, character count 10
0:00:00:21 - Switching to length 4
0:00:00:21 - Expanding tables for length 4 to character count 23
0:00:00:21 - Trying length 4, fixed @1, character count 21
0:00:00:21 - Switching to length 6
0:00:00:21 - Expanding tables for length 6 to character count 18
0:00:00:21 - Trying length 6, fixed @5, character count 16
0:00:00:21 - Switching to length 5
0:00:00:21 - Expanding tables for length 5 to character count 22
0:00:00:21 - Trying length 5, fixed @2, character count 15
0:00:00:21 - Switching to length 3
0:00:00:21 - Expanding tables for length 3 to character count 28
0:00:00:21 - Trying length 3, fixed @2, character count 20
0:00:00:21 - Trying length 3, fixed @1, character count 24
0:00:00:21 - Switching to length 7
0:00:00:21 - Expanding tables for length 7 to character count 11
0:00:00:21 - Trying length 7, fixed @3, character count 11
0:00:00:21 - Switching to length 3
0:00:00:21 - Expanding tables for length 3 to character count 29
0:00:00:21 - Trying length 3, fixed @3, character count 29
0:00:00:21 - Switching to length 12
0:00:00:21 - Expanding tables for length 12 to character count 1
0:00:00:21 - Trying length 12, fixed @1, character count 1
0:00:00:21 - Switching to length 6
0:00:00:21 - Expanding tables for length 6 to character count 18
0:00:00:21 - Trying length 6, fixed @2, character count 16
0:00:00:22 - Switching to length 8
0:00:00:22 - Expanding tables for length 8 to character count 7
0:00:00:22 - Trying length 8, fixed @2, character count 7
0:00:00:22 - Trying length 8, fixed @8, character count 7
0:00:00:22 - Switching to length 4
0:00:00:22 - Expanding tables for length 4 to character count 23
0:00:00:22 - Trying length 4, fixed @1, character count 22
0:00:00:22 - Switching to length 9
0:00:00:22 - Expanding tables for length 9 to character count 5
0:00:00:22 - Trying length 9, fixed @4, character count 4
0:00:00:22 - Trying length 9, fixed @2, character count 5
0:00:00:22 - Switching to length 7
0:00:00:22 - Expanding tables for length 7 to character count 11
0:00:00:22 - Trying length 7, fixed @1, character count 11
0:00:00:22 - Switching to length 8
0:00:00:22 - Expanding tables for length 8 to character count 7
0:00:00:22 - Trying length 8, fixed @4, character count 7
0:00:00:22 - Switching to length 11
0:00:00:22 - Expanding tables for length 11 to character count 2
0:00:00:22 - Trying length 11, fixed @2, character count 2
0:00:00:22 - Switching to length 5
0:00:00:22 - Expanding tables for length 5 to character count 22
0:00:00:22 - Trying length 5, fixed @2, character count 16
0:00:00:22 - Switching to length 6
0:00:00:22 - Expanding tables for length 6 to character count 19
0:00:00:23 - Trying length 6, fixed @4, character count 19
0:00:00:23 - Switching to length 5
0:00:00:23 - Expanding tables for length 5 to character count 22
0:00:00:23 - Trying length 5, fixed @5, character count 19
0:00:00:23 - Switching to length 4
0:00:00:23 - Expanding tables for length 4 to character count 24
0:00:00:23 - Trying length 4, fixed @3, character count 24
0:00:00:23 - Switching to length 2
0:00:00:23 - Expanding tables for length 2 to character count 37
0:00:00:23 - Trying length 2, fixed @1, character count 35
0:00:00:23 - Switching to length 9
0:00:00:23 - Expanding tables for length 9 to character count 5
0:00:00:23 - Trying length 9, fixed @9, character count 5
0:00:00:23 - Switching to length 3
0:00:00:23 - Expanding tables for length 3 to character count 29
0:00:00:23 - Trying length 3, fixed @2, character count 21
0:00:00:23 - Switching to length 5
0:00:00:23 - Expanding tables for length 5 to character count 22
0:00:00:23 - Trying length 5, fixed @1, character count 20
0:00:00:23 - Switching to length 2
0:00:00:23 - Expanding tables for length 2 to character count 37
0:00:00:23 - Trying length 2, fixed @1, character count 36
0:00:00:23 - Trying length 2, fixed @1, character count 37
0:00:00:23 - Expanding tables for length 2 to character count 38
0:00:00:23 - Trying length 2, fixed @1, character count 38
0:00:00:23 - Switching to length 5
0:00:00:23 - Expanding tables for length 5 to character count 23
0:00:00:23 - Trying length 5, fixed @4, character count 23
0:00:00:23 - Switching to length 6
0:00:00:23 - Expanding tables for length 6 to character count 19
0:00:00:23 - Trying length 6, fixed @3, character count 17
0:00:00:23 - Switching to length 8
0:00:00:23 - Expanding tables for length 8 to character count 7
0:00:00:23 - Trying length 8, fixed @5, character count 7
0:00:00:23 - Switching to length 3
0:00:00:23 - Expanding tables for length 3 to character count 30
0:00:00:23 - Trying length 3, fixed @3, character count 30
0:00:00:23 - Switching to length 2
0:00:00:23 - Expanding tables for length 2 to character count 38
0:00:00:23 - Trying length 2, fixed @2, character count 38
0:00:00:23 - Expanding tables for length 2 to character count 39
0:00:00:23 - Trying length 2, fixed @1, character count 39
0:00:00:23 - Switching to length 9
0:00:00:23 - Expanding tables for length 9 to character count 5
0:00:00:23 - Trying length 9, fixed @8, character count 5
0:00:00:23 - Switching to length 3
0:00:00:23 - Expanding tables for length 3 to character count 31
0:00:00:23 - Trying length 3, fixed @3, character count 31
0:00:00:23 - Switching to length 4
0:00:00:23 - Expanding tables for length 4 to character count 24
0:00:00:23 - Trying length 4, fixed @1, character count 23
0:00:00:23 - Switching to length 6
0:00:00:24 - Expanding tables for length 6 to character count 19
0:00:00:24 - Trying length 6, fixed @1, character count 17
0:00:00:24 - Switching to length 10
0:00:00:24 - Expanding tables for length 10 to character count 3
0:00:00:24 - Trying length 10, fixed @1, character count 3
0:00:00:24 - Switching to length 2
0:00:00:24 - Expanding tables for length 2 to character count 39
0:00:00:24 - Trying length 2, fixed @2, character count 39
0:00:00:24 - Expanding tables for length 2 to character count 40
0:00:00:24 - Trying length 2, fixed @1, character count 40
0:00:00:24 - Switching to length 10
0:00:00:24 - Expanding tables for length 10 to character count 3
0:00:00:24 - Trying length 10, fixed @4, character count 3
0:00:00:24 - Switching to length 7
0:00:00:24 - Expanding tables for length 7 to character count 11
0:00:00:24 - Trying length 7, fixed @2, character count 9
0:00:00:24 - Switching to length 2
0:00:00:24 - Expanding tables for length 2 to character count 40
0:00:00:24 - Trying length 2, fixed @2, character count 40
0:00:00:24 - Switching to length 4
0:00:00:24 - Expanding tables for length 4 to character count 24
0:00:00:24 - Trying length 4, fixed @4, character count 24
0:00:00:24 - Switching to length 7
0:00:00:24 - Expanding tables for length 7 to character count 11
0:00:00:24 - Trying length 7, fixed @7, character count 11
0:00:00:24 - Switching to length 6
0:00:00:24 - Expanding tables for length 6 to character count 19
0:00:00:24 - Trying length 6, fixed @5, character count 17
0:00:00:25 - Switching to length 5
0:00:00:25 - Expanding tables for length 5 to character count 23
0:00:00:25 - Trying length 5, fixed @5, character count 20
0:00:00:25 - Switching to length 3
0:00:00:25 - Expanding tables for length 3 to character count 31
0:00:00:25 - Trying length 3, fixed @1, character count 25
0:00:00:25 - Expanding tables for length 3 to character count 32
0:00:00:25 - Trying length 3, fixed @3, character count 32
0:00:00:25 - Switching to length 5
0:00:00:25 - Expanding tables for length 5 to character count 23
0:00:00:25 - Trying length 5, fixed @1, character count 21
0:00:00:25 - Switching to length 9
0:00:00:25 - Expanding tables for length 9 to character count 5
0:00:00:25 - Trying length 9, fixed @7, character count 5
0:00:00:25 - Switching to length 4
0:00:00:25 - Expanding tables for length 4 to character count 24
0:00:00:25 - Trying length 4, fixed @2, character count 19
0:00:00:25 - Expanding tables for length 4 to character count 25
0:00:00:25 - Trying length 4, fixed @3, character count 25
0:00:00:25 - Switching to length 11
0:00:00:25 - Expanding tables for length 11 to character count 2
0:00:00:25 - Trying length 11, fixed @10, character count 2
0:00:00:25 - Switching to length 5
0:00:00:25 - Expanding tables for length 5 to character count 23
0:00:00:25 - Trying length 5, fixed @3, character count 23
0:00:00:25 - Switching to length 7
0:00:00:25 - Expanding tables for length 7 to character count 11
0:00:00:25 - Trying length 7, fixed @5, character count 11
0:00:00:25 - Switching to length 3
0:00:00:25 - Expanding tables for length 3 to character count 33
0:00:00:25 - Trying length 3, fixed @3, character count 33
0:00:00:25 - Switching to length 11
0:00:00:25 - Expanding tables for length 11 to character count 2
0:00:00:25 - Trying length 11, fixed @6, character count 2
0:00:00:25 - Trying length 11, fixed @3, character count 2
0:00:00:25 - Switching to length 6
0:00:00:25 - Expanding tables for length 6 to character count 19
0:00:00:25 - Trying length 6, fixed @2, character count 17
0:00:00:26 - Expanding tables for length 6 to character count 20
0:00:00:26 - Trying length 6, fixed @4, character count 20
0:00:00:26 - Switching to length 5
0:00:00:26 - Expanding tables for length 5 to character count 24
0:00:00:26 - Trying length 5, fixed @4, character count 24
0:00:00:26 - Switching to length 4
0:00:00:26 - Expanding tables for length 4 to character count 25
0:00:00:26 - Trying length 4, fixed @1, character count 24
0:00:00:26 - Expanding tables for length 4 to character count 26
0:00:00:26 - Trying length 4, fixed @3, character count 26
0:00:00:26 - Switching to length 9
0:00:00:26 - Expanding tables for length 9 to character count 5
0:00:00:26 - Trying length 9, fixed @4, character count 5
0:00:00:26 - Switching to length 7
0:00:00:26 - Expanding tables for length 7 to character count 11
0:00:00:27 - Trying length 7, fixed @4, character count 11
0:00:00:27 - Switching to length 3
0:00:00:27 - Expanding tables for length 3 to character count 33
0:00:00:27 - Trying length 3, fixed @2, character count 22
0:00:00:27 - Switching to length 11
0:00:00:27 - Expanding tables for length 11 to character count 2
0:00:00:27 - Trying length 11, fixed @1, character count 2
0:00:00:27 - Switching to length 10
0:00:00:27 - Expanding tables for length 10 to character count 3
0:00:00:27 - Trying length 10, fixed @5, character count 3
0:00:00:27 - Switching to length 6
0:00:00:27 - Expanding tables for length 6 to character count 20
0:00:00:27 - Trying length 6, fixed @1, character count 18
0:00:00:27 - Switching to length 10
0:00:00:27 - Expanding tables for length 10 to character count 3
0:00:00:27 - Trying length 10, fixed @6, character count 3
0:00:00:27 - Switching to length 3
0:00:00:27 - Expanding tables for length 3 to character count 33
0:00:00:27 - Trying length 3, fixed @2, character count 23
0:00:00:27 - Switching to length 5
0:00:00:27 - Expanding tables for length 5 to character count 24
0:00:00:27 - Trying length 5, fixed @2, character count 17
0:00:00:27 - Switching to length 11
0:00:00:28 - Expanding tables for length 11 to character count 2
0:00:00:28 - Trying length 11, fixed @8, character count 2
0:00:00:28 - Switching to length 6
0:00:00:28 - Expanding tables for length 6 to character count 20
0:00:00:28 - Trying length 6, fixed @5, character count 18
0:00:00:28 - Switching to length 3
0:00:00:28 - Expanding tables for length 3 to character count 33
0:00:00:28 - Trying length 3, fixed @1, character count 26
0:00:00:28 - Switching to length 4
0:00:00:28 - Expanding tables for length 4 to character count 26
0:00:00:28 - Trying length 4, fixed @1, character count 25
0:00:00:28 - Switching to length 3
0:00:00:28 - Expanding tables for length 3 to character count 34
0:00:00:28 - Trying length 3, fixed @3, character count 34
0:00:00:28 - Switching to length 8
0:00:00:28 - Expanding tables for length 8 to character count 8
0:00:00:28 - Trying length 8, fixed @3, character count 8
0:00:00:28 - Switching to length 7
0:00:00:28 - Expanding tables for length 7 to character count 11
0:00:00:28 - Trying length 7, fixed @6, character count 11
0:00:00:28 - Switching to length 5
0:00:00:29 - Expanding tables for length 5 to character count 24
0:00:00:29 - Trying length 5, fixed @5, character count 21
0:00:00:29 - Switching to length 2
0:00:00:29 - Expanding tables for length 2 to character count 41
0:00:00:29 - Trying length 2, fixed @1, character count 41
0:00:00:29 - Switching to length 6
0:00:00:29 - Expanding tables for length 6 to character count 20
0:00:00:29 - Trying length 6, fixed @6, character count 18
0:00:00:29 - Switching to length 2
0:00:00:29 - Expanding tables for length 2 to character count 41
0:00:00:29 - Trying length 2, fixed @2, character count 41
0:00:00:29 - Expanding tables for length 2 to character count 42
0:00:00:29 - Trying length 2, fixed @1, character count 42
0:00:00:29 - Expanding tables for length 2 to character count 43
0:00:00:29 - Trying length 2, fixed @1, character count 43
0:00:00:29 - Expanding tables for length 2 to character count 44
0:00:00:29 - Trying length 2, fixed @1, character count 44
0:00:00:29 - Expanding tables for length 2 to character count 45
0:00:00:29 - Trying length 2, fixed @1, character count 45
0:00:00:29 - Expanding tables for length 2 to character count 46
0:00:00:29 - Trying length 2, fixed @1, character count 46
0:00:00:29 - Switching to length 8
0:00:00:29 - Expanding tables for length 8 to character count 8
0:00:00:29 - Trying length 8, fixed @7, character count 8
0:00:00:29 - Switching to length 5
0:00:00:29 - Expanding tables for length 5 to character count 24
0:00:00:29 - Trying length 5, fixed @5, character count 22
0:00:00:29 - Switching to length 4
0:00:00:29 - Expanding tables for length 4 to character count 26
0:00:00:29 - Trying length 4, fixed @1, character count 26
0:00:00:29 - Switching to length 6
0:00:00:29 - Expanding tables for length 6 to character count 20
0:00:00:30 - Trying length 6, fixed @3, character count 18
0:00:00:30 - Switching to length 3
0:00:00:30 - Expanding tables for length 3 to character count 34
0:00:00:30 - Trying length 3, fixed @2, character count 24
0:00:00:30 - Switching to length 6
0:00:00:30 - Expanding tables for length 6 to character count 21
0:00:00:30 - Trying length 6, fixed @4, character count 21
0:00:00:30 - Switching to length 7
0:00:00:30 - Expanding tables for length 7 to character count 12
0:00:00:30 - Trying length 7, fixed @7, character count 12
0:00:00:31 - Switching to length 4
0:00:00:31 - Expanding tables for length 4 to character count 27
0:00:00:31 - Trying length 4, fixed @3, character count 27
0:00:00:31 - Switching to length 5
0:00:00:31 - Expanding tables for length 5 to character count 24
0:00:00:31 - Trying length 5, fixed @1, character count 22
0:00:00:31 - Switching to length 3
0:00:00:31 - Expanding tables for length 3 to character count 34
0:00:00:31 - Trying length 3, fixed @1, character count 27
0:00:00:31 - Switching to length 9
0:00:00:31 - Expanding tables for length 9 to character count 5
0:00:00:31 - Trying length 9, fixed @5, character count 4
0:00:00:31 - Switching to length 5
0:00:00:31 - Expanding tables for length 5 to character count 24
0:00:00:31 - Trying length 5, fixed @5, character count 23
0:00:00:31 - Switching to length 9
0:00:00:31 - Expanding tables for length 9 to character count 5
0:00:00:31 - Trying length 9, fixed @5, character count 5
0:00:00:31 - Switching to length 2
0:00:00:31 - Expanding tables for length 2 to character count 46
0:00:00:31 - Trying length 2, fixed @2, character count 42
0:00:00:31 - Switching to length 8
0:00:00:31 - Expanding tables for length 8 to character count 8
0:00:00:31 - Trying length 8, fixed @8, character count 8
0:00:00:31 - Switching to length 4
0:00:00:31 - Expanding tables for length 4 to character count 28
0:00:00:31 - Trying length 4, fixed @3, character count 28
0:00:00:31 - Switching to length 11
0:00:00:32 - Expanding tables for length 11 to character count 2
0:00:00:32 - Trying length 11, fixed @5, character count 2
0:00:00:32 - Switching to length 5
0:00:00:32 - Expanding tables for length 5 to character count 24
0:00:00:32 - Trying length 5, fixed @3, character count 24
0:00:00:32 - Switching to length 3
0:00:00:32 - Expanding tables for length 3 to character count 34
0:00:00:32 - Trying length 3, fixed @1, character count 28
0:00:00:32 - Switching to length 6
0:00:00:32 - Expanding tables for length 6 to character count 22
0:00:00:32 - Trying length 6, fixed @4, character count 22
0:00:00:32 - Switching to length 5
0:00:00:32 - Expanding tables for length 5 to character count 24
0:00:00:32 - Trying length 5, fixed @5, character count 24
0:00:00:32 - Expanding tables for length 5 to character count 25
0:00:00:32 - Trying length 5, fixed @4, character count 25
0:00:00:33 - Switching to length 6
0:00:00:33 - Expanding tables for length 6 to character count 22
0:00:00:33 - Trying length 6, fixed @2, character count 18
0:00:00:33 - Switching to length 3
0:00:00:33 - Expanding tables for length 3 to character count 34
0:00:00:33 - Trying length 3, fixed @2, character count 25
0:00:00:33 - Switching to length 8
0:00:00:33 - Expanding tables for length 8 to character count 8
0:00:00:33 - Trying length 8, fixed @5, character count 8
0:00:00:34 - Switching to length 7
0:00:00:34 - Expanding tables for length 7 to character count 12
0:00:00:34 - Trying length 7, fixed @2, character count 10
0:00:00:34 - Trying length 7, fixed @1, character count 12
0:00:00:35 - Switching to length 3
0:00:00:35 - Expanding tables for length 3 to character count 34
0:00:00:35 - Trying length 3, fixed @2, character count 26
0:00:00:35 - Switching to length 8
0:00:00:35 - Expanding tables for length 8 to character count 8
0:00:00:35 - Trying length 8, fixed @1, character count 8
0:00:00:35 - Switching to length 4
0:00:00:35 - Expanding tables for length 4 to character count 28
0:00:00:35 - Trying length 4, fixed @2, character count 20
0:00:00:35 - Switching to length 11
0:00:00:35 - Expanding tables for length 11 to character count 2
0:00:00:35 - Trying length 11, fixed @4, character count 2
0:00:00:35 - Switching to length 6
0:00:00:35 - Expanding tables for length 6 to character count 22
0:00:00:35 - Trying length 6, fixed @6, character count 19
0:00:00:36 - Switching to length 5
0:00:00:36 - Expanding tables for length 5 to character count 26
0:00:00:36 - Trying length 5, fixed @4, character count 26
0:00:00:36 - Switching to length 3
0:00:00:36 - Expanding tables for length 3 to character count 34
0:00:00:36 - Trying length 3, fixed @1, character count 29
0:00:00:36 - Switching to length 4
0:00:00:36 - Expanding tables for length 4 to character count 28
0:00:00:36 - Trying length 4, fixed @1, character count 27
0:00:00:36 - Switching to length 11
0:00:00:36 - Expanding tables for length 11 to character count 2
0:00:00:36 - Trying length 11, fixed @9, character count 2
0:00:00:36 - Switching to length 5
0:00:00:36 - Expanding tables for length 5 to character count 27
0:00:00:36 - Trying length 5, fixed @4, character count 27
0:00:00:36 - Switching to length 3
0:00:00:36 - Expanding tables for length 3 to character count 34
0:00:00:36 - Trying length 3, fixed @1, character count 30
0:00:00:36 - Switching to length 8
0:00:00:36 - Expanding tables for length 8 to character count 8
0:00:00:36 - Trying length 8, fixed @4, character count 8
0:00:00:36 - Switching to length 6
0:00:00:36 - Expanding tables for length 6 to character count 22
0:00:00:36 - Trying length 6, fixed @1, character count 19
0:00:00:37 - Trying length 6, fixed @3, character count 19
0:00:00:38 - Switching to length 4
0:00:00:38 - Expanding tables for length 4 to character count 28
0:00:00:38 - Trying length 4, fixed @2, character count 21
0:00:00:38 - Switching to length 8
0:00:00:38 - Expanding tables for length 8 to character count 8
0:00:00:38 - Trying length 8, fixed @6, character count 8
0:00:00:38 - Switching to length 4
0:00:00:38 - Expanding tables for length 4 to character count 28
0:00:00:38 - Trying length 4, fixed @4, character count 25
0:00:00:38 - Switching to length 7
0:00:00:38 - Expanding tables for length 7 to character count 12
0:00:00:38 - Trying length 7, fixed @6, character count 12
0:00:00:39 - Switching to length 3
0:00:00:39 - Expanding tables for length 3 to character count 34
0:00:00:39 - Trying length 3, fixed @2, character count 27
0:00:00:39 - Switching to length 4
0:00:00:39 - Expanding tables for length 4 to character count 28
0:00:00:39 - Trying length 4, fixed @4, character count 26
0:00:00:39 - Trying length 4, fixed @1, character count 28
0:00:00:39 - Switching to length 5
0:00:00:39 - Expanding tables for length 5 to character count 27
0:00:00:39 - Trying length 5, fixed @2, character count 18
0:00:00:39 - Switching to length 3
0:00:00:39 - Expanding tables for length 3 to character count 34
0:00:00:39 - Trying length 3, fixed @2, character count 28
0:00:00:39 - Switching to length 6
0:00:00:39 - Expanding tables for length 6 to character count 22
0:00:00:39 - Trying length 6, fixed @2, character count 19
0:00:00:39 - Switching to length 7
0:00:00:39 - Expanding tables for length 7 to character count 12
0:00:00:39 - Trying length 7, fixed @4, character count 12
0:00:00:40 - Switching to length 3
0:00:00:40 - Expanding tables for length 3 to character count 34
0:00:00:40 - Trying length 3, fixed @2, character count 29
0:00:00:40 - Expanding tables for length 3 to character count 35
0:00:00:40 - Trying length 3, fixed @3, character count 35
0:00:00:40 - Switching to length 5
0:00:00:40 - Expanding tables for length 5 to character count 27
0:00:00:40 - Trying length 5, fixed @3, character count 25
0:00:00:40 - Switching to length 4
0:00:00:40 - Expanding tables for length 4 to character count 29
0:00:00:40 - Trying length 4, fixed @3, character count 29
0:00:00:40 - Switching to length 6
0:00:00:40 - Expanding tables for length 6 to character count 22
0:00:00:40 - Trying length 6, fixed @5, character count 19
0:00:00:41 - Expanding tables for length 6 to character count 23
0:00:00:41 - Trying length 6, fixed @4, character count 23
0:00:00:41 - Switching to length 7
0:00:00:41 - Expanding tables for length 7 to character count 12
0:00:00:41 - Trying length 7, fixed @5, character count 12
0:00:00:42 - Switching to length 3
0:00:00:42 - Expanding tables for length 3 to character count 35
0:00:00:42 - Trying length 3, fixed @2, character count 30
0:00:00:42 - Switching to length 5
0:00:00:42 - Expanding tables for length 5 to character count 27
0:00:00:42 - Trying length 5, fixed @1, character count 23
0:00:00:42 - Switching to length 8
0:00:00:42 - Expanding tables for length 8 to character count 8
0:00:00:42 - Trying length 8, fixed @2, character count 8
0:00:00:42 - Switching to length 2
0:00:00:42 - Expanding tables for length 2 to character count 46
0:00:00:42 - Trying length 2, fixed @2, character count 43
0:00:00:42 - Trying length 2, fixed @2, character count 44
0:00:00:42 - Trying length 2, fixed @2, character count 45
0:00:00:42 - Switching to length 4
0:00:00:42 - Expanding tables for length 4 to character count 30
0:00:00:42 - Trying length 4, fixed @3, character count 30
0:00:00:42 - Switching to length 7
0:00:00:42 - Expanding tables for length 7 to character count 13
0:00:00:42 - Trying length 7, fixed @7, character count 13
0:00:00:43 - Switching to length 2
0:00:00:43 - Expanding tables for length 2 to character count 46
0:00:00:43 - Trying length 2, fixed @2, character count 46
0:00:00:43 - Expanding tables for length 2 to character count 47
0:00:00:43 - Trying length 2, fixed @1, character count 47
0:00:00:43 - Switching to length 11
0:00:00:43 - Expanding tables for length 11 to character count 2
0:00:00:43 - Trying length 11, fixed @7, character count 2
0:00:00:43 - Switching to length 10
0:00:00:43 - Expanding tables for length 10 to character count 4
0:00:00:43 - Trying length 10, fixed @2, character count 4
0:00:00:43 - Switching to length 3
0:00:00:43 - Expanding tables for length 3 to character count 35
0:00:00:43 - Trying length 3, fixed @1, character count 31
0:00:00:43 - Switching to length 2
0:00:00:43 - Expanding tables for length 2 to character count 47
0:00:00:43 - Trying length 2, fixed @2, character count 47
0:00:00:43 - Switching to length 6
0:00:00:43 - Expanding tables for length 6 to character count 23
0:00:00:43 - Trying length 6, fixed @3, character count 20
0:00:00:44 - Switching to length 2
0:00:00:44 - Expanding tables for length 2 to character count 48
0:00:00:44 - Trying length 2, fixed @1, character count 48
0:00:00:44 - Switching to length 11
0:00:00:44 - Expanding tables for length 11 to character count 2
0:00:00:44 - Trying length 11, fixed @11, character count 2
0:00:00:44 - Switching to length 2
0:00:00:44 - Expanding tables for length 2 to character count 48
0:00:00:44 - Trying length 2, fixed @2, character count 48
0:00:00:44 - Expanding tables for length 2 to character count 49
0:00:00:44 - Trying length 2, fixed @1, character count 49
0:00:00:44 - Expanding tables for length 2 to character count 50
0:00:00:44 - Trying length 2, fixed @1, character count 50
0:00:00:44 - Expanding tables for length 2 to character count 51
0:00:00:44 - Trying length 2, fixed @1, character count 51
0:00:00:44 - Expanding tables for length 2 to character count 52
0:00:00:44 - Trying length 2, fixed @1, character count 52
0:00:00:44 - Expanding tables for length 2 to character count 53
0:00:00:44 - Trying length 2, fixed @1, character count 53
0:00:00:44 - Expanding tables for length 2 to character count 54
0:00:00:44 - Trying length 2, fixed @1, character count 54
0:00:00:44 - Expanding tables for length 2 to character count 55
0:00:00:44 - Trying length 2, fixed @1, character count 55
0:00:00:44 - Switching to length 6
0:00:00:44 - Expanding tables for length 6 to character count 24
0:00:00:44 - Trying length 6, fixed @4, character count 24
0:00:00:45 - Switching to length 10
0:00:00:45 - Expanding tables for length 10 to character count 5
0:00:00:45 - Trying length 10, fixed @2, character count 5
0:00:00:45 - Switching to length 5
0:00:00:45 - Expanding tables for length 5 to character count 27
0:00:00:45 - Trying length 5, fixed @2, character count 19
0:00:00:45 - Switching to length 3
0:00:00:45 - Expanding tables for length 3 to character count 35
0:00:00:45 - Trying length 3, fixed @2, character count 31
0:00:00:45 - Switching to length 7
0:00:00:45 - Expanding tables for length 7 to character count 13
0:00:00:45 - Trying length 7, fixed @3, character count 12
0:00:00:45 - Switching to length 3
0:00:00:45 - Expanding tables for length 3 to character count 35
0:00:00:45 - Trying length 3, fixed @1, character count 32
0:00:00:45 - Switching to length 5
0:00:00:46 - Expanding tables for length 5 to character count 27
0:00:00:46 - Trying length 5, fixed @5, character count 25
0:00:00:46 - Trying length 5, fixed @3, character count 26
0:00:00:46 - Switching to length 9
0:00:00:46 - Expanding tables for length 9 to character count 6
0:00:00:46 - Trying length 9, fixed @6, character count 6
0:00:00:46 - Switching to length 7
0:00:00:46 - Expanding tables for length 7 to character count 13
0:00:00:46 - Trying length 7, fixed @1, character count 13
0:00:00:46 - Switching to length 4
0:00:00:46 - Expanding tables for length 4 to character count 30
0:00:00:46 - Trying length 4, fixed @2, character count 22
0:00:00:46 - Switching to length 3
0:00:00:46 - Expanding tables for length 3 to character count 35
0:00:00:46 - Trying length 3, fixed @2, character count 32
0:00:00:46 - Switching to length 6
0:00:00:46 - Expanding tables for length 6 to character count 24
0:00:00:46 - Trying length 6, fixed @1, character count 20
0:00:00:47 - Switching to length 3
0:00:00:47 - Expanding tables for length 3 to character count 35
0:00:00:47 - Trying length 3, fixed @1, character count 33
0:00:00:47 - Switching to length 9
0:00:00:47 - Expanding tables for length 9 to character count 6
0:00:00:47 - Trying length 9, fixed @3, character count 6
0:00:00:47 Session aborted
0:00:00:00 Starting a new session
0:00:00:00 Loaded a total of 1 password hash
0:00:00:00 Command line: john ../jwt.txt 
0:00:00:00 - UTF-8 input encoding enabled
0:00:00:00 - Passwords will be stored UTF-8 encoded in .pot file
0:00:00:00 - Hash type: HMAC-SHA256 (min-len 0, max-len 41 [worst case UTF-8] to 125 [ASCII])
0:00:00:00 - Algorithm: password is key, SHA256 256/256 AVX2 8x
0:00:00:00 - Will reject candidates longer than 125 bytes
0:00:00:00 - Candidate passwords will be buffered and tried in chunks of 16384
0:00:00:00 Proceeding with "single crack" mode
0:00:00:00 - SingleWordsPairMax used is 6
0:00:00:00 - SingleRetestGuessed = true
0:00:00:00 - SingleMaxBufferSize = 4 GB
0:00:00:00 - SinglePrioResume = N (prioritize speed over resumability)
0:00:00:00 - No stacked rules
0:00:00:00 - 1129 preprocessed word mangling rules
0:00:00:00 - Allocated 1 buffer of 64 candidate passwords (total 136 KB)
0:00:00:00 - No stacked rules
0:00:00:00 - Rule #1: ':' accepted as ''
0:00:00:00 - No information to base candidate passwords on
0:00:00:00 - Processing the remaining buffered candidate passwords, if any
0:00:00:00 Proceeding with wordlist mode
0:00:00:00 - Rules: Wordlist
0:00:00:00 - Wordlist file: password.lst
0:00:00:00 - memory mapping wordlist (29884 bytes)
0:00:00:00 - 57 preprocessed word mangling rules
0:00:00:00 - No stacked rules
0:00:00:00 - Rule #1: ':' accepted as ''
0:00:00:00 - Rule #2: '-c >3 !?X l Q' accepted as '>3!?XlQ'
0:00:00:00 - Rule #3: '-c (?a >2 !?X c Q' accepted as '(?a>2!?XcQ'
0:00:00:00 - Rule #4: '<* >2 !?A l p' accepted as '<*>2!?Alp'
0:00:00:00 - Rule #5: '<* >2 !?A l $1' accepted as '<*>2!?Al$1'
0:00:00:00 - Rule #6: '-c <* >2 !?A c $1' accepted as '<*>2!?Ac$1'
0:00:00:00 - Rule #7: '<7 >1 !?A l d' accepted as '<7>1!?Ald'
0:00:00:00 - Rule #8: '>3 !?A l M r Q' accepted as '>3!?AlMrQ'
0:00:00:00 - Rule #9: '>2 !?A l ^1' accepted as '>2!?Al^1'
0:00:00:00 - Rule #10: '-c >2 !?X u Q M c Q u' accepted as '>2!?XuQMcQu'
0:00:00:00 - Rule #11: '<* >2 !?A l $2' accepted as '<*>2!?Al$2'
0:00:00:00 - Rule #12: '<* >2 !?A l $!' accepted as '<*>2!?Al$!'
0:00:00:00 - Rule #13: '<* >2 !?A l $3' accepted as '<*>2!?Al$3'
0:00:00:00 - Rule #14: '<* >2 !?A l $7' accepted as '<*>2!?Al$7'
0:00:00:00 - Rule #15: '<* >2 !?A l $9' accepted as '<*>2!?Al$9'
0:00:00:00 - Rule #16: '<* >2 !?A l $5' accepted as '<*>2!?Al$5'
0:00:00:00 - Rule #17: '<* >2 !?A l $4' accepted as '<*>2!?Al$4'
0:00:00:00 - Rule #18: '<* >2 !?A l $8' accepted as '<*>2!?Al$8'
0:00:00:00 - Rule #19: '<* >2 !?A l $6' accepted as '<*>2!?Al$6'
0:00:00:00 - Rule #20: '<* >2 !?A l $0' accepted as '<*>2!?Al$0'
0:00:00:00 - Rule #21: '<* >2 !?A l $.' accepted as '<*>2!?Al$.'
0:00:00:00 - Rule #22: '<* >2 !?A l $?' accepted as '<*>2!?Al$?'
0:00:00:00 - Rule #23: '/?p @?p >3 l' accepted as '/?p@?p>3l'
0:00:00:00 - Rule #24: '/?v @?v >3 l' accepted as '/?v@?v>3l'
0:00:00:00 - Rule #25: '/?w @?w >3 l' accepted as '/?w@?w>3l'
0:00:00:00 - Rule #26: '-c <7 >1 !?A c d' accepted as '<7>1!?Acd'
0:00:00:00 - Rule #27: '-c <+ >2 !?A c r' accepted as '<+>2!?Acr'
0:00:00:00 - Rule #28: '-c >2 !?A l M r Q c' accepted as '>2!?AlMrQc'
0:00:00:00 - Rule #29: '<7 >1 !?A l d M 'l f Q' accepted as '<7>1!?AldM'lfQ'
0:00:00:00 - Rule #30: '-c <+ >2 !?A l M r Q c r' accepted as '<+>2!?AlMrQcr'
0:00:00:00 - Rule #31: '>2 !?A l ^2' accepted as '>2!?Al^2'
0:00:00:00 - Rule #32: '>2 !?A l ^4' accepted as '>2!?Al^4'
0:00:00:00 - Rule #33: '-c <* >2 !?A c $2' accepted as '<*>2!?Ac$2'
0:00:00:00 - Rule #34: '-c <* >2 !?A c $!' accepted as '<*>2!?Ac$!'
0:00:00:00 - Rule #35: '-c <* >2 !?A c $3' accepted as '<*>2!?Ac$3'
0:00:00:00 - Rule #36: '-c <* >2 !?A c $9' accepted as '<*>2!?Ac$9'
0:00:00:00 - Rule #37: '-c <* >2 !?A c $5' accepted as '<*>2!?Ac$5'
0:00:00:00 - Rule #38: '-c <* >2 !?A c $7' accepted as '<*>2!?Ac$7'
0:00:00:00 - Rule #39: '-c <* >2 !?A c $4' accepted as '<*>2!?Ac$4'
0:00:00:00 - Rule #40: '-c <* >2 !?A c $6' accepted as '<*>2!?Ac$6'
0:00:00:00 - Rule #41: '-c <* >2 !?A c $8' accepted as '<*>2!?Ac$8'
0:00:00:00 - Rule #42: '-c <* >2 !?A c $.' accepted as '<*>2!?Ac$.'
0:00:00:00 - Rule #43: '-c <* >2 !?A c $?' accepted as '<*>2!?Ac$?'
0:00:00:00 - Rule #44: '-c <* >2 !?A c $0' accepted as '<*>2!?Ac$0'
0:00:00:00 - Rule #45: '>2 !?A l ^3' accepted as '>2!?Al^3'
0:00:00:00 - Rule #46: '>2 !?A l ^7' accepted as '>2!?Al^7'
0:00:00:00 - Rule #47: '>2 !?A l ^9' accepted as '>2!?Al^9'
0:00:00:00 - Rule #48: '>2 !?A l ^5' accepted as '>2!?Al^5'
0:00:00:00 - Rule #49: '>2 !?A l ^6' accepted as '>2!?Al^6'
0:00:00:00 - Rule #50: '>2 !?A l ^8' accepted as '>2!?Al^8'
0:00:00:00 - Rule #51: '-c <* >2 !?A c p' accepted as '<*>2!?Acp'
0:00:00:00 - Rule #52: '-: <* >2 !?A l M P Q' accepted as '<*>2!?AlMPQ'
0:00:00:00 - Rule #53: '-: <* >2 !?A l M I Q' accepted as '<*>2!?AlMIQ'
0:00:00:00 - Rule #54: '-c <* >2 !?A c M P Q' accepted as '<*>2!?AcMPQ'
0:00:00:00 - Rule #55: '-c <* >2 !?A c M I Q' accepted as '<*>2!?AcMIQ'
0:00:00:00 - Rule #56: '-s x**' rejected
0:00:00:00 - Rule #57: '-s-c x** M l Q' rejected
0:00:00:00 Proceeding with "incremental" mode: ASCII
0:00:00:00 - Lengths 0 to 13, up to 95 different characters
0:00:00:00 - No stacked rules
0:00:00:00 - Switching to length 6
0:00:00:00 - Expanding tables for length 6 to character count 1
0:00:00:00 - Trying length 6, fixed @1, character count 1
0:00:00:00 - Switching to length 5
0:00:00:00 - Expanding tables for length 5 to character count 1
0:00:00:00 - Trying length 5, fixed @1, character count 1
0:00:00:00 - Switching to length 6
0:00:00:00 - Expanding tables for length 6 to character count 2
0:00:00:00 - Trying length 6, fixed @2, character count 2
0:00:00:00 - Trying length 6, fixed @6, character count 2
0:00:00:00 - Switching to length 5
0:00:00:00 - Expanding tables for length 5 to character count 2
0:00:00:00 - Trying length 5, fixed @5, character count 2
0:00:00:00 - Switching to length 6
0:00:00:00 - Expanding tables for length 6 to character count 2
0:00:00:00 - Trying length 6, fixed @3, character count 2
0:00:00:00 - Trying length 6, fixed @4, character count 2
0:00:00:00 - Switching to length 5
0:00:00:00 - Expanding tables for length 5 to character count 2
0:00:00:00 - Trying length 5, fixed @2, character count 2
0:00:00:00 - Switching to length 7
0:00:00:00 - Expanding tables for length 7 to character count 1
0:00:00:00 - Trying length 7, fixed @1, character count 1
0:00:00:00 - Switching to length 5
0:00:00:00 - Expanding tables for length 5 to character count 2
0:00:00:00 - Trying length 5, fixed @4, character count 2
0:00:00:00 - Switching to length 6
0:00:00:00 - Expanding tables for length 6 to character count 2
0:00:00:00 - Trying length 6, fixed @1, character count 2
0:00:00:00 - Switching to length 5
0:00:00:00 - Expanding tables for length 5 to character count 2
0:00:00:00 - Trying length 5, fixed @3, character count 2
0:00:00:00 - Switching to length 6
0:00:00:00 - Expanding tables for length 6 to character count 2
0:00:00:00 - Trying length 6, fixed @5, character count 2
0:00:00:00 - Switching to length 4
0:00:00:00 - Expanding tables for length 4 to character count 1
0:00:00:00 - Trying length 4, fixed @1, character count 1
0:00:00:00 - Switching to length 5
0:00:00:00 - Expanding tables for length 5 to character count 2
0:00:00:00 - Trying length 5, fixed @1, character count 2
0:00:00:00 - Expanding tables for length 5 to character count 3
0:00:00:00 - Trying length 5, fixed @2, character count 3
0:00:00:00 - Switching to length 6
0:00:00:00 - Expanding tables for length 6 to character count 3
0:00:00:00 - Trying length 6, fixed @2, character count 3
0:00:00:00 - Switching to length 4
0:00:00:00 - Expanding tables for length 4 to character count 2
0:00:00:00 - Trying length 4, fixed @2, character count 2
0:00:00:00 - Switching to length 6
0:00:00:00 - Expanding tables for length 6 to character count 3
0:00:00:00 - Trying length 6, fixed @6, character count 3
0:00:00:00 - Switching to length 7
0:00:00:00 - Expanding tables for length 7 to character count 2
0:00:00:00 - Trying length 7, fixed @2, character count 2
0:00:00:00 - Switching to length 6
0:00:00:00 - Expanding tables for length 6 to character count 3
0:00:00:00 - Trying length 6, fixed @3, character count 3
0:00:00:00 - Switching to length 5
0:00:00:00 - Expanding tables for length 5 to character count 3
0:00:00:00 - Trying length 5, fixed @5, character count 3
0:00:00:00 - Switching to length 7
0:00:00:00 - Expanding tables for length 7 to character count 2
0:00:00:00 - Trying length 7, fixed @5, character count 2
0:00:00:00 - Switching to length 5
0:00:00:00 - Expanding tables for length 5 to character count 3
0:00:00:00 - Trying length 5, fixed @3, character count 3
0:00:00:00 - Switching to length 6
0:00:00:00 - Expanding tables for length 6 to character count 3
0:00:00:00 - Trying length 6, fixed @1, character count 3
0:00:00:00 - Trying length 6, fixed @4, character count 3
0:00:00:00 - Switching to length 7
0:00:00:01 - Expanding tables for length 7 to character count 2
0:00:00:01 - Trying length 7, fixed @3, character count 2
0:00:00:01 - Switching to length 5
0:00:00:01 - Expanding tables for length 5 to character count 3
0:00:00:01 - Trying length 5, fixed @4, character count 3
0:00:00:01 - Switching to length 8
0:00:00:01 - Expanding tables for length 8 to character count 1
0:00:00:01 - Trying length 8, fixed @1, character count 1
0:00:00:01 - Switching to length 6
0:00:00:01 - Expanding tables for length 6 to character count 3
0:00:00:01 - Trying length 6, fixed @5, character count 3
0:00:00:01 - Switching to length 4
0:00:00:01 - Expanding tables for length 4 to character count 2
0:00:00:01 - Trying length 4, fixed @1, character count 2
0:00:00:01 - Switching to length 5
0:00:00:01 - Expanding tables for length 5 to character count 3
0:00:00:01 - Trying length 5, fixed @1, character count 3
0:00:00:01 - Switching to length 7
0:00:00:01 - Expanding tables for length 7 to character count 2
0:00:00:01 - Trying length 7, fixed @7, character count 2
0:00:00:01 - Trying length 7, fixed @4, character count 2
0:00:00:01 - Switching to length 5
0:00:00:01 - Expanding tables for length 5 to character count 4
0:00:00:01 - Trying length 5, fixed @2, character count 4
0:00:00:01 - Switching to length 7
0:00:00:01 - Expanding tables for length 7 to character count 2
0:00:00:01 - Trying length 7, fixed @1, character count 2
0:00:00:01 - Switching to length 6
0:00:00:01 - Expanding tables for length 6 to character count 4
0:00:00:01 - Trying length 6, fixed @6, character count 4
0:00:00:01 - Switching to length 2
0:00:00:01 - Expanding tables for length 2 to character count 1
0:00:00:01 - Trying length 2, fixed @1, character count 1
0:00:00:01 - Switching to length 5
0:00:00:01 - Expanding tables for length 5 to character count 4
0:00:00:01 - Trying length 5, fixed @5, character count 4
0:00:00:01 - Switching to length 4
0:00:00:01 - Expanding tables for length 4 to character count 2
0:00:00:01 - Trying length 4, fixed @4, character count 2
0:00:00:01 - Switching to length 7
0:00:00:01 - Expanding tables for length 7 to character count 2
0:00:00:01 - Trying length 7, fixed @6, character count 2
0:00:00:01 - Switching to length 5
0:00:00:01 - Expanding tables for length 5 to character count 4
0:00:00:01 - Trying length 5, fixed @3, character count 4
0:00:00:01 - Switching to length 6
0:00:00:01 - Expanding tables for length 6 to character count 4
0:00:00:01 - Trying length 6, fixed @2, character count 4
0:00:00:01 - Switching to length 5
0:00:00:01 - Expanding tables for length 5 to character count 5
0:00:00:01 - Trying length 5, fixed @2, character count 5
0:00:00:01 - Switching to length 6
0:00:00:01 - Expanding tables for length 6 to character count 5
0:00:00:01 - Trying length 6, fixed @2, character count 5
0:00:00:01 - Switching to length 4
0:00:00:01 - Expanding tables for length 4 to character count 2
0:00:00:01 - Trying length 4, fixed @3, character count 2
0:00:00:01 - Expanding tables for length 4 to character count 3
0:00:00:01 - Trying length 4, fixed @2, character count 3
0:00:00:01 - Switching to length 5
0:00:00:01 - Expanding tables for length 5 to character count 5
0:00:00:01 - Trying length 5, fixed @4, character count 4
0:00:00:01 - Trying length 5, fixed @5, character count 5
0:00:00:01 - Switching to length 6
0:00:00:01 - Expanding tables for length 6 to character count 5
0:00:00:01 - Trying length 6, fixed @1, character count 4
0:00:00:01 - Trying length 6, fixed @3, character count 4
0:00:00:01 - Switching to length 5
0:00:00:01 - Expanding tables for length 5 to character count 5
0:00:00:01 - Trying length 5, fixed @3, character count 5
0:00:00:01 - Switching to length 6
0:00:00:01 - Expanding tables for length 6 to character count 5
0:00:00:01 - Trying length 6, fixed @5, character count 4
0:00:00:01 - Trying length 6, fixed @5, character count 5
0:00:00:01 - Trying length 6, fixed @3, character count 5
0:00:00:01 - Switching to length 5
0:00:00:01 - Expanding tables for length 5 to character count 5
0:00:00:01 - Trying length 5, fixed @1, character count 4
0:00:00:01 - Switching to length 2
0:00:00:01 - Expanding tables for length 2 to character count 2
0:00:00:01 - Trying length 2, fixed @2, character count 2
0:00:00:01 - Switching to length 5
0:00:00:01 - Expanding tables for length 5 to character count 5
0:00:00:01 - Trying length 5, fixed @4, character count 5
0:00:00:01 - Trying length 5, fixed @1, character count 5
0:00:00:01 - Switching to length 7
0:00:00:01 - Expanding tables for length 7 to character count 3
0:00:00:01 - Trying length 7, fixed @2, character count 3
0:00:00:01 - Switching to length 3
0:00:00:01 - Expanding tables for length 3 to character count 1
0:00:00:01 - Trying length 3, fixed @1, character count 1
0:00:00:01 - Expanding tables for length 3 to character count 2
0:00:00:01 - Trying length 3, fixed @2, character count 2
0:00:00:01 - Switching to length 4
0:00:00:01 - Expanding tables for length 4 to character count 3
0:00:00:01 - Trying length 4, fixed @4, character count 3
0:00:00:01 - Switching to length 6
0:00:00:01 - Expanding tables for length 6 to character count 5
0:00:00:01 - Trying length 6, fixed @4, character count 4
0:00:00:01 - Switching to length 8
0:00:00:02 - Expanding tables for length 8 to character count 2
0:00:00:02 - Trying length 8, fixed @2, character count 2
0:00:00:02 - Switching to length 6
0:00:00:02 - Expanding tables for length 6 to character count 5
0:00:00:02 - Trying length 6, fixed @1, character count 5
0:00:00:02 - Trying length 6, fixed @6, character count 5
0:00:00:02 - Switching to length 7
0:00:00:02 - Expanding tables for length 7 to character count 3
0:00:00:02 - Trying length 7, fixed @5, character count 3
0:00:00:02 - Switching to length 8
0:00:00:02 - Expanding tables for length 8 to character count 2
0:00:00:02 - Trying length 8, fixed @7, character count 2
0:00:00:02 - Switching to length 7
0:00:00:02 - Expanding tables for length 7 to character count 3
0:00:00:02 - Trying length 7, fixed @3, character count 3
0:00:00:02 - Switching to length 4
0:00:00:02 - Expanding tables for length 4 to character count 3
0:00:00:02 - Trying length 4, fixed @1, character count 3
0:00:00:02 - Switching to length 5
0:00:00:02 - Expanding tables for length 5 to character count 6
0:00:00:02 - Trying length 5, fixed @5, character count 6
0:00:00:02 - Switching to length 8
0:00:00:02 - Expanding tables for length 8 to character count 2
0:00:00:02 - Trying length 8, fixed @6, character count 2
0:00:00:02 - Switching to length 6
0:00:00:02 - Expanding tables for length 6 to character count 5
0:00:00:02 - Trying length 6, fixed @4, character count 5
0:00:00:02 - Switching to length 5
0:00:00:02 - Expanding tables for length 5 to character count 6
0:00:00:02 - Trying length 5, fixed @3, character count 6
0:00:00:02 - Switching to length 7
0:00:00:02 - Expanding tables for length 7 to character count 3
0:00:00:02 - Trying length 7, fixed @4, character count 3
0:00:00:02 - Trying length 7, fixed @6, character count 3
0:00:00:02 - Switching to length 4
0:00:00:02 - Expanding tables for length 4 to character count 3
0:00:00:02 - Trying length 4, fixed @3, character count 3
0:00:00:02 - Switching to length 3
0:00:00:02 - Expanding tables for length 3 to character count 2
0:00:00:02 - Trying length 3, fixed @1, character count 2
0:00:00:02 - Switching to length 4
0:00:00:02 - Expanding tables for length 4 to character count 4
0:00:00:02 - Trying length 4, fixed @2, character count 4
0:00:00:02 - Switching to length 9
0:00:00:02 - Expanding tables for length 9 to character count 1
0:00:00:02 - Trying length 9, fixed @1, character count 1
0:00:00:02 - Switching to length 8
0:00:00:02 - Expanding tables for length 8 to character count 2
0:00:00:02 - Trying length 8, fixed @5, character count 2
0:00:00:02 - Switching to length 7
0:00:00:02 - Expanding tables for length 7 to character count 3
0:00:00:02 - Trying length 7, fixed @1, character count 3
0:00:00:02 - Switching to length 5
0:00:00:02 - Expanding tables for length 5 to character count 6
0:00:00:02 - Trying length 5, fixed @2, character count 6
0:00:00:02 - Switching to length 6
0:00:00:02 - Expanding tables for length 6 to character count 6
0:00:00:02 - Trying length 6, fixed @5, character count 6
0:00:00:02 - Switching to length 1
0:00:00:02 - Expanding tables for length 1 to character count 1
0:00:00:02 - Trying length 1, fixed @1, character count 1
0:00:00:02 - Switching to length 8
0:00:00:02 - Expanding tables for length 8 to character count 2
0:00:00:02 - Trying length 8, fixed @1, character count 2
0:00:00:02 - Switching to length 3
0:00:00:02 - Expanding tables for length 3 to character count 3
0:00:00:02 - Trying length 3, fixed @2, character count 3
0:00:00:02 - Switching to length 5
0:00:00:02 - Expanding tables for length 5 to character count 6
0:00:00:02 - Trying length 5, fixed @4, character count 6
0:00:00:02 - Trying length 5, fixed @1, character count 6
0:00:00:02 - Switching to length 8
0:00:00:03 - Expanding tables for length 8 to character count 2
0:00:00:03 - Trying length 8, fixed @3, character count 2
0:00:00:03 - Switching to length 2
0:00:00:03 - Expanding tables for length 2 to character count 2
0:00:00:03 - Trying length 2, fixed @1, character count 2
0:00:00:03 - Switching to length 6
0:00:00:03 - Expanding tables for length 6 to character count 6
0:00:00:03 - Trying length 6, fixed @3, character count 6
0:00:00:03 - Switching to length 2
0:00:00:03 - Expanding tables for length 2 to character count 3
0:00:00:03 - Trying length 2, fixed @2, character count 3
0:00:00:03 - Switching to length 6
0:00:00:03 - Expanding tables for length 6 to character count 6
0:00:00:03 - Trying length 6, fixed @6, character count 6
0:00:00:03 - Switching to length 7
0:00:00:03 - Expanding tables for length 7 to character count 3
0:00:00:03 - Trying length 7, fixed @7, character count 3
0:00:00:03 - Switching to length 4
0:00:00:03 - Expanding tables for length 4 to character count 5
0:00:00:03 - Trying length 4, fixed @2, character count 5
0:00:00:03 - Switching to length 2
0:00:00:03 - Expanding tables for length 2 to character count 4
0:00:00:03 - Trying length 2, fixed @2, character count 4
0:00:00:03 - Switching to length 8
0:00:00:03 - Expanding tables for length 8 to character count 2
0:00:00:03 - Trying length 8, fixed @4, character count 2
0:00:00:03 - Switching to length 3
0:00:00:03 - Expanding tables for length 3 to character count 3
0:00:00:03 - Trying length 3, fixed @3, character count 2
0:00:00:03 - Switching to length 5
0:00:00:03 - Expanding tables for length 5 to character count 7
0:00:00:03 - Trying length 5, fixed @5, character count 7
0:00:00:03 - Switching to length 3
0:00:00:03 - Expanding tables for length 3 to character count 3
0:00:00:03 - Trying length 3, fixed @1, character count 3
0:00:00:03 - Switching to length 6
0:00:00:03 - Expanding tables for length 6 to character count 6
0:00:00:03 - Trying length 6, fixed @2, character count 6
0:00:00:03 - Switching to length 5
0:00:00:03 - Expanding tables for length 5 to character count 7
0:00:00:03 - Trying length 5, fixed @1, character count 7
0:00:00:03 - Switching to length 6
0:00:00:03 - Expanding tables for length 6 to character count 6
0:00:00:03 - Trying length 6, fixed @1, character count 6
0:00:00:03 - Switching to length 4
0:00:00:03 - Expanding tables for length 4 to character count 5
0:00:00:03 - Trying length 4, fixed @1, character count 4
0:00:00:03 - Trying length 4, fixed @3, character count 4
0:00:00:03 - Trying length 4, fixed @1, character count 5
0:00:00:03 - Switching to length 3
0:00:00:03 - Expanding tables for length 3 to character count 3
0:00:00:03 - Trying length 3, fixed @3, character count 3
0:00:00:03 - Switching to length 8
0:00:00:03 - Expanding tables for length 8 to character count 2
0:00:00:03 - Trying length 8, fixed @8, character count 2
0:00:00:03 - Switching to length 6
0:00:00:03 - Expanding tables for length 6 to character count 6
0:00:00:03 - Trying length 6, fixed @4, character count 6
0:00:00:03 - Switching to length 4
0:00:00:03 - Expanding tables for length 4 to character count 5
0:00:00:03 - Trying length 4, fixed @3, character count 5
0:00:00:03 - Switching to length 3
0:00:00:03 - Expanding tables for length 3 to character count 4
0:00:00:03 - Trying length 3, fixed @1, character count 4
0:00:00:03 - Switching to length 5
0:00:00:03 - Expanding tables for length 5 to character count 7
0:00:00:03 - Trying length 5, fixed @3, character count 7
0:00:00:03 - Switching to length 7
0:00:00:03 - Expanding tables for length 7 to character count 4
0:00:00:03 - Trying length 7, fixed @2, character count 4
0:00:00:03 - Switching to length 6
0:00:00:03 - Expanding tables for length 6 to character count 7
0:00:00:03 - Trying length 6, fixed @5, character count 7
0:00:00:03 - Switching to length 2
0:00:00:03 - Expanding tables for length 2 to character count 4
0:00:00:03 - Trying length 2, fixed @1, character count 3
0:00:00:03 - Switching to length 5
0:00:00:03 - Expanding tables for length 5 to character count 8
0:00:00:03 - Trying length 5, fixed @1, character count 8
0:00:00:03 - Switching to length 3
0:00:00:03 - Expanding tables for length 3 to character count 4
0:00:00:03 - Trying length 3, fixed @2, character count 4
0:00:00:03 - Switching to length 4
0:00:00:03 - Expanding tables for length 4 to character count 5
0:00:00:03 - Trying length 4, fixed @4, character count 4
0:00:00:03 - Switching to length 6
0:00:00:03 - Expanding tables for length 6 to character count 7
0:00:00:03 - Trying length 6, fixed @6, character count 7
0:00:00:03 - Switching to length 5
0:00:00:03 - Expanding tables for length 5 to character count 8
0:00:00:03 - Trying length 5, fixed @2, character count 7
0:00:00:03 - Switching to length 3
0:00:00:03 - Expanding tables for length 3 to character count 4
0:00:00:03 - Trying length 3, fixed @3, character count 4
0:00:00:03 - Switching to length 7
0:00:00:03 - Expanding tables for length 7 to character count 4
0:00:00:03 - Trying length 7, fixed @6, character count 4
0:00:00:03 - Expanding tables for length 7 to character count 5
0:00:00:03 - Trying length 7, fixed @6, character count 5
0:00:00:03 - Switching to length 2
0:00:00:03 - Expanding tables for length 2 to character count 4
0:00:00:03 - Trying length 2, fixed @1, character count 4
0:00:00:03 - Switching to length 5
0:00:00:03 - Expanding tables for length 5 to character count 8
0:00:00:03 - Trying length 5, fixed @4, character count 7
0:00:00:03 - Switching to length 4
0:00:00:03 - Expanding tables for length 4 to character count 5
0:00:00:03 - Trying length 4, fixed @4, character count 5
0:00:00:03 - Switching to length 6
0:00:00:04 - Expanding tables for length 6 to character count 7
0:00:00:04 - Trying length 6, fixed @3, character count 7
0:00:00:04 - Switching to length 3
0:00:00:04 - Expanding tables for length 3 to character count 5
0:00:00:04 - Trying length 3, fixed @1, character count 5
0:00:00:04 - Switching to length 10
0:00:00:04 - Expanding tables for length 10 to character count 1
0:00:00:04 - Trying length 10, fixed @1, character count 1
0:00:00:04 - Switching to length 7
0:00:00:04 - Expanding tables for length 7 to character count 5
0:00:00:04 - Trying length 7, fixed @1, character count 4
0:00:00:04 - Trying length 7, fixed @1, character count 5
0:00:00:04 - Switching to length 2
0:00:00:04 - Expanding tables for length 2 to character count 5
0:00:00:04 - Trying length 2, fixed @1, character count 5
0:00:00:04 - Switching to length 6
0:00:00:04 - Expanding tables for length 6 to character count 7
0:00:00:04 - Trying length 6, fixed @1, character count 7
0:00:00:04 - Switching to length 5
0:00:00:04 - Expanding tables for length 5 to character count 8
0:00:00:04 - Trying length 5, fixed @3, character count 8
0:00:00:04 - Switching to length 4
0:00:00:04 - Expanding tables for length 4 to character count 6
0:00:00:04 - Trying length 4, fixed @1, character count 6
0:00:00:04 - Switching to length 7
0:00:00:04 - Expanding tables for length 7 to character count 5
0:00:00:04 - Trying length 7, fixed @3, character count 4
0:00:00:04 - Switching to length 3
0:00:00:04 - Expanding tables for length 3 to character count 5
0:00:00:04 - Trying length 3, fixed @2, character count 5
0:00:00:04 - Switching to length 4
0:00:00:04 - Expanding tables for length 4 to character count 6
0:00:00:04 - Trying length 4, fixed @3, character count 6
0:00:00:04 - Switching to length 3
0:00:00:04 - Expanding tables for length 3 to character count 5
0:00:00:04 - Trying length 3, fixed @3, character count 5
0:00:00:04 - Switching to length 6
0:00:00:04 - Expanding tables for length 6 to character count 7
0:00:00:04 - Trying length 6, fixed @4, character count 7
0:00:00:04 - Switching to length 5
0:00:00:04 - Expanding tables for length 5 to character count 9
0:00:00:04 - Trying length 5, fixed @1, character count 9
0:00:00:04 - Switching to length 6
0:00:00:04 - Expanding tables for length 6 to character count 8
0:00:00:04 - Trying length 6, fixed @5, character count 8
0:00:00:04 - Switching to length 1
0:00:00:04 - Expanding tables for length 1 to character count 2
0:00:00:04 - Trying length 1, fixed @1, character count 2
0:00:00:04 - Switching to length 3
0:00:00:04 - Expanding tables for length 3 to character count 6
0:00:00:04 - Trying length 3, fixed @1, character count 6
0:00:00:04 - Switching to length 7
0:00:00:04 - Expanding tables for length 7 to character count 5
0:00:00:04 - Trying length 7, fixed @7, character count 4
0:00:00:04 - Switching to length 4
0:00:00:04 - Expanding tables for length 4 to character count 6
0:00:00:04 - Trying length 4, fixed @2, character count 6
0:00:00:04 - Switching to length 5
0:00:00:04 - Expanding tables for length 5 to character count 9
0:00:00:04 - Trying length 5, fixed @2, character count 8
0:00:00:04 - Switching to length 3
0:00:00:04 - Expanding tables for length 3 to character count 6
0:00:00:04 - Trying length 3, fixed @3, character count 6
0:00:00:04 - Switching to length 8
0:00:00:04 - Expanding tables for length 8 to character count 3
0:00:00:04 - Trying length 8, fixed @2, character count 3
0:00:00:04 - Switching to length 9
0:00:00:04 - Expanding tables for length 9 to character count 2
0:00:00:04 - Trying length 9, fixed @2, character count 2
0:00:00:04 - Switching to length 5
0:00:00:04 - Expanding tables for length 5 to character count 9
0:00:00:04 - Trying length 5, fixed @4, character count 8
0:00:00:04 - Switching to length 4
0:00:00:04 - Expanding tables for length 4 to character count 6
0:00:00:04 - Trying length 4, fixed @4, character count 6
0:00:00:04 - Switching to length 8
0:00:00:04 - Expanding tables for length 8 to character count 3
0:00:00:04 - Trying length 8, fixed @6, character count 3
0:00:00:04 - Switching to length 7
0:00:00:04 - Expanding tables for length 7 to character count 5
0:00:00:04 - Trying length 7, fixed @5, character count 4
0:00:00:04 - Switching to length 3
0:00:00:04 - Expanding tables for length 3 to character count 7
0:00:00:04 - Trying length 3, fixed @3, character count 7
0:00:00:04 - Switching to length 8
0:00:00:05 - Expanding tables for length 8 to character count 3
0:00:00:05 - Trying length 8, fixed @7, character count 3
0:00:00:05 - Switching to length 1
0:00:00:05 - Expanding tables for length 1 to character count 3
0:00:00:05 - Trying length 1, fixed @1, character count 3
0:00:00:05 - Switching to length 6
0:00:00:05 - Expanding tables for length 6 to character count 8
0:00:00:05 - Trying length 6, fixed @2, character count 7
0:00:00:05 - Switching to length 4
0:00:00:05 - Expanding tables for length 4 to character count 7
0:00:00:05 - Trying length 4, fixed @1, character count 7
0:00:00:05 - Switching to length 6
0:00:00:05 - Expanding tables for length 6 to character count 8
0:00:00:05 - Trying length 6, fixed @6, character count 8
0:00:00:05 - Switching to length 9
0:00:00:05 - Expanding tables for length 9 to character count 2
0:00:00:05 - Trying length 9, fixed @8, character count 2
0:00:00:05 - Switching to length 3
0:00:00:05 - Expanding tables for length 3 to character count 7
0:00:00:05 - Trying length 3, fixed @1, character count 7
0:00:00:05 - Switching to length 5
0:00:00:05 - Expanding tables for length 5 to character count 9
0:00:00:05 - Trying length 5, fixed @5, character count 8
0:00:00:05 - Switching to length 7
0:00:00:05 - Expanding tables for length 7 to character count 5
0:00:00:05 - Trying length 7, fixed @4, character count 4
0:00:00:05 - Switching to length 4
0:00:00:05 - Expanding tables for length 4 to character count 7
0:00:00:05 - Trying length 4, fixed @3, character count 7
0:00:00:05 - Switching to length 7
0:00:00:05 - Expanding tables for length 7 to character count 5
0:00:00:05 - Trying length 7, fixed @2, character count 5
0:00:00:05 - Switching to length 9
0:00:00:05 - Expanding tables for length 9 to character count 2
0:00:00:05 - Trying length 9, fixed @3, character count 2
0:00:00:05 - Switching to length 7
0:00:00:05 - Expanding tables for length 7 to character count 5
0:00:00:05 - Trying length 7, fixed @3, character count 5
0:00:00:05 - Switching to length 8
0:00:00:05 - Expanding tables for length 8 to character count 3
0:00:00:05 - Trying length 8, fixed @3, character count 3
0:00:00:05 - Switching to length 5
0:00:00:05 - Expanding tables for length 5 to character count 9
0:00:00:05 - Trying length 5, fixed @3, character count 9
0:00:00:05 - Switching to length 6
0:00:00:05 - Expanding tables for length 6 to character count 8
0:00:00:05 - Trying length 6, fixed @3, character count 8
0:00:00:05 - Switching to length 2
0:00:00:05 - Expanding tables for length 2 to character count 5
0:00:00:05 - Trying length 2, fixed @2, character count 5
0:00:00:05 - Switching to length 1
0:00:00:05 - Expanding tables for length 1 to character count 4
0:00:00:05 - Trying length 1, fixed @1, character count 4
0:00:00:05 - Expanding tables for length 1 to character count 5
0:00:00:05 - Trying length 1, fixed @1, character count 5
0:00:00:05 - Expanding tables for length 1 to character count 6
0:00:00:05 - Trying length 1, fixed @1, character count 6
0:00:00:05 - Switching to length 2
0:00:00:05 - Expanding tables for length 2 to character count 6
0:00:00:05 - Trying length 2, fixed @1, character count 6
0:00:00:05 - Switching to length 6
0:00:00:05 - Expanding tables for length 6 to character count 8
0:00:00:05 - Trying length 6, fixed @1, character count 8
0:00:00:05 - Switching to length 5
0:00:00:05 - Expanding tables for length 5 to character count 10
0:00:00:05 - Trying length 5, fixed @1, character count 10
0:00:00:05 - Switching to length 7
0:00:00:05 - Expanding tables for length 7 to character count 5
0:00:00:05 - Trying length 7, fixed @5, character count 5
0:00:00:05 - Switching to length 9
0:00:00:05 - Expanding tables for length 9 to character count 2
0:00:00:05 - Trying length 9, fixed @5, character count 2
0:00:00:05 - Switching to length 2
0:00:00:05 - Expanding tables for length 2 to character count 7
0:00:00:05 - Trying length 2, fixed @1, character count 7
0:00:00:05 - Switching to length 8
0:00:00:05 - Expanding tables for length 8 to character count 3
0:00:00:06 - Trying length 8, fixed @5, character count 3
0:00:00:06 - Switching to length 3
0:00:00:06 - Expanding tables for length 3 to character count 8
0:00:00:06 - Trying length 3, fixed @1, character count 8
0:00:00:06 - Switching to length 2
0:00:00:06 - Expanding tables for length 2 to character count 8
0:00:00:06 - Trying length 2, fixed @1, character count 8
0:00:00:06 - Switching to length 9
0:00:00:06 - Expanding tables for length 9 to character count 2
0:00:00:06 - Trying length 9, fixed @7, character count 2
0:00:00:06 - Switching to length 7
0:00:00:06 - Expanding tables for length 7 to character count 5
0:00:00:06 - Trying length 7, fixed @7, character count 5
0:00:00:06 - Switching to length 4
0:00:00:06 - Expanding tables for length 4 to character count 7
0:00:00:06 - Trying length 4, fixed @4, character count 7
0:00:00:06 - Expanding tables for length 4 to character count 8
0:00:00:06 - Trying length 4, fixed @1, character count 8
0:00:00:06 - Switching to length 1
0:00:00:06 - Expanding tables for length 1 to character count 7
0:00:00:06 - Trying length 1, fixed @1, character count 7
0:00:00:06 - Expanding tables for length 1 to character count 8
0:00:00:06 - Trying length 1, fixed @1, character count 8
0:00:00:06 - Expanding tables for length 1 to character count 9
0:00:00:06 - Trying length 1, fixed @1, character count 9
0:00:00:06 - Switching to length 4
0:00:00:06 - Expanding tables for length 4 to character count 8
0:00:00:06 - Trying length 4, fixed @3, character count 8
0:00:00:06 - Switching to length 8
0:00:00:06 - Expanding tables for length 8 to character count 3
0:00:00:06 - Trying length 8, fixed @8, character count 3
0:00:00:06 - Switching to length 6
0:00:00:06 - Expanding tables for length 6 to character count 8
0:00:00:06 - Trying length 6, fixed @4, character count 8
0:00:00:06 - Expanding tables for length 6 to character count 9
0:00:00:06 - Trying length 6, fixed @5, character count 9
0:00:00:06 - Switching to length 5
0:00:00:06 - Expanding tables for length 5 to character count 10
0:00:00:06 - Trying length 5, fixed @2, character count 9
0:00:00:06 - Switching to length 9
0:00:00:06 - Expanding tables for length 9 to character count 2
0:00:00:06 - Trying length 9, fixed @6, character count 2
0:00:00:06 - Switching to length 7
0:00:00:06 - Expanding tables for length 7 to character count 5
0:00:00:06 - Trying length 7, fixed @4, character count 5
0:00:00:06 - Switching to length 5
0:00:00:06 - Expanding tables for length 5 to character count 10
0:00:00:06 - Trying length 5, fixed @5, character count 9
0:00:00:06 - Switching to length 9
0:00:00:06 - Expanding tables for length 9 to character count 2
0:00:00:06 - Trying length 9, fixed @1, character count 2
0:00:00:06 - Switching to length 8
0:00:00:06 - Expanding tables for length 8 to character count 3
0:00:00:06 - Trying length 8, fixed @4, character count 3
0:00:00:06 - Switching to length 3
0:00:00:06 - Expanding tables for length 3 to character count 8
0:00:00:06 - Trying length 3, fixed @3, character count 8
0:00:00:06 - Switching to length 5
0:00:00:06 - Expanding tables for length 5 to character count 10
0:00:00:06 - Trying length 5, fixed @4, character count 9
0:00:00:06 - Switching to length 8
0:00:00:06 - Expanding tables for length 8 to character count 3
0:00:00:06 - Trying length 8, fixed @1, character count 3
0:00:00:06 - Switching to length 6
0:00:00:06 - Expanding tables for length 6 to character count 9
0:00:00:06 - Trying length 6, fixed @6, character count 9
0:00:00:06 - Switching to length 2
0:00:00:06 - Expanding tables for length 2 to character count 8
0:00:00:06 - Trying length 2, fixed @2, character count 6
0:00:00:06 - Switching to length 5
0:00:00:06 - Expanding tables for length 5 to character count 10
0:00:00:06 - Trying length 5, fixed @3, character count 10
0:00:00:06 - Switching to length 4
0:00:00:06 - Expanding tables for length 4 to character count 8
0:00:00:06 - Trying length 4, fixed @2, character count 7
0:00:00:06 - Switching to length 5
0:00:00:06 - Expanding tables for length 5 to character count 11
0:00:00:06 - Trying length 5, fixed @1, character count 11
0:00:00:06 - Switching to length 1
0:00:00:06 - Expanding tables for length 1 to character count 10
0:00:00:06 - Trying length 1, fixed @1, character count 10
0:00:00:06 - Expanding tables for length 1 to character count 11
0:00:00:06 - Trying length 1, fixed @1, character count 11
0:00:00:06 - Switching to length 3
0:00:00:06 - Expanding tables for length 3 to character count 9
0:00:00:06 - Trying length 3, fixed @3, character count 9
0:00:00:06 - Switching to length 6
0:00:00:06 - Expanding tables for length 6 to character count 9
0:00:00:06 - Trying length 6, fixed @3, character count 9
0:00:00:06 - Switching to length 2
0:00:00:06 - Expanding tables for length 2 to character count 8
0:00:00:06 - Trying length 2, fixed @2, character count 7
0:00:00:06 - Expanding tables for length 2 to character count 9
0:00:00:06 - Trying length 2, fixed @1, character count 9
0:00:00:06 - Switching to length 3
0:00:00:06 - Expanding tables for length 3 to character count 9
0:00:00:06 - Trying length 3, fixed @1, character count 9
0:00:00:06 - Switching to length 2
0:00:00:06 - Expanding tables for length 2 to character count 10
0:00:00:06 - Trying length 2, fixed @1, character count 10
0:00:00:06 - Switching to length 4
0:00:00:06 - Expanding tables for length 4 to character count 8
0:00:00:06 - Trying length 4, fixed @4, character count 8
0:00:00:06 - Switching to length 6
0:00:00:07 - Expanding tables for length 6 to character count 9
0:00:00:07 - Trying length 6, fixed @2, character count 8
0:00:00:07 - Switching to length 3
0:00:00:07 - Expanding tables for length 3 to character count 10
0:00:00:07 - Trying length 3, fixed @3, character count 10
0:00:00:07 - Switching to length 4
0:00:00:07 - Expanding tables for length 4 to character count 9
0:00:00:07 - Trying length 4, fixed @3, character count 9
0:00:00:07 - Switching to length 7
0:00:00:07 - Expanding tables for length 7 to character count 6
0:00:00:07 - Trying length 7, fixed @6, character count 6
0:00:00:07 - Switching to length 6
0:00:00:07 - Expanding tables for length 6 to character count 9
0:00:00:07 - Trying length 6, fixed @1, character count 9
0:00:00:07 - Switching to length 2
0:00:00:07 - Expanding tables for length 2 to character count 11
0:00:00:07 - Trying length 2, fixed @1, character count 11
0:00:00:07 - Switching to length 5
0:00:00:07 - Expanding tables for length 5 to character count 11
0:00:00:07 - Trying length 5, fixed @5, character count 10
0:00:00:07 - Switching to length 2
0:00:00:07 - Expanding tables for length 2 to character count 12
0:00:00:07 - Trying length 2, fixed @1, character count 12
0:00:00:07 - Switching to length 5
0:00:00:07 - Expanding tables for length 5 to character count 11
0:00:00:07 - Trying length 5, fixed @4, character count 10
0:00:00:07 - Expanding tables for length 5 to character count 12
0:00:00:07 - Trying length 5, fixed @1, character count 12
0:00:00:07 - Switching to length 9
0:00:00:07 - Expanding tables for length 9 to character count 2
0:00:00:07 - Trying length 9, fixed @9, character count 2
0:00:00:07 - Switching to length 4
0:00:00:07 - Expanding tables for length 4 to character count 9
0:00:00:07 - Trying length 4, fixed @2, character count 8
0:00:00:07 - Switching to length 2
0:00:00:07 - Expanding tables for length 2 to character count 13
0:00:00:07 - Trying length 2, fixed @1, character count 13
0:00:00:07 - Switching to length 1
0:00:00:07 - Expanding tables for length 1 to character count 12
0:00:00:07 - Trying length 1, fixed @1, character count 12
0:00:00:07 - Expanding tables for length 1 to character count 13
0:00:00:07 - Trying length 1, fixed @1, character count 13
0:00:00:07 - Expanding tables for length 1 to character count 14
0:00:00:07 - Trying length 1, fixed @1, character count 14
0:00:00:07 - Expanding tables for length 1 to character count 15
0:00:00:07 - Trying length 1, fixed @1, character count 15
0:00:00:07 - Expanding tables for length 1 to character count 16
0:00:00:07 - Trying length 1, fixed @1, character count 16
0:00:00:07 - Expanding tables for length 1 to character count 17
0:00:00:07 - Trying length 1, fixed @1, character count 17
0:00:00:07 - Switching to length 3
0:00:00:07 - Expanding tables for length 3 to character count 10
0:00:00:07 - Trying length 3, fixed @2, character count 6
0:00:00:07 - Switching to length 6
0:00:00:07 - Expanding tables for length 6 to character count 10
0:00:00:07 - Trying length 6, fixed @5, character count 10
0:00:00:07 - Switching to length 5
0:00:00:07 - Expanding tables for length 5 to character count 12
0:00:00:07 - Trying length 5, fixed @3, character count 11
0:00:00:07 - Switching to length 4
0:00:00:07 - Expanding tables for length 4 to character count 9
0:00:00:07 - Trying length 4, fixed @1, character count 9
0:00:00:07 - Switching to length 7
0:00:00:07 - Expanding tables for length 7 to character count 6
0:00:00:07 - Trying length 7, fixed @5, character count 6
0:00:00:07 - Switching to length 3
0:00:00:07 - Expanding tables for length 3 to character count 10
0:00:00:07 - Trying length 3, fixed @1, character count 10
0:00:00:07 - Switching to length 6
0:00:00:07 - Expanding tables for length 6 to character count 10
0:00:00:07 - Trying length 6, fixed @4, character count 9
0:00:00:07 - Switching to length 9
0:00:00:07 - Expanding tables for length 9 to character count 2
0:00:00:07 - Trying length 9, fixed @4, character count 2
0:00:00:07 - Switching to length 10
0:00:00:07 - Expanding tables for length 10 to character count 2
0:00:00:07 - Trying length 10, fixed @2, character count 2
0:00:00:07 - Switching to length 4
0:00:00:07 - Expanding tables for length 4 to character count 9
0:00:00:07 - Trying length 4, fixed @4, character count 9
0:00:00:07 - Expanding tables for length 4 to character count 10
0:00:00:07 - Trying length 4, fixed @3, character count 10
0:00:00:07 - Switching to length 5
0:00:00:07 - Expanding tables for length 5 to character count 12
0:00:00:07 - Trying length 5, fixed @4, character count 11
0:00:00:07 - Switching to length 6
0:00:00:07 - Expanding tables for length 6 to character count 10
0:00:00:07 - Trying length 6, fixed @6, character count 10
0:00:00:07 - Switching to length 7
0:00:00:07 - Expanding tables for length 7 to character count 6
0:00:00:07 - Trying length 7, fixed @2, character count 6
0:00:00:07 - Trying length 7, fixed @7, character count 6
0:00:00:07 - Switching to length 3
0:00:00:07 - Expanding tables for length 3 to character count 10
0:00:00:07 - Trying length 3, fixed @2, character count 7
0:00:00:07 - Switching to length 7
0:00:00:07 - Expanding tables for length 7 to character count 6
0:00:00:07 - Trying length 7, fixed @3, character count 6
0:00:00:07 - Switching to length 2
0:00:00:07 - Expanding tables for length 2 to character count 13
0:00:00:07 - Trying length 2, fixed @2, character count 8
0:00:00:07 - Switching to length 3
0:00:00:07 - Expanding tables for length 3 to character count 11
0:00:00:07 - Trying length 3, fixed @1, character count 11
0:00:00:07 - Switching to length 8
0:00:00:08 - Expanding tables for length 8 to character count 4
0:00:00:08 - Trying length 8, fixed @2, character count 4
0:00:00:08 - Switching to length 4
0:00:00:08 - Expanding tables for length 4 to character count 11
0:00:00:08 - Trying length 4, fixed @3, character count 11
0:00:00:08 - Switching to length 3
0:00:00:08 - Expanding tables for length 3 to character count 11
0:00:00:08 - Trying length 3, fixed @3, character count 11
0:00:00:08 - Switching to length 6
0:00:00:08 - Expanding tables for length 6 to character count 10
0:00:00:08 - Trying length 6, fixed @2, character count 9
0:00:00:08 - Trying length 6, fixed @1, character count 10
0:00:00:08 - Switching to length 5
0:00:00:08 - Expanding tables for length 5 to character count 12
0:00:00:08 - Trying length 5, fixed @5, character count 11
0:00:00:08 - Trying length 5, fixed @4, character count 12
0:00:00:08 - Switching to length 7
0:00:00:08 - Expanding tables for length 7 to character count 6
0:00:00:08 - Trying length 7, fixed @4, character count 6
0:00:00:08 - Switching to length 10
0:00:00:08 - Expanding tables for length 10 to character count 2
0:00:00:08 - Trying length 10, fixed @9, character count 2
0:00:00:08 - Switching to length 1
0:00:00:08 - Expanding tables for length 1 to character count 18
0:00:00:08 - Trying length 1, fixed @1, character count 18
0:00:00:08 - Expanding tables for length 1 to character count 19
0:00:00:08 - Trying length 1, fixed @1, character count 19
0:00:00:08 - Expanding tables for length 1 to character count 20
0:00:00:08 - Trying length 1, fixed @1, character count 20
0:00:00:08 - Expanding tables for length 1 to character count 21
0:00:00:08 - Trying length 1, fixed @1, character count 21
0:00:00:08 - Expanding tables for length 1 to character count 22
0:00:00:08 - Trying length 1, fixed @1, character count 22
0:00:00:08 - Expanding tables for length 1 to character count 23
0:00:00:08 - Trying length 1, fixed @1, character count 23
0:00:00:08 - Expanding tables for length 1 to character count 24
0:00:00:08 - Trying length 1, fixed @1, character count 24
0:00:00:08 - Expanding tables for length 1 to character count 25
0:00:00:08 - Trying length 1, fixed @1, character count 25
0:00:00:08 - Expanding tables for length 1 to character count 26
0:00:00:08 - Trying length 1, fixed @1, character count 26
0:00:00:08 - Expanding tables for length 1 to character count 27
0:00:00:08 - Trying length 1, fixed @1, character count 27
0:00:00:08 - Expanding tables for length 1 to character count 28
0:00:00:08 - Trying length 1, fixed @1, character count 28
0:00:00:08 - Expanding tables for length 1 to character count 29
0:00:00:08 - Trying length 1, fixed @1, character count 29
0:00:00:08 - Switching to length 6
0:00:00:08 - Expanding tables for length 6 to character count 10
0:00:00:08 - Trying length 6, fixed @3, character count 10
0:00:00:08 - Switching to length 5
0:00:00:08 - Expanding tables for length 5 to character count 12
0:00:00:08 - Trying length 5, fixed @3, character count 12
0:00:00:08 - Switching to length 3
0:00:00:08 - Expanding tables for length 3 to character count 12
0:00:00:08 - Trying length 3, fixed @3, character count 12
0:00:00:08 - Switching to length 5
0:00:00:08 - Expanding tables for length 5 to character count 13
0:00:00:08 - Trying length 5, fixed @1, character count 13
0:00:00:08 - Switching to length 7
0:00:00:08 - Expanding tables for length 7 to character count 6
0:00:00:08 - Trying length 7, fixed @1, character count 6
0:00:00:08 - Switching to length 4
0:00:00:08 - Expanding tables for length 4 to character count 11
0:00:00:08 - Trying length 4, fixed @2, character count 9
0:00:00:08 - Switching to length 2
0:00:00:08 - Expanding tables for length 2 to character count 13
0:00:00:08 - Trying length 2, fixed @2, character count 9
0:00:00:08 - Switching to length 8
0:00:00:08 - Expanding tables for length 8 to character count 4
0:00:00:08 - Trying length 8, fixed @5, character count 4
0:00:00:08 - Switching to length 4
0:00:00:08 - Expanding tables for length 4 to character count 11
0:00:00:08 - Trying length 4, fixed @1, character count 10
0:00:00:08 - Switching to length 2
0:00:00:08 - Expanding tables for length 2 to character count 13
0:00:00:08 - Trying length 2, fixed @2, character count 10
0:00:00:08 - Switching to length 8
0:00:00:08 - Expanding tables for length 8 to character count 4
0:00:00:08 - Trying length 8, fixed @6, character count 4
0:00:00:08 - Switching to length 4
0:00:00:08 - Expanding tables for length 4 to character count 11
0:00:00:08 - Trying length 4, fixed @4, character count 10
0:00:00:08 - Switching to length 6
0:00:00:08 - Expanding tables for length 6 to character count 10
0:00:00:08 - Trying length 6, fixed @4, character count 10
0:00:00:08 - Switching to length 10
0:00:00:08 - Expanding tables for length 10 to character count 2
0:00:00:08 - Trying length 10, fixed @6, character count 2
0:00:00:08 - Switching to length 5
0:00:00:08 - Expanding tables for length 5 to character count 14
0:00:00:08 - Trying length 5, fixed @1, character count 14
0:00:00:08 - Switching to length 2
0:00:00:08 - Expanding tables for length 2 to character count 13
0:00:00:08 - Trying length 2, fixed @2, character count 11
0:00:00:08 - Switching to length 3
0:00:00:08 - Expanding tables for length 3 to character count 12
0:00:00:08 - Trying length 3, fixed @2, character count 8
0:00:00:08 - Switching to length 6
0:00:00:08 - Expanding tables for length 6 to character count 11
0:00:00:08 - Trying length 6, fixed @5, character count 11
0:00:00:08 - Switching to length 10
0:00:00:09 - Expanding tables for length 10 to character count 2
0:00:00:09 - Trying length 10, fixed @7, character count 2
0:00:00:09 - Switching to length 4
0:00:00:09 - Expanding tables for length 4 to character count 12
0:00:00:09 - Trying length 4, fixed @3, character count 12
0:00:00:09 - Switching to length 8
0:00:00:09 - Expanding tables for length 8 to character count 4
0:00:00:09 - Trying length 8, fixed @7, character count 4
0:00:00:09 - Switching to length 3
0:00:00:09 - Expanding tables for length 3 to character count 12
0:00:00:09 - Trying length 3, fixed @1, character count 12
0:00:00:09 - Expanding tables for length 3 to character count 13
0:00:00:09 - Trying length 3, fixed @3, character count 13
0:00:00:09 - Switching to length 2
0:00:00:09 - Expanding tables for length 2 to character count 13
0:00:00:09 - Trying length 2, fixed @2, character count 12
0:00:00:09 - Switching to length 10
0:00:00:09 - Expanding tables for length 10 to character count 2
0:00:00:09 - Trying length 10, fixed @3, character count 2
0:00:00:09 - Switching to length 5
0:00:00:09 - Expanding tables for length 5 to character count 14
0:00:00:09 - Trying length 5, fixed @2, character count 10
0:00:00:09 - Switching to length 6
0:00:00:09 - Expanding tables for length 6 to character count 11
0:00:00:09 - Trying length 6, fixed @6, character count 11
0:00:00:09 - Switching to length 8
0:00:00:09 - Expanding tables for length 8 to character count 4
0:00:00:09 - Trying length 8, fixed @8, character count 4
0:00:00:09 - Trying length 8, fixed @1, character count 4
0:00:00:09 - Switching to length 2
0:00:00:09 - Expanding tables for length 2 to character count 13
0:00:00:09 - Trying length 2, fixed @2, character count 13
0:00:00:09 - Switching to length 3
0:00:00:09 - Expanding tables for length 3 to character count 13
0:00:00:09 - Trying length 3, fixed @1, character count 13
0:00:00:09 - Switching to length 7
0:00:00:09 - Expanding tables for length 7 to character count 7
0:00:00:09 - Trying length 7, fixed @6, character count 7
0:00:00:09 - Switching to length 5
0:00:00:09 - Expanding tables for length 5 to character count 14
0:00:00:09 - Trying length 5, fixed @4, character count 13
0:00:00:09 - Switching to length 2
0:00:00:09 - Expanding tables for length 2 to character count 14
0:00:00:09 - Trying length 2, fixed @1, character count 14
0:00:00:09 - Switching to length 3
0:00:00:09 - Expanding tables for length 3 to character count 14
0:00:00:09 - Trying length 3, fixed @3, character count 14
0:00:00:09 - Switching to length 8
0:00:00:09 - Expanding tables for length 8 to character count 5
0:00:00:09 - Trying length 8, fixed @7, character count 5
0:00:00:09 - Trying length 8, fixed @1, character count 5
0:00:00:09 - Switching to length 4
0:00:00:09 - Expanding tables for length 4 to character count 12
0:00:00:09 - Trying length 4, fixed @2, character count 10
0:00:00:09 - Switching to length 5
0:00:00:09 - Expanding tables for length 5 to character count 14
0:00:00:09 - Trying length 5, fixed @3, character count 13
0:00:00:09 - Switching to length 2
0:00:00:09 - Expanding tables for length 2 to character count 15
0:00:00:09 - Trying length 2, fixed @1, character count 15
0:00:00:09 - Switching to length 6
0:00:00:09 - Expanding tables for length 6 to character count 11
0:00:00:09 - Trying length 6, fixed @2, character count 10
0:00:00:09 - Switching to length 4
0:00:00:09 - Expanding tables for length 4 to character count 12
0:00:00:09 - Trying length 4, fixed @1, character count 11
0:00:00:09 - Switching to length 6
0:00:00:09 - Expanding tables for length 6 to character count 11
0:00:00:09 - Trying length 6, fixed @3, character count 11
0:00:00:09 - Switching to length 4
0:00:00:09 - Expanding tables for length 4 to character count 12
0:00:00:09 - Trying length 4, fixed @4, character count 11
0:00:00:09 - Switching to length 3
0:00:00:09 - Expanding tables for length 3 to character count 14
0:00:00:09 - Trying length 3, fixed @2, character count 9
0:00:00:09 - Switching to length 7
0:00:00:09 - Expanding tables for length 7 to character count 7
0:00:00:09 - Trying length 7, fixed @3, character count 7
0:00:00:09 - Switching to length 8
0:00:00:09 - Expanding tables for length 8 to character count 5
0:00:00:10 - Trying length 8, fixed @4, character count 4
0:00:00:10 - Switching to length 5
0:00:00:10 - Expanding tables for length 5 to character count 14
0:00:00:10 - Trying length 5, fixed @4, character count 14
0:00:00:10 - Switching to length 4
0:00:00:10 - Expanding tables for length 4 to character count 13
0:00:00:10 - Trying length 4, fixed @3, character count 13
0:00:00:10 - Switching to length 6
0:00:00:10 - Expanding tables for length 6 to character count 11
0:00:00:10 - Trying length 6, fixed @1, character count 11
0:00:00:10 - Switching to length 2
0:00:00:10 - Expanding tables for length 2 to character count 15
0:00:00:10 - Trying length 2, fixed @2, character count 14
0:00:00:10 - Switching to length 8
0:00:00:10 - Expanding tables for length 8 to character count 5
0:00:00:10 - Trying length 8, fixed @3, character count 4
0:00:00:10 - Switching to length 3
0:00:00:10 - Expanding tables for length 3 to character count 15
0:00:00:10 - Trying length 3, fixed @3, character count 15
0:00:00:10 - Switching to length 8
0:00:00:10 - Expanding tables for length 8 to character count 5
0:00:00:10 - Trying length 8, fixed @8, character count 5
0:00:00:10 - Switching to length 7
0:00:00:10 - Expanding tables for length 7 to character count 7
0:00:00:10 - Trying length 7, fixed @7, character count 7
0:00:00:10 - Switching to length 6
0:00:00:10 - Expanding tables for length 6 to character count 11
0:00:00:10 - Trying length 6, fixed @4, character count 11
0:00:00:10 - Switching to length 9
0:00:00:10 - Expanding tables for length 9 to character count 3
0:00:00:10 - Trying length 9, fixed @2, character count 3
0:00:00:10 - Switching to length 8
0:00:00:10 - Expanding tables for length 8 to character count 5
0:00:00:10 - Trying length 8, fixed @6, character count 5
0:00:00:10 - Switching to length 2
0:00:00:10 - Expanding tables for length 2 to character count 15
0:00:00:10 - Trying length 2, fixed @2, character count 15
0:00:00:10 - Expanding tables for length 2 to character count 16
0:00:00:10 - Trying length 2, fixed @1, character count 16
0:00:00:10 - Switching to length 7
0:00:00:10 - Expanding tables for length 7 to character count 7
0:00:00:10 - Trying length 7, fixed @1, character count 7
0:00:00:10 - Switching to length 4
0:00:00:10 - Expanding tables for length 4 to character count 13
0:00:00:10 - Trying length 4, fixed @2, character count 11
0:00:00:10 - Switching to length 10
0:00:00:10 - Expanding tables for length 10 to character count 2
0:00:00:10 - Trying length 10, fixed @1, character count 2
0:00:00:10 - Switching to length 2
0:00:00:10 - Expanding tables for length 2 to character count 17
0:00:00:10 - Trying length 2, fixed @1, character count 17
0:00:00:10 - Switching to length 4
0:00:00:10 - Expanding tables for length 4 to character count 13
0:00:00:10 - Trying length 4, fixed @1, character count 12
0:00:00:10 - Switching to length 8
0:00:00:10 - Expanding tables for length 8 to character count 5
0:00:00:10 - Trying length 8, fixed @3, character count 5
0:00:00:10 - Switching to length 6
0:00:00:10 - Expanding tables for length 6 to character count 12
0:00:00:10 - Trying length 6, fixed @6, character count 12
0:00:00:10 - Switching to length 4
0:00:00:11 - Expanding tables for length 4 to character count 13
0:00:00:11 - Trying length 4, fixed @4, character count 12
0:00:00:11 - Switching to length 9
0:00:00:11 - Expanding tables for length 9 to character count 3
0:00:00:11 - Trying length 9, fixed @8, character count 3
0:00:00:11 - Switching to length 1
0:00:00:11 - Expanding tables for length 1 to character count 30
0:00:00:11 - Trying length 1, fixed @1, character count 30
0:00:00:11 - Expanding tables for length 1 to character count 31
0:00:00:11 - Trying length 1, fixed @1, character count 31
0:00:00:11 - Expanding tables for length 1 to character count 32
0:00:00:11 - Trying length 1, fixed @1, character count 32
0:00:00:11 - Expanding tables for length 1 to character count 33
0:00:00:11 - Trying length 1, fixed @1, character count 33
0:00:00:11 - Expanding tables for length 1 to character count 34
0:00:00:11 - Trying length 1, fixed @1, character count 34
0:00:00:11 - Expanding tables for length 1 to character count 35
0:00:00:11 - Trying length 1, fixed @1, character count 35
0:00:00:11 - Expanding tables for length 1 to character count 36
0:00:00:11 - Trying length 1, fixed @1, character count 36
0:00:00:11 - Expanding tables for length 1 to character count 37
0:00:00:11 - Trying length 1, fixed @1, character count 37
0:00:00:11 - Expanding tables for length 1 to character count 38
0:00:00:11 - Trying length 1, fixed @1, character count 38
0:00:00:11 - Expanding tables for length 1 to character count 39
0:00:00:11 - Trying length 1, fixed @1, character count 39
0:00:00:11 - Expanding tables for length 1 to character count 40
0:00:00:11 - Trying length 1, fixed @1, character count 40
0:00:00:11 - Expanding tables for length 1 to character count 41
0:00:00:11 - Trying length 1, fixed @1, character count 41
0:00:00:11 - Expanding tables for length 1 to character count 42
0:00:00:11 - Trying length 1, fixed @1, character count 42
0:00:00:11 - Expanding tables for length 1 to character count 43
0:00:00:11 - Trying length 1, fixed @1, character count 43
0:00:00:11 - Expanding tables for length 1 to character count 44
0:00:00:11 - Trying length 1, fixed @1, character count 44
0:00:00:11 - Expanding tables for length 1 to character count 45
0:00:00:11 - Trying length 1, fixed @1, character count 45
0:00:00:11 - Switching to length 5
0:00:00:11 - Expanding tables for length 5 to character count 14
0:00:00:11 - Trying length 5, fixed @2, character count 11
0:00:00:11 - Switching to length 3
0:00:00:11 - Expanding tables for length 3 to character count 15
0:00:00:11 - Trying length 3, fixed @2, character count 10
0:00:00:11 - Trying length 3, fixed @1, character count 14
0:00:00:11 - Switching to length 5
0:00:00:11 - Expanding tables for length 5 to character count 14
0:00:00:11 - Trying length 5, fixed @5, character count 12
0:00:00:11 - Switching to length 2
0:00:00:11 - Expanding tables for length 2 to character count 18
0:00:00:11 - Trying length 2, fixed @1, character count 18
0:00:00:11 - Switching to length 9
0:00:00:11 - Expanding tables for length 9 to character count 3
0:00:00:11 - Trying length 9, fixed @3, character count 3
0:00:00:11 - Switching to length 6
0:00:00:11 - Expanding tables for length 6 to character count 12
0:00:00:11 - Trying length 6, fixed @3, character count 12
0:00:00:11 - Switching to length 5
0:00:00:11 - Expanding tables for length 5 to character count 14
0:00:00:11 - Trying length 5, fixed @3, character count 14
0:00:00:11 - Switching to length 7
0:00:00:11 - Expanding tables for length 7 to character count 7
0:00:00:11 - Trying length 7, fixed @2, character count 7
0:00:00:11 - Trying length 7, fixed @4, character count 7
0:00:00:11 - Switching to length 1
0:00:00:11 - Expanding tables for length 1 to character count 46
0:00:00:11 - Trying length 1, fixed @1, character count 46
0:00:00:11 - Expanding tables for length 1 to character count 47
0:00:00:11 - Trying length 1, fixed @1, character count 47
0:00:00:11 - Expanding tables for length 1 to character count 48
0:00:00:11 - Trying length 1, fixed @1, character count 48
0:00:00:11 - Expanding tables for length 1 to character count 49
0:00:00:11 - Trying length 1, fixed @1, character count 49
0:00:00:11 - Expanding tables for length 1 to character count 50
0:00:00:11 - Trying length 1, fixed @1, character count 50
0:00:00:11 - Expanding tables for length 1 to character count 51
0:00:00:11 - Trying length 1, fixed @1, character count 51
0:00:00:11 - Expanding tables for length 1 to character count 52
0:00:00:11 - Trying length 1, fixed @1, character count 52
0:00:00:11 - Expanding tables for length 1 to character count 53
0:00:00:11 - Trying length 1, fixed @1, character count 53
0:00:00:11 - Expanding tables for length 1 to character count 54
0:00:00:11 - Trying length 1, fixed @1, character count 54
0:00:00:11 - Expanding tables for length 1 to character count 55
0:00:00:11 - Trying length 1, fixed @1, character count 55
0:00:00:11 - Expanding tables for length 1 to character count 56
0:00:00:11 - Trying length 1, fixed @1, character count 56
0:00:00:11 - Expanding tables for length 1 to character count 57
0:00:00:11 - Trying length 1, fixed @1, character count 57
0:00:00:11 - Expanding tables for length 1 to character count 58
0:00:00:11 - Trying length 1, fixed @1, character count 58
0:00:00:11 - Expanding tables for length 1 to character count 59
0:00:00:11 - Trying length 1, fixed @1, character count 59
0:00:00:11 - Expanding tables for length 1 to character count 60
0:00:00:11 - Trying length 1, fixed @1, character count 60
0:00:00:11 - Expanding tables for length 1 to character count 61
0:00:00:11 - Trying length 1, fixed @1, character count 61
0:00:00:11 - Expanding tables for length 1 to character count 62
0:00:00:11 - Trying length 1, fixed @1, character count 62
0:00:00:11 - Expanding tables for length 1 to character count 63
0:00:00:11 - Trying length 1, fixed @1, character count 63
0:00:00:11 - Expanding tables for length 1 to character count 64
0:00:00:11 - Trying length 1, fixed @1, character count 64
0:00:00:11 - Expanding tables for length 1 to character count 65
0:00:00:11 - Trying length 1, fixed @1, character count 65
0:00:00:11 - Expanding tables for length 1 to character count 66
0:00:00:11 - Trying length 1, fixed @1, character count 66
0:00:00:11 - Expanding tables for length 1 to character count 67
0:00:00:11 - Trying length 1, fixed @1, character count 67
0:00:00:11 - Expanding tables for length 1 to character count 68
0:00:00:11 - Trying length 1, fixed @1, character count 68
0:00:00:11 - Expanding tables for length 1 to character count 69
0:00:00:11 - Trying length 1, fixed @1, character count 69
0:00:00:11 - Expanding tables for length 1 to character count 70
0:00:00:11 - Trying length 1, fixed @1, character count 70
0:00:00:11 - Expanding tables for length 1 to character count 71
0:00:00:11 - Trying length 1, fixed @1, character count 71
0:00:00:11 - Expanding tables for length 1 to character count 72
0:00:00:11 - Trying length 1, fixed @1, character count 72
0:00:00:11 - Expanding tables for length 1 to character count 73
0:00:00:11 - Trying length 1, fixed @1, character count 73
0:00:00:11 - Expanding tables for length 1 to character count 74
0:00:00:11 - Trying length 1, fixed @1, character count 74
0:00:00:11 - Expanding tables for length 1 to character count 75
0:00:00:11 - Trying length 1, fixed @1, character count 75
0:00:00:11 - Expanding tables for length 1 to character count 76
0:00:00:11 - Trying length 1, fixed @1, character count 76
0:00:00:11 - Expanding tables for length 1 to character count 77
0:00:00:11 - Trying length 1, fixed @1, character count 77
0:00:00:11 - Expanding tables for length 1 to character count 78
0:00:00:11 - Trying length 1, fixed @1, character count 78
0:00:00:11 - Expanding tables for length 1 to character count 79
0:00:00:11 - Trying length 1, fixed @1, character count 79
0:00:00:11 - Expanding tables for length 1 to character count 80
0:00:00:11 - Trying length 1, fixed @1, character count 80
0:00:00:11 - Expanding tables for length 1 to character count 81
0:00:00:11 - Trying length 1, fixed @1, character count 81
0:00:00:11 - Expanding tables for length 1 to character count 82
0:00:00:11 - Trying length 1, fixed @1, character count 82
0:00:00:11 - Expanding tables for length 1 to character count 83
0:00:00:11 - Trying length 1, fixed @1, character count 83
0:00:00:11 - Expanding tables for length 1 to character count 84
0:00:00:11 - Trying length 1, fixed @1, character count 84
0:00:00:11 - Expanding tables for length 1 to character count 85
0:00:00:11 - Trying length 1, fixed @1, character count 85
0:00:00:11 - Expanding tables for length 1 to character count 86
0:00:00:11 - Trying length 1, fixed @1, character count 86
0:00:00:11 - Expanding tables for length 1 to character count 87
0:00:00:11 - Trying length 1, fixed @1, character count 87
0:00:00:11 - Expanding tables for length 1 to character count 88
0:00:00:11 - Trying length 1, fixed @1, character count 88
0:00:00:11 - Expanding tables for length 1 to character count 89
0:00:00:11 - Trying length 1, fixed @1, character count 89
0:00:00:11 - Expanding tables for length 1 to character count 90
0:00:00:11 - Trying length 1, fixed @1, character count 90
0:00:00:11 - Expanding tables for length 1 to character count 91
0:00:00:11 - Trying length 1, fixed @1, character count 91
0:00:00:11 - Expanding tables for length 1 to character count 92
0:00:00:11 - Trying length 1, fixed @1, character count 92
0:00:00:11 - Expanding tables for length 1 to character count 93
0:00:00:11 - Trying length 1, fixed @1, character count 93
0:00:00:11 - Expanding tables for length 1 to character count 94
0:00:00:11 - Trying length 1, fixed @1, character count 94
0:00:00:11 - Expanding tables for length 1 to character count 95
0:00:00:11 - Trying length 1, fixed @1, character count 95
0:00:00:11 - Switching to length 2
0:00:00:11 - Expanding tables for length 2 to character count 18
0:00:00:11 - Trying length 2, fixed @2, character count 16
0:00:00:11 - Switching to length 5
0:00:00:11 - Expanding tables for length 5 to character count 15
0:00:00:11 - Trying length 5, fixed @1, character count 15
0:00:00:11 - Switching to length 4
0:00:00:11 - Expanding tables for length 4 to character count 13
0:00:00:11 - Trying length 4, fixed @1, character count 13
0:00:00:11 - Switching to length 10
0:00:00:11 - Expanding tables for length 10 to character count 2
0:00:00:11 - Trying length 10, fixed @10, character count 2
0:00:00:11 - Trying length 10, fixed @8, character count 2
0:00:00:11 - Switching to length 8
0:00:00:11 - Expanding tables for length 8 to character count 5
0:00:00:11 - Trying length 8, fixed @2, character count 5
0:00:00:11 - Switching to length 3
0:00:00:11 - Expanding tables for length 3 to character count 15
0:00:00:11 - Trying length 3, fixed @2, character count 11
0:00:00:11 - Switching to length 6
0:00:00:11 - Expanding tables for length 6 to character count 12
0:00:00:11 - Trying length 6, fixed @2, character count 11
0:00:00:11 - Switching to length 5
0:00:00:11 - Expanding tables for length 5 to character count 15
0:00:00:11 - Trying length 5, fixed @3, character count 15
0:00:00:11 - Switching to length 6
0:00:00:11 - Expanding tables for length 6 to character count 12
0:00:00:11 - Trying length 6, fixed @1, character count 12
0:00:00:11 - Switching to length 7
0:00:00:11 - Expanding tables for length 7 to character count 7
0:00:00:11 - Trying length 7, fixed @5, character count 7
0:00:00:11 - Switching to length 2
0:00:00:11 - Expanding tables for length 2 to character count 18
0:00:00:11 - Trying length 2, fixed @2, character count 17
0:00:00:11 - Trying length 2, fixed @2, character count 18
0:00:00:11 - Expanding tables for length 2 to character count 19
0:00:00:11 - Trying length 2, fixed @1, character count 19
0:00:00:11 - Switching to length 4
0:00:00:11 - Expanding tables for length 4 to character count 13
0:00:00:11 - Trying length 4, fixed @2, character count 12
0:00:00:11 - Trying length 4, fixed @4, character count 13
0:00:00:11 - Switching to length 9
0:00:00:12 - Expanding tables for length 9 to character count 3
0:00:00:12 - Trying length 9, fixed @9, character count 3
0:00:00:12 - Switching to length 5
0:00:00:12 - Expanding tables for length 5 to character count 16
0:00:00:12 - Trying length 5, fixed @1, character count 16
0:00:00:12 - Switching to length 6
0:00:00:12 - Expanding tables for length 6 to character count 12
0:00:00:12 - Trying length 6, fixed @5, character count 12
0:00:00:12 - Switching to length 4
0:00:00:12 - Expanding tables for length 4 to character count 14
0:00:00:12 - Trying length 4, fixed @3, character count 14
0:00:00:12 - Switching to length 8
0:00:00:12 - Expanding tables for length 8 to character count 5
0:00:00:12 - Trying length 8, fixed @5, character count 5
0:00:00:12 - Switching to length 9
0:00:00:12 - Expanding tables for length 9 to character count 3
0:00:00:12 - Trying length 9, fixed @7, character count 3
0:00:00:12 - Switching to length 3
0:00:00:12 - Expanding tables for length 3 to character count 15
0:00:00:12 - Trying length 3, fixed @1, character count 15
0:00:00:12 - Switching to length 8
0:00:00:12 - Expanding tables for length 8 to character count 5
0:00:00:12 - Trying length 8, fixed @4, character count 5
0:00:00:12 - Switching to length 9
0:00:00:12 - Expanding tables for length 9 to character count 3
0:00:00:12 - Trying length 9, fixed @1, character count 3
0:00:00:12 - Switching to length 2
0:00:00:12 - Expanding tables for length 2 to character count 19
0:00:00:12 - Trying length 2, fixed @2, character count 19
0:00:00:12 - Switching to length 6
0:00:00:12 - Expanding tables for length 6 to character count 12
0:00:00:12 - Trying length 6, fixed @4, character count 12
0:00:00:12 - Switching to length 2
0:00:00:12 - Expanding tables for length 2 to character count 20
0:00:00:12 - Trying length 2, fixed @1, character count 20
0:00:00:12 - Switching to length 6
0:00:00:12 - Expanding tables for length 6 to character count 13
0:00:00:12 - Trying length 6, fixed @6, character count 13
0:00:00:12 - Switching to length 4
0:00:00:12 - Expanding tables for length 4 to character count 14
0:00:00:12 - Trying length 4, fixed @1, character count 14
0:00:00:12 - Switching to length 5
0:00:00:12 - Expanding tables for length 5 to character count 16
0:00:00:12 - Trying length 5, fixed @5, character count 13
0:00:00:12 - Switching to length 3
0:00:00:12 - Expanding tables for length 3 to character count 16
0:00:00:12 - Trying length 3, fixed @3, character count 16
0:00:00:12 - Switching to length 5
0:00:00:12 - Expanding tables for length 5 to character count 16
0:00:00:12 - Trying length 5, fixed @3, character count 16
0:00:00:12 - Switching to length 7
0:00:00:12 - Expanding tables for length 7 to character count 8
0:00:00:12 - Trying length 7, fixed @6, character count 8
0:00:00:12 - Switching to length 4
0:00:00:12 - Expanding tables for length 4 to character count 15
0:00:00:12 - Trying length 4, fixed @3, character count 15
0:00:00:12 - Switching to length 2
0:00:00:12 - Expanding tables for length 2 to character count 20
0:00:00:12 - Trying length 2, fixed @2, character count 20
0:00:00:12 - Switching to length 6
0:00:00:12 - Expanding tables for length 6 to character count 13
0:00:00:12 - Trying length 6, fixed @3, character count 13
0:00:00:12 - Switching to length 2
0:00:00:12 - Expanding tables for length 2 to character count 21
0:00:00:12 - Trying length 2, fixed @2, character count 21
0:00:00:12 - Switching to length 9
0:00:00:13 - Expanding tables for length 9 to character count 3
0:00:00:13 - Trying length 9, fixed @4, character count 3
0:00:00:13 - Switching to length 10
0:00:00:13 - Expanding tables for length 10 to character count 2
0:00:00:13 - Trying length 10, fixed @5, character count 2
0:00:00:13 - Switching to length 7
0:00:00:13 - Expanding tables for length 7 to character count 8
0:00:00:13 - Trying length 7, fixed @3, character count 8
0:00:00:13 - Switching to length 11
0:00:00:13 - Expanding tables for length 11 to character count 1
0:00:00:13 - Trying length 11, fixed @1, character count 1
0:00:00:13 - Switching to length 5
0:00:00:13 - Expanding tables for length 5 to character count 16
0:00:00:13 - Trying length 5, fixed @4, character count 15
0:00:00:13 - Expanding tables for length 5 to character count 17
0:00:00:13 - Trying length 5, fixed @1, character count 17
0:00:00:13 - Switching to length 4
0:00:00:13 - Expanding tables for length 4 to character count 15
0:00:00:13 - Trying length 4, fixed @2, character count 13
0:00:00:13 - Switching to length 3
0:00:00:13 - Expanding tables for length 3 to character count 16
0:00:00:13 - Trying length 3, fixed @2, character count 12
0:00:00:13 - Switching to length 4
0:00:00:13 - Expanding tables for length 4 to character count 15
0:00:00:13 - Trying length 4, fixed @4, character count 14
0:00:00:13 - Switching to length 9
0:00:00:13 - Expanding tables for length 9 to character count 3
0:00:00:13 - Trying length 9, fixed @6, character count 3
0:00:00:13 - Switching to length 2
0:00:00:13 - Expanding tables for length 2 to character count 22
0:00:00:13 - Trying length 2, fixed @2, character count 22
0:00:00:13 - Expanding tables for length 2 to character count 23
0:00:00:13 - Trying length 2, fixed @2, character count 23
0:00:00:13 - Switching to length 7
0:00:00:13 - Expanding tables for length 7 to character count 8
0:00:00:13 - Trying length 7, fixed @1, character count 8
0:00:00:13 - Switching to length 10
0:00:00:13 - Expanding tables for length 10 to character count 2
0:00:00:13 - Trying length 10, fixed @4, character count 2
0:00:00:13 - Switching to length 4
0:00:00:13 - Expanding tables for length 4 to character count 15
0:00:00:13 - Trying length 4, fixed @1, character count 15
0:00:00:13 - Switching to length 6
0:00:00:13 - Expanding tables for length 6 to character count 13
0:00:00:13 - Trying length 6, fixed @2, character count 12
0:00:00:13 - Trying length 6, fixed @1, character count 13
0:00:00:13 - Switching to length 3
0:00:00:13 - Expanding tables for length 3 to character count 16
0:00:00:13 - Trying length 3, fixed @1, character count 16
0:00:00:13 - Switching to length 4
0:00:00:13 - Expanding tables for length 4 to character count 15
0:00:00:13 - Trying length 4, fixed @4, character count 15
0:00:00:13 - Switching to length 3
0:00:00:13 - Expanding tables for length 3 to character count 17
0:00:00:13 - Trying length 3, fixed @3, character count 17
0:00:00:13 - Switching to length 7
0:00:00:13 - Expanding tables for length 7 to character count 8
0:00:00:13 - Trying length 7, fixed @7, character count 8
0:00:00:13 - Switching to length 6
0:00:00:13 - Expanding tables for length 6 to character count 13
0:00:00:13 - Trying length 6, fixed @5, character count 13
0:00:00:14 - Expanding tables for length 6 to character count 14
0:00:00:14 - Trying length 6, fixed @6, character count 14
0:00:00:14 - Switching to length 7
0:00:00:14 - Expanding tables for length 7 to character count 8
0:00:00:14 - Trying length 7, fixed @4, character count 8
0:00:00:14 - Switching to length 4
0:00:00:14 - Expanding tables for length 4 to character count 16
0:00:00:14 - Trying length 4, fixed @3, character count 16
0:00:00:14 - Switching to length 5
0:00:00:14 - Expanding tables for length 5 to character count 17
0:00:00:14 - Trying length 5, fixed @2, character count 12
0:00:00:14 - Switching to length 2
0:00:00:14 - Expanding tables for length 2 to character count 24
0:00:00:14 - Trying length 2, fixed @2, character count 24
0:00:00:14 - Expanding tables for length 2 to character count 25
0:00:00:14 - Trying length 2, fixed @2, character count 25
0:00:00:14 - Switching to length 3
0:00:00:14 - Expanding tables for length 3 to character count 17
0:00:00:14 - Trying length 3, fixed @2, character count 13
0:00:00:14 - Trying length 3, fixed @1, character count 17
0:00:00:14 - Switching to length 4
0:00:00:14 - Expanding tables for length 4 to character count 16
0:00:00:14 - Trying length 4, fixed @4, character count 16
0:00:00:14 - Switching to length 9
0:00:00:14 - Expanding tables for length 9 to character count 3
0:00:00:14 - Trying length 9, fixed @5, character count 3
0:00:00:14 - Switching to length 2
0:00:00:14 - Expanding tables for length 2 to character count 26
0:00:00:14 - Trying length 2, fixed @2, character count 26
0:00:00:14 - Switching to length 8
0:00:00:14 - Expanding tables for length 8 to character count 6
0:00:00:14 - Trying length 8, fixed @1, character count 6
0:00:00:14 - Switching to length 2
0:00:00:14 - Expanding tables for length 2 to character count 27
0:00:00:14 - Trying length 2, fixed @2, character count 27
0:00:00:14 - Expanding tables for length 2 to character count 28
0:00:00:14 - Trying length 2, fixed @2, character count 28
0:00:00:14 - Switching to length 6
0:00:00:14 - Expanding tables for length 6 to character count 14
0:00:00:14 - Trying length 6, fixed @4, character count 13
0:00:00:14 - Switching to length 5
0:00:00:14 - Expanding tables for length 5 to character count 17
0:00:00:14 - Trying length 5, fixed @5, character count 14
0:00:00:14 - Switching to length 3
0:00:00:14 - Expanding tables for length 3 to character count 18
0:00:00:14 - Trying length 3, fixed @1, character count 18
0:00:00:14 - Switching to length 5
0:00:00:14 - Expanding tables for length 5 to character count 17
0:00:00:14 - Trying length 5, fixed @4, character count 16
0:00:00:14 - Switching to length 7
0:00:00:14 - Expanding tables for length 7 to character count 8
0:00:00:14 - Trying length 7, fixed @5, character count 8
0:00:00:14 - Switching to length 4
0:00:00:14 - Expanding tables for length 4 to character count 16
0:00:00:14 - Trying length 4, fixed @2, character count 14
0:00:00:14 - Switching to length 6
0:00:00:14 - Expanding tables for length 6 to character count 15
0:00:00:14 - Trying length 6, fixed @6, character count 15
0:00:00:14 - Switching to length 4
0:00:00:14 - Expanding tables for length 4 to character count 17
0:00:00:14 - Trying length 4, fixed @3, character count 17
0:00:00:14 - Switching to length 8
0:00:00:14 - Expanding tables for length 8 to character count 6
0:00:00:14 - Trying length 8, fixed @6, character count 6
0:00:00:14 - Switching to length 5
0:00:00:14 - Expanding tables for length 5 to character count 17
0:00:00:14 - Trying length 5, fixed @3, character count 17
0:00:00:14 - Switching to length 2
0:00:00:14 - Expanding tables for length 2 to character count 29
0:00:00:14 - Trying length 2, fixed @2, character count 29
0:00:00:14 - Switching to length 3
0:00:00:14 - Expanding tables for length 3 to character count 18
0:00:00:14 - Trying length 3, fixed @2, character count 14
0:00:00:14 - Switching to length 2
0:00:00:14 - Expanding tables for length 2 to character count 30
0:00:00:14 - Trying length 2, fixed @2, character count 30
0:00:00:14 - Switching to length 3
0:00:00:14 - Expanding tables for length 3 to character count 18
0:00:00:14 - Trying length 3, fixed @3, character count 18
0:00:00:14 - Switching to length 2
0:00:00:14 - Expanding tables for length 2 to character count 31
0:00:00:14 - Trying length 2, fixed @2, character count 31
0:00:00:14 - Switching to length 8
0:00:00:15 - Expanding tables for length 8 to character count 6
0:00:00:15 - Trying length 8, fixed @7, character count 6
0:00:00:15 - Switching to length 3
0:00:00:15 - Expanding tables for length 3 to character count 19
0:00:00:15 - Trying length 3, fixed @1, character count 19
0:00:00:15 - Switching to length 5
0:00:00:15 - Expanding tables for length 5 to character count 17
0:00:00:15 - Trying length 5, fixed @4, character count 17
0:00:00:15 - Switching to length 6
0:00:00:15 - Expanding tables for length 6 to character count 15
0:00:00:15 - Trying length 6, fixed @3, character count 14
0:00:00:15 - Switching to length 4
0:00:00:15 - Expanding tables for length 4 to character count 17
0:00:00:15 - Trying length 4, fixed @1, character count 16
0:00:00:15 - Switching to length 8
0:00:00:15 - Expanding tables for length 8 to character count 6
0:00:00:15 - Trying length 8, fixed @3, character count 6
0:00:00:15 - Switching to length 7
0:00:00:15 - Expanding tables for length 7 to character count 8
0:00:00:15 - Trying length 7, fixed @2, character count 8
0:00:00:15 - Switching to length 4
0:00:00:15 - Expanding tables for length 4 to character count 17
0:00:00:15 - Trying length 4, fixed @4, character count 17
0:00:00:15 - Switching to length 5
0:00:00:15 - Expanding tables for length 5 to character count 18
0:00:00:15 - Trying length 5, fixed @3, character count 18
0:00:00:15 - Switching to length 3
0:00:00:15 - Expanding tables for length 3 to character count 19
0:00:00:15 - Trying length 3, fixed @3, character count 19
0:00:00:15 - Expanding tables for length 3 to character count 20
0:00:00:15 - Trying length 3, fixed @1, character count 20
0:00:00:15 - Switching to length 4
0:00:00:15 - Expanding tables for length 4 to character count 18
0:00:00:15 - Trying length 4, fixed @3, character count 18
0:00:00:15 - Switching to length 6
0:00:00:15 - Expanding tables for length 6 to character count 15
0:00:00:15 - Trying length 6, fixed @1, character count 14
0:00:00:15 - Switching to length 7
0:00:00:15 - Expanding tables for length 7 to character count 9
0:00:00:15 - Trying length 7, fixed @6, character count 9
0:00:00:15 - Switching to length 6
0:00:00:15 - Expanding tables for length 6 to character count 15
0:00:00:15 - Trying length 6, fixed @4, character count 14
0:00:00:15 - Switching to length 5
0:00:00:15 - Expanding tables for length 5 to character count 18
0:00:00:15 - Trying length 5, fixed @1, character count 18
0:00:00:15 - Switching to length 2
0:00:00:15 - Expanding tables for length 2 to character count 31
0:00:00:15 - Trying length 2, fixed @1, character count 21
0:00:00:15 - Trying length 2, fixed @1, character count 22
0:00:00:15 - Switching to length 3
0:00:00:15 - Expanding tables for length 3 to character count 20
0:00:00:15 - Trying length 3, fixed @3, character count 20
0:00:00:15 - Expanding tables for length 3 to character count 21
0:00:00:15 - Trying length 3, fixed @1, character count 21
0:00:00:15 - Switching to length 4
0:00:00:15 - Expanding tables for length 4 to character count 18
0:00:00:15 - Trying length 4, fixed @4, character count 18
0:00:00:15 - Switching to length 2
0:00:00:15 - Expanding tables for length 2 to character count 32
0:00:00:15 - Trying length 2, fixed @2, character count 32
0:00:00:15 - Switching to length 7
0:00:00:15 - Expanding tables for length 7 to character count 9
0:00:00:15 - Trying length 7, fixed @3, character count 9
0:00:00:15 - Switching to length 6
0:00:00:16 - Expanding tables for length 6 to character count 15
0:00:00:16 - Trying length 6, fixed @5, character count 14
0:00:00:16 - Switching to length 8
0:00:00:16 - Expanding tables for length 8 to character count 6
0:00:00:16 - Trying length 8, fixed @2, character count 6
0:00:00:16 - Switching to length 5
0:00:00:16 - Expanding tables for length 5 to character count 18
0:00:00:16 - Trying length 5, fixed @5, character count 15
0:00:00:16 - Switching to length 6
0:00:00:16 - Expanding tables for length 6 to character count 16
0:00:00:16 - Trying length 6, fixed @6, character count 16
0:00:00:16 - Switching to length 4
0:00:00:16 - Expanding tables for length 4 to character count 19
0:00:00:16 - Trying length 4, fixed @4, character count 19
0:00:00:16 - Switching to length 8
0:00:00:16 - Expanding tables for length 8 to character count 6
0:00:00:16 - Trying length 8, fixed @4, character count 6
0:00:00:16 - Switching to length 5
0:00:00:16 - Expanding tables for length 5 to character count 18
0:00:00:16 - Trying length 5, fixed @4, character count 18
0:00:00:16 - Switching to length 2
0:00:00:16 - Expanding tables for length 2 to character count 32
0:00:00:16 - Trying length 2, fixed @1, character count 23
0:00:00:16 - Switching to length 6
0:00:00:16 - Expanding tables for length 6 to character count 16
0:00:00:16 - Trying length 6, fixed @2, character count 13
0:00:00:16 - Switching to length 5
0:00:00:16 - Expanding tables for length 5 to character count 19
0:00:00:16 - Trying length 5, fixed @3, character count 19
0:00:00:16 - Switching to length 4
0:00:00:16 - Expanding tables for length 4 to character count 19
0:00:00:16 - Trying length 4, fixed @2, character count 15
0:00:00:16 - Switching to length 3
0:00:00:16 - Expanding tables for length 3 to character count 21
0:00:00:16 - Trying length 3, fixed @2, character count 15
0:00:00:16 - Switching to length 4
0:00:00:16 - Expanding tables for length 4 to character count 19
0:00:00:16 - Trying length 4, fixed @3, character count 19
0:00:00:16 - Switching to length 3
0:00:00:16 - Expanding tables for length 3 to character count 21
0:00:00:16 - Trying length 3, fixed @3, character count 21
0:00:00:16 - Switching to length 7
0:00:00:16 - Expanding tables for length 7 to character count 9
0:00:00:16 - Trying length 7, fixed @1, character count 9
0:00:00:16 - Switching to length 6
0:00:00:16 - Expanding tables for length 6 to character count 16
0:00:00:16 - Trying length 6, fixed @3, character count 15
0:00:00:16 - Switching to length 8
0:00:00:17 - Expanding tables for length 8 to character count 6
0:00:00:17 - Trying length 8, fixed @8, character count 6
0:00:00:17 - Switching to length 3
0:00:00:17 - Expanding tables for length 3 to character count 22
0:00:00:17 - Trying length 3, fixed @3, character count 22
0:00:00:17 - Switching to length 10
0:00:00:17 - Expanding tables for length 10 to character count 3
0:00:00:17 - Trying length 10, fixed @2, character count 3
0:00:00:17 - Switching to length 7
0:00:00:17 - Expanding tables for length 7 to character count 9
0:00:00:17 - Trying length 7, fixed @4, character count 9
0:00:00:17 - Switching to length 4
0:00:00:17 - Expanding tables for length 4 to character count 20
0:00:00:17 - Trying length 4, fixed @4, character count 20
0:00:00:17 - Switching to length 2
0:00:00:17 - Expanding tables for length 2 to character count 32
0:00:00:17 - Trying length 2, fixed @1, character count 24
0:00:00:17 - Trying length 2, fixed @1, character count 25
0:00:00:17 - Trying length 2, fixed @1, character count 26
0:00:00:17 - Switching to length 3
0:00:00:17 - Expanding tables for length 3 to character count 23
0:00:00:17 - Trying length 3, fixed @3, character count 23
0:00:00:17 - Switching to length 9
0:00:00:17 - Expanding tables for length 9 to character count 4
0:00:00:17 - Trying length 9, fixed @2, character count 4
0:00:00:17 - Switching to length 2
0:00:00:17 - Expanding tables for length 2 to character count 32
0:00:00:17 - Trying length 2, fixed @1, character count 27
0:00:00:17 - Switching to length 5
0:00:00:17 - Expanding tables for length 5 to character count 19
0:00:00:17 - Trying length 5, fixed @2, character count 13
0:00:00:17 - Switching to length 6
0:00:00:17 - Expanding tables for length 6 to character count 16
0:00:00:17 - Trying length 6, fixed @1, character count 15
0:00:00:17 - Trying length 6, fixed @4, character count 15
0:00:00:17 - Switching to length 8
0:00:00:17 - Expanding tables for length 8 to character count 6
0:00:00:17 - Trying length 8, fixed @5, character count 6
0:00:00:17 - Switching to length 2
0:00:00:17 - Expanding tables for length 2 to character count 33
0:00:00:17 - Trying length 2, fixed @2, character count 33
0:00:00:17 - Switching to length 5
0:00:00:17 - Expanding tables for length 5 to character count 19
0:00:00:17 - Trying length 5, fixed @5, character count 16
0:00:00:17 - Switching to length 7
0:00:00:17 - Expanding tables for length 7 to character count 9
0:00:00:17 - Trying length 7, fixed @7, character count 9
0:00:00:18 - Switching to length 5
0:00:00:18 - Expanding tables for length 5 to character count 19
0:00:00:18 - Trying length 5, fixed @1, character count 19
0:00:00:18 - Switching to length 4
0:00:00:18 - Expanding tables for length 4 to character count 20
0:00:00:18 - Trying length 4, fixed @2, character count 16
0:00:00:18 - Switching to length 6
0:00:00:18 - Expanding tables for length 6 to character count 16
0:00:00:18 - Trying length 6, fixed @5, character count 15
0:00:00:18 - Switching to length 4
0:00:00:18 - Expanding tables for length 4 to character count 20
0:00:00:18 - Trying length 4, fixed @1, character count 17
0:00:00:18 - Trying length 4, fixed @3, character count 20
0:00:00:18 - Switching to length 3
0:00:00:18 - Expanding tables for length 3 to character count 23
0:00:00:18 - Trying length 3, fixed @2, character count 16
0:00:00:18 - Switching to length 5
0:00:00:18 - Expanding tables for length 5 to character count 19
0:00:00:18 - Trying length 5, fixed @4, character count 19
0:00:00:18 - Switching to length 7
0:00:00:18 - Expanding tables for length 7 to character count 9
0:00:00:18 - Trying length 7, fixed @5, character count 9
0:00:00:18 - Switching to length 4
0:00:00:18 - Expanding tables for length 4 to character count 21
0:00:00:18 - Trying length 4, fixed @4, character count 21
0:00:00:18 - Switching to length 3
0:00:00:18 - Expanding tables for length 3 to character count 23
0:00:00:18 - Trying length 3, fixed @1, character count 22
0:00:00:18 - Expanding tables for length 3 to character count 24
0:00:00:18 - Trying length 3, fixed @3, character count 24
0:00:00:18 - Switching to length 5
0:00:00:18 - Expanding tables for length 5 to character count 20
0:00:00:18 - Trying length 5, fixed @3, character count 20
0:00:00:18 - Switching to length 9
0:00:00:18 - Expanding tables for length 9 to character count 4
0:00:00:18 - Trying length 9, fixed @8, character count 4
0:00:00:18 - Switching to length 2
0:00:00:18 - Expanding tables for length 2 to character count 33
0:00:00:18 - Trying length 2, fixed @1, character count 28
0:00:00:18 - Switching to length 4
0:00:00:18 - Expanding tables for length 4 to character count 21
0:00:00:18 - Trying length 4, fixed @3, character count 21
0:00:00:18 - Switching to length 2
0:00:00:18 - Expanding tables for length 2 to character count 33
0:00:00:18 - Trying length 2, fixed @1, character count 29
0:00:00:18 - Switching to length 6
0:00:00:18 - Expanding tables for length 6 to character count 16
0:00:00:18 - Trying length 6, fixed @2, character count 14
0:00:00:18 - Switching to length 7
0:00:00:18 - Expanding tables for length 7 to character count 10
0:00:00:18 - Trying length 7, fixed @3, character count 10
0:00:00:18 - Switching to length 9
0:00:00:18 - Expanding tables for length 9 to character count 4
0:00:00:19 - Trying length 9, fixed @1, character count 4
0:00:00:19 - Expanding tables for length 9 to character count 5
0:00:00:19 - Trying length 9, fixed @1, character count 5
0:00:00:19 - Switching to length 3
0:00:00:19 - Expanding tables for length 3 to character count 24
0:00:00:19 - Trying length 3, fixed @2, character count 17
0:00:00:19 - Switching to length 10
0:00:00:19 - Expanding tables for length 10 to character count 3
0:00:00:19 - Trying length 10, fixed @9, character count 3
0:00:00:19 - Switching to length 3
0:00:00:19 - Expanding tables for length 3 to character count 25
0:00:00:19 - Trying length 3, fixed @3, character count 25
0:00:00:19 - Switching to length 5
0:00:00:19 - Expanding tables for length 5 to character count 20
0:00:00:19 - Trying length 5, fixed @2, character count 14
0:00:00:19 - Switching to length 4
0:00:00:19 - Expanding tables for length 4 to character count 21
0:00:00:19 - Trying length 4, fixed @2, character count 17
0:00:00:19 - Switching to length 6
0:00:00:19 - Expanding tables for length 6 to character count 16
0:00:00:19 - Trying length 6, fixed @4, character count 16
0:00:00:19 - Switching to length 4
0:00:00:19 - Expanding tables for length 4 to character count 21
0:00:00:19 - Trying length 4, fixed @1, character count 18
0:00:00:19 - Switching to length 5
0:00:00:19 - Expanding tables for length 5 to character count 20
0:00:00:19 - Trying length 5, fixed @5, character count 17
0:00:00:19 - Trying length 5, fixed @4, character count 20
0:00:00:19 - Switching to length 7
0:00:00:19 - Expanding tables for length 7 to character count 10
0:00:00:19 - Trying length 7, fixed @1, character count 10
0:00:00:19 - Switching to length 9
0:00:00:19 - Expanding tables for length 9 to character count 5
0:00:00:19 - Trying length 9, fixed @7, character count 4
0:00:00:19 - Switching to length 4
0:00:00:19 - Expanding tables for length 4 to character count 22
0:00:00:19 - Trying length 4, fixed @4, character count 22
0:00:00:19 - Switching to length 10
0:00:00:19 - Expanding tables for length 10 to character count 3
0:00:00:19 - Trying length 10, fixed @7, character count 3
0:00:00:19 - Switching to length 3
0:00:00:19 - Expanding tables for length 3 to character count 25
0:00:00:19 - Trying length 3, fixed @2, character count 18
0:00:00:19 - Expanding tables for length 3 to character count 26
0:00:00:19 - Trying length 3, fixed @3, character count 26
0:00:00:19 - Switching to length 9
0:00:00:19 - Expanding tables for length 9 to character count 5
0:00:00:19 - Trying length 9, fixed @3, character count 4
0:00:00:19 - Switching to length 8
0:00:00:19 - Expanding tables for length 8 to character count 7
0:00:00:19 - Trying length 8, fixed @3, character count 7
0:00:00:19 - Switching to length 5
0:00:00:19 - Expanding tables for length 5 to character count 21
0:00:00:19 - Trying length 5, fixed @3, character count 21
0:00:00:19 - Switching to length 6
0:00:00:20 - Expanding tables for length 6 to character count 16
0:00:00:20 - Trying length 6, fixed @2, character count 15
0:00:00:20 - Switching to length 3
0:00:00:20 - Expanding tables for length 3 to character count 27
0:00:00:20 - Trying length 3, fixed @3, character count 27
0:00:00:20 - Switching to length 10
0:00:00:20 - Expanding tables for length 10 to character count 3
0:00:00:20 - Trying length 10, fixed @3, character count 3
0:00:00:20 - Switching to length 6
0:00:00:20 - Expanding tables for length 6 to character count 17
0:00:00:20 - Trying length 6, fixed @6, character count 17
0:00:00:20 - Switching to length 5
0:00:00:20 - Expanding tables for length 5 to character count 21
0:00:00:20 - Trying length 5, fixed @4, character count 21
0:00:00:20 - Switching to length 3
0:00:00:20 - Expanding tables for length 3 to character count 28
0:00:00:20 - Trying length 3, fixed @3, character count 28
0:00:00:20 - Switching to length 6
0:00:00:20 - Expanding tables for length 6 to character count 17
0:00:00:20 - Trying length 6, fixed @4, character count 17
0:00:00:20 - Switching to length 7
0:00:00:20 - Expanding tables for length 7 to character count 10
0:00:00:20 - Trying length 7, fixed @7, character count 10
0:00:00:20 - Switching to length 4
0:00:00:20 - Expanding tables for length 4 to character count 22
0:00:00:20 - Trying length 4, fixed @2, character count 18
0:00:00:20 - Trying length 4, fixed @1, character count 19
0:00:00:20 - Switching to length 8
0:00:00:21 - Expanding tables for length 8 to character count 7
0:00:00:21 - Trying length 8, fixed @1, character count 7
0:00:00:21 - Switching to length 4
0:00:00:21 - Expanding tables for length 4 to character count 22
0:00:00:21 - Trying length 4, fixed @3, character count 22
0:00:00:21 - Switching to length 9
0:00:00:21 - Expanding tables for length 9 to character count 5
0:00:00:21 - Trying length 9, fixed @9, character count 4
0:00:00:21 - Switching to length 7
0:00:00:21 - Expanding tables for length 7 to character count 10
0:00:00:21 - Trying length 7, fixed @5, character count 10
0:00:00:21 - Switching to length 2
0:00:00:21 - Expanding tables for length 2 to character count 33
0:00:00:21 - Trying length 2, fixed @1, character count 30
0:00:00:21 - Switching to length 9
0:00:00:21 - Expanding tables for length 9 to character count 5
0:00:00:21 - Trying length 9, fixed @6, character count 4
0:00:00:21 - Switching to length 2
0:00:00:21 - Expanding tables for length 2 to character count 33
0:00:00:21 - Trying length 2, fixed @1, character count 31
0:00:00:21 - Trying length 2, fixed @1, character count 32
0:00:00:21 - Switching to length 9
0:00:00:21 - Expanding tables for length 9 to character count 5
0:00:00:21 - Trying length 9, fixed @3, character count 5
0:00:00:21 - Switching to length 2
0:00:00:21 - Expanding tables for length 2 to character count 33
0:00:00:21 - Trying length 2, fixed @1, character count 33
0:00:00:21 - Switching to length 3
0:00:00:21 - Expanding tables for length 3 to character count 28
0:00:00:21 - Trying length 3, fixed @1, character count 23
0:00:00:21 - Switching to length 2
0:00:00:21 - Expanding tables for length 2 to character count 34
0:00:00:21 - Trying length 2, fixed @1, character count 34
0:00:00:21 - Switching to length 6
0:00:00:21 - Expanding tables for length 6 to character count 17
0:00:00:21 - Trying length 6, fixed @1, character count 16
0:00:00:21 - Switching to length 8
0:00:00:21 - Expanding tables for length 8 to character count 7
0:00:00:21 - Trying length 8, fixed @6, character count 7
0:00:00:21 - Switching to length 4
0:00:00:21 - Expanding tables for length 4 to character count 22
0:00:00:21 - Trying length 4, fixed @1, character count 20
0:00:00:21 - Switching to length 9
0:00:00:22 - Expanding tables for length 9 to character count 5
0:00:00:22 - Trying length 9, fixed @6, character count 5
0:00:00:22 - Switching to length 7
0:00:00:22 - Expanding tables for length 7 to character count 10
0:00:00:22 - Trying length 7, fixed @4, character count 10
0:00:00:22 - Switching to length 2
0:00:00:22 - Expanding tables for length 2 to character count 34
0:00:00:22 - Trying length 2, fixed @2, character count 34
0:00:00:22 - Expanding tables for length 2 to character count 35
0:00:00:22 - Trying length 2, fixed @2, character count 35
0:00:00:22 - Expanding tables for length 2 to character count 36
0:00:00:22 - Trying length 2, fixed @2, character count 36
0:00:00:22 - Switching to length 8
0:00:00:22 - Expanding tables for length 8 to character count 7
0:00:00:22 - Trying length 8, fixed @7, character count 7
0:00:00:22 - Switching to length 5
0:00:00:22 - Expanding tables for length 5 to character count 21
0:00:00:22 - Trying length 5, fixed @5, character count 18
0:00:00:22 - Switching to length 2
0:00:00:22 - Expanding tables for length 2 to character count 37
0:00:00:22 - Trying length 2, fixed @2, character count 37
0:00:00:22 - Switching to length 10
0:00:00:22 - Expanding tables for length 10 to character count 3
0:00:00:22 - Trying length 10, fixed @10, character count 3
0:00:00:22 - Switching to length 4
0:00:00:22 - Expanding tables for length 4 to character count 23
0:00:00:22 - Trying length 4, fixed @3, character count 23
0:00:00:22 - Switching to length 5
0:00:00:22 - Expanding tables for length 5 to character count 22
0:00:00:22 - Trying length 5, fixed @4, character count 22
0:00:00:22 - Switching to length 6
0:00:00:22 - Expanding tables for length 6 to character count 17
0:00:00:22 - Trying length 6, fixed @3, character count 16
0:00:00:23 - Expanding tables for length 6 to character count 18
0:00:00:23 - Trying length 6, fixed @4, character count 18
0:00:00:23 - Switching to length 5
0:00:00:23 - Expanding tables for length 5 to character count 22
0:00:00:23 - Trying length 5, fixed @3, character count 22
0:00:00:23 - Switching to length 4
0:00:00:23 - Expanding tables for length 4 to character count 23
0:00:00:23 - Trying length 4, fixed @4, character count 23
0:00:00:23 - Switching to length 3
0:00:00:23 - Expanding tables for length 3 to character count 28
0:00:00:23 - Trying length 3, fixed @2, character count 19
0:00:00:23 - Switching to length 10
0:00:00:23 - Expanding tables for length 10 to character count 3
0:00:00:23 - Trying length 10, fixed @8, character count 3
0:00:00:23 - Switching to length 7
0:00:00:23 - Expanding tables for length 7 to character count 10
0:00:00:23 - Trying length 7, fixed @6, character count 10
0:00:00:23 - Switching to length 4
0:00:00:23 - Expanding tables for length 4 to character count 23
0:00:00:23 - Trying length 4, fixed @1, character count 21
0:00:00:23 - Switching to length 6
0:00:00:23 - Expanding tables for length 6 to character count 18
0:00:00:23 - Trying length 6, fixed @5, character count 16
0:00:00:24 - Switching to length 5
0:00:00:24 - Expanding tables for length 5 to character count 22
0:00:00:24 - Trying length 5, fixed @2, character count 15
0:00:00:24 - Switching to length 3
0:00:00:24 - Expanding tables for length 3 to character count 28
0:00:00:24 - Trying length 3, fixed @2, character count 20
0:00:00:24 - Trying length 3, fixed @1, character count 24
0:00:00:24 - Switching to length 7
0:00:00:24 - Expanding tables for length 7 to character count 11
0:00:00:24 - Trying length 7, fixed @3, character count 11
0:00:00:24 - Switching to length 3
0:00:00:24 - Expanding tables for length 3 to character count 29
0:00:00:24 - Trying length 3, fixed @3, character count 29
0:00:00:24 - Switching to length 12
0:00:00:24 - Expanding tables for length 12 to character count 1
0:00:00:24 - Trying length 12, fixed @1, character count 1
0:00:00:24 - Switching to length 6
0:00:00:24 - Expanding tables for length 6 to character count 18
0:00:00:24 - Trying length 6, fixed @2, character count 16
0:00:00:24 - Switching to length 8
0:00:00:24 - Expanding tables for length 8 to character count 7
0:00:00:24 - Trying length 8, fixed @2, character count 7
0:00:00:24 - Trying length 8, fixed @8, character count 7
0:00:00:25 - Switching to length 4
0:00:00:25 - Expanding tables for length 4 to character count 23
0:00:00:25 - Trying length 4, fixed @1, character count 22
0:00:00:25 - Switching to length 9
0:00:00:25 - Expanding tables for length 9 to character count 5
0:00:00:25 - Trying length 9, fixed @4, character count 4
0:00:00:25 - Trying length 9, fixed @2, character count 5
0:00:00:25 - Switching to length 7
0:00:00:25 - Expanding tables for length 7 to character count 11
0:00:00:25 - Trying length 7, fixed @1, character count 11
0:00:00:25 - Switching to length 8
0:00:00:25 - Expanding tables for length 8 to character count 7
0:00:00:25 - Trying length 8, fixed @4, character count 7
0:00:00:25 - Switching to length 11
0:00:00:25 - Expanding tables for length 11 to character count 2
0:00:00:25 - Trying length 11, fixed @2, character count 2
0:00:00:25 - Switching to length 5
0:00:00:25 - Expanding tables for length 5 to character count 22
0:00:00:25 - Trying length 5, fixed @2, character count 16
0:00:00:25 - Switching to length 6
0:00:00:25 - Expanding tables for length 6 to character count 19
0:00:00:25 - Trying length 6, fixed @4, character count 19
0:00:00:26 - Switching to length 5
0:00:00:26 - Expanding tables for length 5 to character count 22
0:00:00:26 - Trying length 5, fixed @5, character count 19
0:00:00:26 - Switching to length 4
0:00:00:26 - Expanding tables for length 4 to character count 24
0:00:00:26 - Trying length 4, fixed @3, character count 24
0:00:00:26 - Switching to length 2
0:00:00:26 - Expanding tables for length 2 to character count 37
0:00:00:26 - Trying length 2, fixed @1, character count 35
0:00:00:26 - Switching to length 9
0:00:00:26 - Expanding tables for length 9 to character count 5
0:00:00:26 - Trying length 9, fixed @9, character count 5
0:00:00:26 - Switching to length 3
0:00:00:26 - Expanding tables for length 3 to character count 29
0:00:00:26 - Trying length 3, fixed @2, character count 21
0:00:00:26 - Switching to length 5
0:00:00:26 - Expanding tables for length 5 to character count 22
0:00:00:26 - Trying length 5, fixed @1, character count 20
0:00:00:26 - Switching to length 2
0:00:00:26 - Expanding tables for length 2 to character count 37
0:00:00:26 - Trying length 2, fixed @1, character count 36
0:00:00:26 - Trying length 2, fixed @1, character count 37
0:00:00:26 - Expanding tables for length 2 to character count 38
0:00:00:26 - Trying length 2, fixed @1, character count 38
0:00:00:26 - Switching to length 5
0:00:00:26 - Expanding tables for length 5 to character count 23
0:00:00:26 - Trying length 5, fixed @4, character count 23
0:00:00:26 - Switching to length 6
0:00:00:26 - Expanding tables for length 6 to character count 19
0:00:00:26 - Trying length 6, fixed @3, character count 17
0:00:00:26 - Switching to length 8
0:00:00:26 - Expanding tables for length 8 to character count 7
0:00:00:26 - Trying length 8, fixed @5, character count 7
0:00:00:27 - Switching to length 3
0:00:00:27 - Expanding tables for length 3 to character count 30
0:00:00:27 - Trying length 3, fixed @3, character count 30
0:00:00:27 - Switching to length 2
0:00:00:27 - Expanding tables for length 2 to character count 38
0:00:00:27 - Trying length 2, fixed @2, character count 38
0:00:00:27 - Expanding tables for length 2 to character count 39
0:00:00:27 - Trying length 2, fixed @1, character count 39
0:00:00:27 - Switching to length 9
0:00:00:27 - Expanding tables for length 9 to character count 5
0:00:00:27 - Trying length 9, fixed @8, character count 5
0:00:00:27 - Switching to length 3
0:00:00:27 - Expanding tables for length 3 to character count 31
0:00:00:27 - Trying length 3, fixed @3, character count 31
0:00:00:27 - Switching to length 4
0:00:00:27 - Expanding tables for length 4 to character count 24
0:00:00:27 - Trying length 4, fixed @1, character count 23
0:00:00:27 - Switching to length 6
0:00:00:27 - Expanding tables for length 6 to character count 19
0:00:00:27 - Trying length 6, fixed @1, character count 17
0:00:00:27 - Switching to length 10
0:00:00:27 - Expanding tables for length 10 to character count 3
0:00:00:27 - Trying length 10, fixed @1, character count 3
0:00:00:27 - Switching to length 2
0:00:00:27 - Expanding tables for length 2 to character count 39
0:00:00:27 - Trying length 2, fixed @2, character count 39
0:00:00:27 - Expanding tables for length 2 to character count 40
0:00:00:27 - Trying length 2, fixed @1, character count 40
0:00:00:27 - Switching to length 10
0:00:00:27 - Expanding tables for length 10 to character count 3
0:00:00:27 - Trying length 10, fixed @4, character count 3
0:00:00:27 - Switching to length 7
0:00:00:27 - Expanding tables for length 7 to character count 11
0:00:00:27 - Trying length 7, fixed @2, character count 9
0:00:00:28 - Switching to length 2
0:00:00:28 - Expanding tables for length 2 to character count 40
0:00:00:28 - Trying length 2, fixed @2, character count 40
0:00:00:28 - Switching to length 4
0:00:00:28 - Expanding tables for length 4 to character count 24
0:00:00:28 - Trying length 4, fixed @4, character count 24
0:00:00:28 - Switching to length 7
0:00:00:28 - Expanding tables for length 7 to character count 11
0:00:00:28 - Trying length 7, fixed @7, character count 11
0:00:00:28 - Switching to length 6
0:00:00:28 - Expanding tables for length 6 to character count 19
0:00:00:28 - Trying length 6, fixed @5, character count 17
0:00:00:28 - Switching to length 5
0:00:00:28 - Expanding tables for length 5 to character count 23
0:00:00:28 - Trying length 5, fixed @5, character count 20
0:00:00:28 - Switching to length 3
0:00:00:28 - Expanding tables for length 3 to character count 31
0:00:00:28 - Trying length 3, fixed @1, character count 25
0:00:00:28 - Expanding tables for length 3 to character count 32
0:00:00:28 - Trying length 3, fixed @3, character count 32
0:00:00:28 - Switching to length 5
0:00:00:28 - Expanding tables for length 5 to character count 23
0:00:00:28 - Trying length 5, fixed @1, character count 21
0:00:00:28 - Switching to length 9
0:00:00:29 - Expanding tables for length 9 to character count 5
0:00:00:29 - Trying length 9, fixed @7, character count 5
0:00:00:29 - Switching to length 4
0:00:00:29 - Expanding tables for length 4 to character count 24
0:00:00:29 - Trying length 4, fixed @2, character count 19
0:00:00:29 - Expanding tables for length 4 to character count 25
0:00:00:29 - Trying length 4, fixed @3, character count 25
0:00:00:29 - Switching to length 11
0:00:00:29 - Expanding tables for length 11 to character count 2
0:00:00:29 - Trying length 11, fixed @10, character count 2
0:00:00:29 - Switching to length 5
0:00:00:29 - Expanding tables for length 5 to character count 23
0:00:00:29 - Trying length 5, fixed @3, character count 23
0:00:00:29 - Switching to length 7
0:00:00:29 - Expanding tables for length 7 to character count 11
0:00:00:29 - Trying length 7, fixed @5, character count 11
0:00:00:29 - Switching to length 3
0:00:00:29 - Expanding tables for length 3 to character count 33
0:00:00:29 - Trying length 3, fixed @3, character count 33
0:00:00:29 - Switching to length 11
0:00:00:29 - Expanding tables for length 11 to character count 2
0:00:00:29 - Trying length 11, fixed @6, character count 2
0:00:00:29 - Trying length 11, fixed @3, character count 2
0:00:00:29 - Switching to length 6
0:00:00:29 - Expanding tables for length 6 to character count 19
0:00:00:29 - Trying length 6, fixed @2, character count 17
0:00:00:30 - Expanding tables for length 6 to character count 20
0:00:00:30 - Trying length 6, fixed @4, character count 20
0:00:00:30 - Switching to length 5
0:00:00:30 - Expanding tables for length 5 to character count 24
0:00:00:30 - Trying length 5, fixed @4, character count 24
0:00:00:30 - Switching to length 4
0:00:00:30 - Expanding tables for length 4 to character count 25
0:00:00:30 - Trying length 4, fixed @1, character count 24
0:00:00:30 - Expanding tables for length 4 to character count 26
0:00:00:30 - Trying length 4, fixed @3, character count 26
0:00:00:30 - Switching to length 9
0:00:00:30 - Expanding tables for length 9 to character count 5
0:00:00:30 - Trying length 9, fixed @4, character count 5
0:00:00:30 - Switching to length 7
0:00:00:30 - Expanding tables for length 7 to character count 11
0:00:00:30 - Trying length 7, fixed @4, character count 11
0:00:00:31 - Switching to length 3
0:00:00:31 - Expanding tables for length 3 to character count 33
0:00:00:31 - Trying length 3, fixed @2, character count 22
0:00:00:31 - Switching to length 11
0:00:00:31 - Expanding tables for length 11 to character count 2
0:00:00:31 - Trying length 11, fixed @1, character count 2
0:00:00:31 - Switching to length 10
0:00:00:31 - Expanding tables for length 10 to character count 3
0:00:00:31 - Trying length 10, fixed @5, character count 3
0:00:00:31 - Switching to length 6
0:00:00:31 - Expanding tables for length 6 to character count 20
0:00:00:31 - Trying length 6, fixed @1, character count 18
0:00:00:32 - Switching to length 10
0:00:00:32 - Expanding tables for length 10 to character count 3
0:00:00:32 - Trying length 10, fixed @6, character count 3
0:00:00:32 - Switching to length 3
0:00:00:32 - Expanding tables for length 3 to character count 33
0:00:00:32 - Trying length 3, fixed @2, character count 23
0:00:00:32 - Switching to length 5
0:00:00:32 - Expanding tables for length 5 to character count 24
0:00:00:32 - Trying length 5, fixed @2, character count 17
0:00:00:32 - Switching to length 11
0:00:00:32 - Expanding tables for length 11 to character count 2
0:00:00:32 - Trying length 11, fixed @8, character count 2
0:00:00:32 - Switching to length 6
0:00:00:32 - Expanding tables for length 6 to character count 20
0:00:00:32 - Trying length 6, fixed @5, character count 18
0:00:00:32 - Switching to length 3
0:00:00:32 - Expanding tables for length 3 to character count 33
0:00:00:32 - Trying length 3, fixed @1, character count 26
0:00:00:32 - Switching to length 4
0:00:00:32 - Expanding tables for length 4 to character count 26
0:00:00:32 - Trying length 4, fixed @1, character count 25
0:00:00:32 - Switching to length 3
0:00:00:32 - Expanding tables for length 3 to character count 34
0:00:00:32 - Trying length 3, fixed @3, character count 34
0:00:00:32 - Switching to length 8
0:00:00:32 - Expanding tables for length 8 to character count 8
0:00:00:32 - Trying length 8, fixed @3, character count 8
0:00:00:33 - Switching to length 7
0:00:00:33 - Expanding tables for length 7 to character count 11
0:00:00:33 - Trying length 7, fixed @6, character count 11
0:00:00:33 - Switching to length 5
0:00:00:33 - Expanding tables for length 5 to character count 24
0:00:00:33 - Trying length 5, fixed @5, character count 21
0:00:00:33 - Switching to length 2
0:00:00:33 - Expanding tables for length 2 to character count 41
0:00:00:33 - Trying length 2, fixed @1, character count 41
0:00:00:33 - Switching to length 6
0:00:00:33 - Expanding tables for length 6 to character count 20
0:00:00:33 - Trying length 6, fixed @6, character count 18
0:00:00:34 - Switching to length 2
0:00:00:34 - Expanding tables for length 2 to character count 41
0:00:00:34 - Trying length 2, fixed @2, character count 41
0:00:00:34 - Expanding tables for length 2 to character count 42
0:00:00:34 - Trying length 2, fixed @1, character count 42
0:00:00:34 - Expanding tables for length 2 to character count 43
0:00:00:34 - Trying length 2, fixed @1, character count 43
0:00:00:34 - Expanding tables for length 2 to character count 44
0:00:00:34 - Trying length 2, fixed @1, character count 44
0:00:00:34 - Expanding tables for length 2 to character count 45
0:00:00:34 - Trying length 2, fixed @1, character count 45
0:00:00:34 - Expanding tables for length 2 to character count 46
0:00:00:34 - Trying length 2, fixed @1, character count 46
0:00:00:34 - Switching to length 8
0:00:00:34 - Expanding tables for length 8 to character count 8
0:00:00:34 - Trying length 8, fixed @7, character count 8
0:00:00:34 - Switching to length 5
0:00:00:34 - Expanding tables for length 5 to character count 24
0:00:00:34 - Trying length 5, fixed @5, character count 22
0:00:00:34 - Switching to length 4
0:00:00:34 - Expanding tables for length 4 to character count 26
0:00:00:34 - Trying length 4, fixed @1, character count 26
0:00:00:34 - Switching to length 6
0:00:00:34 - Expanding tables for length 6 to character count 20
0:00:00:34 - Trying length 6, fixed @3, character count 18
0:00:00:35 - Switching to length 3
0:00:00:35 - Expanding tables for length 3 to character count 34
0:00:00:35 - Trying length 3, fixed @2, character count 24
0:00:00:35 - Switching to length 6
0:00:00:35 - Expanding tables for length 6 to character count 21
0:00:00:35 - Trying length 6, fixed @4, character count 21
0:00:00:35 - Switching to length 7
0:00:00:35 - Expanding tables for length 7 to character count 12
0:00:00:35 - Trying length 7, fixed @7, character count 12
0:00:00:36 - Switching to length 4
0:00:00:36 - Expanding tables for length 4 to character count 27
0:00:00:36 - Trying length 4, fixed @3, character count 27
0:00:00:36 - Switching to length 5
0:00:00:36 - Expanding tables for length 5 to character count 24
0:00:00:36 - Trying length 5, fixed @1, character count 22
0:00:00:36 - Switching to length 3
0:00:00:36 - Expanding tables for length 3 to character count 34
0:00:00:36 - Trying length 3, fixed @1, character count 27
0:00:00:36 - Switching to length 9
0:00:00:36 - Expanding tables for length 9 to character count 5
0:00:00:36 - Trying length 9, fixed @5, character count 4
0:00:00:36 - Switching to length 5
0:00:00:36 - Expanding tables for length 5 to character count 24
0:00:00:36 - Trying length 5, fixed @5, character count 23
0:00:00:36 - Switching to length 9
0:00:00:36 - Expanding tables for length 9 to character count 5
0:00:00:36 - Trying length 9, fixed @5, character count 5
0:00:00:36 - Switching to length 2
0:00:00:36 - Expanding tables for length 2 to character count 46
0:00:00:36 - Trying length 2, fixed @2, character count 42
0:00:00:36 - Switching to length 8
0:00:00:36 - Expanding tables for length 8 to character count 8
0:00:00:36 - Trying length 8, fixed @8, character count 8
0:00:00:37 - Switching to length 4
0:00:00:37 - Expanding tables for length 4 to character count 28
0:00:00:37 - Trying length 4, fixed @3, character count 28
0:00:00:37 - Switching to length 11
0:00:00:37 - Expanding tables for length 11 to character count 2
0:00:00:37 - Trying length 11, fixed @5, character count 2
0:00:00:37 - Switching to length 5
0:00:00:37 - Expanding tables for length 5 to character count 24
0:00:00:37 - Trying length 5, fixed @3, character count 24
0:00:00:37 - Switching to length 3
0:00:00:37 - Expanding tables for length 3 to character count 34
0:00:00:37 - Trying length 3, fixed @1, character count 28
0:00:00:37 - Switching to length 6
0:00:00:37 - Expanding tables for length 6 to character count 22
0:00:00:37 - Trying length 6, fixed @4, character count 22
0:00:00:37 - Switching to length 5
0:00:00:37 - Expanding tables for length 5 to character count 24
0:00:00:37 - Trying length 5, fixed @5, character count 24
0:00:00:37 - Expanding tables for length 5 to character count 25
0:00:00:37 - Trying length 5, fixed @4, character count 25
0:00:00:37 - Switching to length 6
0:00:00:37 - Expanding tables for length 6 to character count 22
0:00:00:37 - Trying length 6, fixed @2, character count 18
0:00:00:38 - Switching to length 3
0:00:00:38 - Expanding tables for length 3 to character count 34
0:00:00:38 - Trying length 3, fixed @2, character count 25
0:00:00:38 - Switching to length 8
0:00:00:38 - Expanding tables for length 8 to character count 8
0:00:00:38 - Trying length 8, fixed @5, character count 8
0:00:00:38 - Switching to length 7
0:00:00:38 - Expanding tables for length 7 to character count 12
0:00:00:38 - Trying length 7, fixed @2, character count 10
0:00:00:39 - Trying length 7, fixed @1, character count 12
0:00:00:39 - Switching to length 3
0:00:00:39 - Expanding tables for length 3 to character count 34
0:00:00:39 - Trying length 3, fixed @2, character count 26
0:00:00:39 - Switching to length 8
0:00:00:39 - Expanding tables for length 8 to character count 8
0:00:00:39 - Trying length 8, fixed @1, character count 8
0:00:00:39 - Switching to length 4
0:00:00:39 - Expanding tables for length 4 to character count 28
0:00:00:39 - Trying length 4, fixed @2, character count 20
0:00:00:39 - Switching to length 11
0:00:00:39 - Expanding tables for length 11 to character count 2
0:00:00:39 - Trying length 11, fixed @4, character count 2
0:00:00:39 - Switching to length 6
0:00:00:39 - Expanding tables for length 6 to character count 22
0:00:00:39 - Trying length 6, fixed @6, character count 19
0:00:00:40 - Switching to length 5
0:00:00:40 - Expanding tables for length 5 to character count 26
0:00:00:40 - Trying length 5, fixed @4, character count 26
0:00:00:40 - Switching to length 3
0:00:00:40 - Expanding tables for length 3 to character count 34
0:00:00:40 - Trying length 3, fixed @1, character count 29
0:00:00:40 - Switching to length 4
0:00:00:40 - Expanding tables for length 4 to character count 28
0:00:00:40 - Trying length 4, fixed @1, character count 27
0:00:00:40 - Switching to length 11
0:00:00:40 - Expanding tables for length 11 to character count 2
0:00:00:40 - Trying length 11, fixed @9, character count 2
0:00:00:40 - Switching to length 5
0:00:00:40 - Expanding tables for length 5 to character count 27
0:00:00:40 - Trying length 5, fixed @4, character count 27
0:00:00:40 - Switching to length 3
0:00:00:40 - Expanding tables for length 3 to character count 34
0:00:00:40 - Trying length 3, fixed @1, character count 30
0:00:00:40 - Switching to length 8
0:00:00:40 - Expanding tables for length 8 to character count 8
0:00:00:40 - Trying length 8, fixed @4, character count 8
0:00:00:41 - Switching to length 6
0:00:00:41 - Expanding tables for length 6 to character count 22
0:00:00:41 - Trying length 6, fixed @1, character count 19
0:00:00:41 - Trying length 6, fixed @3, character count 19
0:00:00:42 - Switching to length 4
0:00:00:42 - Expanding tables for length 4 to character count 28
0:00:00:42 - Trying length 4, fixed @2, character count 21
0:00:00:42 - Switching to length 8
0:00:00:42 - Expanding tables for length 8 to character count 8
0:00:00:42 - Trying length 8, fixed @6, character count 8
0:00:00:42 - Switching to length 4
0:00:00:42 - Expanding tables for length 4 to character count 28
0:00:00:42 - Trying length 4, fixed @4, character count 25
0:00:00:42 - Switching to length 7
0:00:00:42 - Expanding tables for length 7 to character count 12
0:00:00:42 - Trying length 7, fixed @6, character count 12
0:00:00:42 - Switching to length 3
0:00:00:42 - Expanding tables for length 3 to character count 34
0:00:00:42 - Trying length 3, fixed @2, character count 27
0:00:00:42 - Switching to length 4
0:00:00:42 - Expanding tables for length 4 to character count 28
0:00:00:42 - Trying length 4, fixed @4, character count 26
0:00:00:42 - Trying length 4, fixed @1, character count 28
0:00:00:42 - Switching to length 5
0:00:00:42 - Expanding tables for length 5 to character count 27
0:00:00:43 - Trying length 5, fixed @2, character count 18
0:00:00:43 - Switching to length 3
0:00:00:43 - Expanding tables for length 3 to character count 34
0:00:00:43 - Trying length 3, fixed @2, character count 28
0:00:00:43 - Switching to length 6
0:00:00:43 - Expanding tables for length 6 to character count 22
0:00:00:43 - Trying length 6, fixed @2, character count 19
0:00:00:43 - Switching to length 7
0:00:00:43 - Expanding tables for length 7 to character count 12
0:00:00:43 - Trying length 7, fixed @4, character count 12
0:00:00:44 - Switching to length 3
0:00:00:44 - Expanding tables for length 3 to character count 34
0:00:00:44 - Trying length 3, fixed @2, character count 29
0:00:00:44 - Expanding tables for length 3 to character count 35
0:00:00:44 - Trying length 3, fixed @3, character count 35
0:00:00:44 - Switching to length 5
0:00:00:44 - Expanding tables for length 5 to character count 27
0:00:00:44 - Trying length 5, fixed @3, character count 25
0:00:00:44 - Switching to length 4
0:00:00:44 - Expanding tables for length 4 to character count 29
0:00:00:44 - Trying length 4, fixed @3, character count 29
0:00:00:44 - Switching to length 6
0:00:00:44 - Expanding tables for length 6 to character count 22
0:00:00:44 - Trying length 6, fixed @5, character count 19
0:00:00:44 - Expanding tables for length 6 to character count 23
0:00:00:44 - Trying length 6, fixed @4, character count 23
0:00:00:45 - Switching to length 7
0:00:00:45 - Expanding tables for length 7 to character count 12
0:00:00:45 - Trying length 7, fixed @5, character count 12
0:00:00:45 - Switching to length 3
0:00:00:45 - Expanding tables for length 3 to character count 35
0:00:00:45 - Trying length 3, fixed @2, character count 30
0:00:00:45 - Switching to length 5
0:00:00:45 - Expanding tables for length 5 to character count 27
0:00:00:45 - Trying length 5, fixed @1, character count 23
0:00:00:45 - Switching to length 8
0:00:00:45 - Expanding tables for length 8 to character count 8
0:00:00:45 - Trying length 8, fixed @2, character count 8
0:00:00:46 - Switching to length 2
0:00:00:46 - Expanding tables for length 2 to character count 46
0:00:00:46 - Trying length 2, fixed @2, character count 43
0:00:00:46 - Trying length 2, fixed @2, character count 44
0:00:00:46 - Trying length 2, fixed @2, character count 45
0:00:00:46 - Switching to length 4
0:00:00:46 - Expanding tables for length 4 to character count 30
0:00:00:46 - Trying length 4, fixed @3, character count 30
0:00:00:46 - Switching to length 7
0:00:00:46 - Expanding tables for length 7 to character count 13
0:00:00:46 - Trying length 7, fixed @7, character count 13
0:00:00:46 - Switching to length 2
0:00:00:46 - Expanding tables for length 2 to character count 46
0:00:00:46 - Trying length 2, fixed @2, character count 46
0:00:00:46 - Expanding tables for length 2 to character count 47
0:00:00:46 - Trying length 2, fixed @1, character count 47
0:00:00:46 - Switching to length 11
0:00:00:47 - Expanding tables for length 11 to character count 2
0:00:00:47 - Trying length 11, fixed @7, character count 2
0:00:00:47 - Switching to length 10
0:00:00:47 - Expanding tables for length 10 to character count 4
0:00:00:47 - Trying length 10, fixed @2, character count 4
0:00:00:47 - Switching to length 3
0:00:00:47 - Expanding tables for length 3 to character count 35
0:00:00:47 - Trying length 3, fixed @1, character count 31
0:00:00:47 - Switching to length 2
0:00:00:47 - Expanding tables for length 2 to character count 47
0:00:00:47 - Trying length 2, fixed @2, character count 47
0:00:00:47 - Switching to length 6
0:00:00:47 - Expanding tables for length 6 to character count 23
0:00:00:47 - Trying length 6, fixed @3, character count 20
0:00:00:47 - Switching to length 2
0:00:00:47 - Expanding tables for length 2 to character count 48
0:00:00:47 - Trying length 2, fixed @1, character count 48
0:00:00:47 - Switching to length 11
0:00:00:47 - Expanding tables for length 11 to character count 2
0:00:00:48 - Trying length 11, fixed @11, character count 2
0:00:00:48 - Switching to length 2
0:00:00:48 - Expanding tables for length 2 to character count 48
0:00:00:48 - Trying length 2, fixed @2, character count 48
0:00:00:48 - Expanding tables for length 2 to character count 49
0:00:00:48 - Trying length 2, fixed @1, character count 49
0:00:00:48 - Expanding tables for length 2 to character count 50
0:00:00:48 - Trying length 2, fixed @1, character count 50
0:00:00:48 - Expanding tables for length 2 to character count 51
0:00:00:48 - Trying length 2, fixed @1, character count 51
0:00:00:48 - Expanding tables for length 2 to character count 52
0:00:00:48 - Trying length 2, fixed @1, character count 52
0:00:00:48 - Expanding tables for length 2 to character count 53
0:00:00:48 - Trying length 2, fixed @1, character count 53
0:00:00:48 - Expanding tables for length 2 to character count 54
0:00:00:48 - Trying length 2, fixed @1, character count 54
0:00:00:48 - Expanding tables for length 2 to character count 55
0:00:00:48 - Trying length 2, fixed @1, character count 55
0:00:00:48 - Switching to length 6
0:00:00:48 - Expanding tables for length 6 to character count 24
0:00:00:48 - Trying length 6, fixed @4, character count 24
0:00:00:48 - Switching to length 10
0:00:00:48 - Expanding tables for length 10 to character count 5
0:00:00:48 - Trying length 10, fixed @2, character count 5
0:00:00:48 - Switching to length 5
0:00:00:48 - Expanding tables for length 5 to character count 27
0:00:00:48 - Trying length 5, fixed @2, character count 19
0:00:00:48 - Switching to length 3
0:00:00:48 - Expanding tables for length 3 to character count 35
0:00:00:48 - Trying length 3, fixed @2, character count 31
0:00:00:48 - Switching to length 7
0:00:00:48 - Expanding tables for length 7 to character count 13
0:00:00:48 - Trying length 7, fixed @3, character count 12
0:00:00:49 - Switching to length 3
0:00:00:49 - Expanding tables for length 3 to character count 35
0:00:00:49 - Trying length 3, fixed @1, character count 32
0:00:00:49 - Switching to length 5
0:00:00:49 - Expanding tables for length 5 to character count 27
0:00:00:49 - Trying length 5, fixed @5, character count 25
0:00:00:49 - Trying length 5, fixed @3, character count 26
0:00:00:49 - Switching to length 9
0:00:00:49 - Expanding tables for length 9 to character count 6
0:00:00:49 - Trying length 9, fixed @6, character count 6
0:00:00:49 - Switching to length 7
0:00:00:49 - Expanding tables for length 7 to character count 13
0:00:00:49 - Trying length 7, fixed @1, character count 13
0:00:00:50 - Switching to length 4
0:00:00:50 - Expanding tables for length 4 to character count 30
0:00:00:50 - Trying length 4, fixed @2, character count 22
0:00:00:50 - Switching to length 3
0:00:00:50 - Expanding tables for length 3 to character count 35
0:00:00:50 - Trying length 3, fixed @2, character count 32
0:00:00:50 - Switching to length 6
0:00:00:50 - Expanding tables for length 6 to character count 24
0:00:00:50 - Trying length 6, fixed @1, character count 20
0:00:00:50 - Switching to length 3
0:00:00:50 - Expanding tables for length 3 to character count 35
0:00:00:50 - Trying length 3, fixed @1, character count 33
0:00:00:50 - Switching to length 9
0:00:00:50 - Expanding tables for length 9 to character count 6
0:00:00:50 - Trying length 9, fixed @3, character count 6
0:00:00:51 - Switching to length 2
0:00:00:51 - Expanding tables for length 2 to character count 55
0:00:00:51 - Trying length 2, fixed @2, character count 49
0:00:00:51 - Trying length 2, fixed @2, character count 50
0:00:00:51 - Switching to length 5
0:00:00:51 - Expanding tables for length 5 to character count 27
0:00:00:51 - Trying length 5, fixed @5, character count 26
0:00:00:51 - Trying length 5, fixed @3, character count 27
0:00:00:51 - Switching to length 3
0:00:00:51 - Expanding tables for length 3 to character count 35
0:00:00:51 - Trying length 3, fixed @2, character count 33
0:00:00:51 - Expanding tables for length 3 to character count 36
0:00:00:51 - Trying length 3, fixed @3, character count 36
0:00:00:51 - Switching to length 8
0:00:00:51 - Expanding tables for length 8 to character count 9
0:00:00:51 - Trying length 8, fixed @7, character count 9
0:00:00:51 - Switching to length 4
0:00:00:51 - Expanding tables for length 4 to character count 30
0:00:00:51 - Trying length 4, fixed @4, character count 27
0:00:00:51 - Switching to length 6
0:00:00:51 - Expanding tables for length 6 to character count 24
0:00:00:51 - Trying length 6, fixed @2, character count 20
0:00:00:52 - Switching to length 4
0:00:00:52 - Expanding tables for length 4 to character count 30
0:00:00:52 - Trying length 4, fixed @4, character count 28
0:00:00:52 - Switching to length 8
0:00:00:52 - Expanding tables for length 8 to character count 9
0:00:00:52 - Trying length 8, fixed @3, character count 9
0:00:00:52 - Switching to length 9
0:00:00:53 - Expanding tables for length 9 to character count 6
0:00:00:53 - Trying length 9, fixed @2, character count 6
0:00:00:53 - Switching to length 5
0:00:00:53 - Expanding tables for length 5 to character count 27
0:00:00:53 - Trying length 5, fixed @2, character count 20
0:00:00:53 - Switching to length 6
0:00:00:53 - Expanding tables for length 6 to character count 24
0:00:00:53 - Trying length 6, fixed @5, character count 20
0:00:00:54 - Switching to length 7
0:00:00:54 - Expanding tables for length 7 to character count 13
0:00:00:54 - Trying length 7, fixed @2, character count 11
0:00:00:54 - Switching to length 5
0:00:00:54 - Expanding tables for length 5 to character count 28
0:00:00:54 - Trying length 5, fixed @4, character count 28
0:00:00:54 - Switching to length 6
0:00:00:54 - Expanding tables for length 6 to character count 24
0:00:00:54 - Trying length 6, fixed @3, character count 21
0:00:00:55 - Switching to length 8
0:00:00:55 - Expanding tables for length 8 to character count 9
0:00:00:55 - Trying length 8, fixed @8, character count 9
0:00:00:56 - Switching to length 7
0:00:00:56 - Expanding tables for length 7 to character count 13
0:00:00:56 - Trying length 7, fixed @6, character count 13
0:00:00:56 - Switching to length 3
0:00:00:56 - Expanding tables for length 3 to character count 36
0:00:00:56 - Trying length 3, fixed @1, character count 34
0:00:00:56 - Switching to length 4
0:00:00:56 - Expanding tables for length 4 to character count 30
0:00:00:56 - Trying length 4, fixed @4, character count 29
0:00:00:56 - Switching to length 9
0:00:00:57 - Expanding tables for length 9 to character count 6
0:00:00:57 - Trying length 9, fixed @9, character count 6
0:00:00:57 - Switching to length 7
0:00:00:57 - Expanding tables for length 7 to character count 13
0:00:00:57 - Trying length 7, fixed @4, character count 13
0:00:00:57 - Switching to length 5
0:00:00:57 - Expanding tables for length 5 to character count 28
0:00:00:57 - Trying length 5, fixed @1, character count 24
0:00:00:57 - Switching to length 4
0:00:00:57 - Expanding tables for length 4 to character count 30
0:00:00:57 - Trying length 4, fixed @1, character count 29
0:00:00:57 - Switching to length 10
0:00:00:58 - Expanding tables for length 10 to character count 5
0:00:00:58 - Trying length 10, fixed @9, character count 4
0:00:00:58 - Switching to length 9
0:00:00:58 - Expanding tables for length 9 to character count 6
0:00:00:58 - Trying length 9, fixed @1, character count 6
0:00:00:58 - Switching to length 6
0:00:00:58 - Expanding tables for length 6 to character count 25
0:00:00:58 - Trying length 6, fixed @4, character count 25
0:00:00:59 - Switching to length 3
0:00:00:59 - Expanding tables for length 3 to character count 36
0:00:00:59 - Trying length 3, fixed @2, character count 34
0:00:00:59 - Switching to length 8
0:00:00:59 - Expanding tables for length 8 to character count 9
0:00:00:59 - Trying length 8, fixed @1, character count 9
0:00:00:59 - Switching to length 3
0:00:00:59 - Expanding tables for length 3 to character count 36
0:00:00:59 - Trying length 3, fixed @1, character count 35
0:00:00:59 - Switching to length 7
0:00:00:59 - Expanding tables for length 7 to character count 14
0:00:00:59 - Trying length 7, fixed @7, character count 14
0:00:01:00 - Switching to length 5
0:00:01:00 - Expanding tables for length 5 to character count 28
0:00:01:00 - Trying length 5, fixed @2, character count 21
0:00:01:00 - Switching to length 9
0:00:01:01 - Expanding tables for length 9 to character count 6
0:00:01:01 - Trying length 9, fixed @8, character count 6
0:00:01:01 - Switching to length 3
0:00:01:01 - Expanding tables for length 3 to character count 36
0:00:01:01 - Trying length 3, fixed @1, character count 36
0:00:01:01 - Switching to length 6
0:00:01:01 - Expanding tables for length 6 to character count 25
0:00:01:01 - Trying length 6, fixed @6, character count 20
0:00:01:02 - Switching to length 4
0:00:01:02 - Expanding tables for length 4 to character count 30
0:00:01:02 - Trying length 4, fixed @2, character count 23
0:00:01:02 - Switching to length 6
0:00:01:02 - Expanding tables for length 6 to character count 26
0:00:01:02 - Trying length 6, fixed @4, character count 26
0:00:01:03 - Switching to length 10
0:00:01:03 - Expanding tables for length 10 to character count 5
0:00:01:03 - Trying length 10, fixed @3, character count 4
0:00:01:03 - Switching to length 4
0:00:01:03 - Expanding tables for length 4 to character count 30
0:00:01:03 - Trying length 4, fixed @4, character count 30
0:00:01:03 - Expanding tables for length 4 to character count 31
0:00:01:03 - Trying length 4, fixed @3, character count 31
0:00:01:03 - Switching to length 5
0:00:01:03 - Expanding tables for length 5 to character count 28
0:00:01:03 - Trying length 5, fixed @1, character count 25
0:00:01:03 - Switching to length 10
0:00:01:03 - Expanding tables for length 10 to character count 5
0:00:01:03 - Trying length 10, fixed @3, character count 5
0:00:01:03 - Switching to length 8
0:00:01:03 - Expanding tables for length 8 to character count 9
0:00:01:03 - Trying length 8, fixed @5, character count 9
0:00:01:04 - Switching to length 3
0:00:01:04 - Expanding tables for length 3 to character count 37
0:00:01:04 - Trying length 3, fixed @1, character count 37
0:00:01:04 - Switching to length 4
0:00:01:04 - Expanding tables for length 4 to character count 32
0:00:01:04 - Trying length 4, fixed @3, character count 32
0:00:01:04 - Switching to length 5
0:00:01:04 - Expanding tables for length 5 to character count 28
0:00:01:04 - Trying length 5, fixed @1, character count 26
0:00:01:04 - Trying length 5, fixed @5, character count 27
0:00:01:04 - Switching to length 6
0:00:01:04 - Expanding tables for length 6 to character count 26
0:00:01:04 - Trying length 6, fixed @5, character count 21
0:00:01:05 - Switching to length 8
0:00:01:05 - Expanding tables for length 8 to character count 9
0:00:01:05 - Trying length 8, fixed @6, character count 9
0:00:01:06 - Switching to length 6
0:00:01:06 - Expanding tables for length 6 to character count 27
0:00:01:06 - Trying length 6, fixed @4, character count 27
0:00:01:06 - Switching to length 3
0:00:01:06 - Expanding tables for length 3 to character count 37
0:00:01:06 - Trying length 3, fixed @2, character count 35
0:00:01:06 - Switching to length 5
0:00:01:06 - Expanding tables for length 5 to character count 28
0:00:01:06 - Trying length 5, fixed @3, character count 28
0:00:01:07 - Switching to length 9
0:00:01:07 - Expanding tables for length 9 to character count 6
0:00:01:07 - Trying length 9, fixed @7, character count 6
0:00:01:07 - Switching to length 7
0:00:01:07 - Expanding tables for length 7 to character count 14
0:00:01:07 - Trying length 7, fixed @3, character count 13
0:00:01:08 - Switching to length 10
0:00:01:08 - Expanding tables for length 10 to character count 5
0:00:01:08 - Trying length 10, fixed @8, character count 4
0:00:01:08 - Switching to length 5
0:00:01:08 - Expanding tables for length 5 to character count 29
0:00:01:08 - Trying length 5, fixed @4, character count 29
0:00:01:08 - Switching to length 6
0:00:01:08 - Expanding tables for length 6 to character count 28
0:00:01:08 - Trying length 6, fixed @4, character count 28
0:00:01:09 - Switching to length 4
0:00:01:09 - Expanding tables for length 4 to character count 32
0:00:01:09 - Trying length 4, fixed @4, character count 31
0:00:01:09 - Switching to length 3
0:00:01:09 - Expanding tables for length 3 to character count 38
0:00:01:09 - Trying length 3, fixed @1, character count 38
0:00:01:09 - Switching to length 9
0:00:01:09 - Expanding tables for length 9 to character count 6
0:00:01:09 - Trying length 9, fixed @5, character count 6
0:00:01:09 - Switching to length 8
0:00:01:09 - Expanding tables for length 8 to character count 9
0:00:01:09 - Trying length 8, fixed @4, character count 9
0:00:01:10 - Switching to length 5
0:00:01:10 - Expanding tables for length 5 to character count 29
0:00:01:10 - Trying length 5, fixed @3, character count 29
0:00:01:10 - Switching to length 4
0:00:01:10 - Expanding tables for length 4 to character count 33
0:00:01:10 - Trying length 4, fixed @3, character count 33
0:00:01:10 - Switching to length 5
0:00:01:10 - Expanding tables for length 5 to character count 30
0:00:01:10 - Trying length 5, fixed @4, character count 30
0:00:01:10 - Switching to length 7
0:00:01:10 - Expanding tables for length 7 to character count 14
0:00:01:10 - Trying length 7, fixed @5, character count 13
0:00:01:11 - Switching to length 3
0:00:01:11 - Expanding tables for length 3 to character count 39
0:00:01:11 - Trying length 3, fixed @1, character count 39
0:00:01:11 - Switching to length 6
0:00:01:11 - Expanding tables for length 6 to character count 28
0:00:01:11 - Trying length 6, fixed @1, character count 21
0:00:01:12 - Switching to length 12
0:00:01:12 - Expanding tables for length 12 to character count 2
0:00:01:12 - Trying length 12, fixed @2, character count 2
0:00:01:12 - Switching to length 7
0:00:01:12 - Expanding tables for length 7 to character count 14
0:00:01:12 - Trying length 7, fixed @6, character count 14
0:00:01:13 - Switching to length 5
0:00:01:13 - Expanding tables for length 5 to character count 30
0:00:01:13 - Trying length 5, fixed @3, character count 30
0:00:01:13 - Switching to length 6
0:00:01:13 - Expanding tables for length 6 to character count 28
0:00:01:13 - Trying length 6, fixed @5, character count 22
0:00:01:14 - Switching to length 4
0:00:01:14 - Expanding tables for length 4 to character count 33
0:00:01:14 - Trying length 4, fixed @1, character count 30
0:00:01:14 - Switching to length 7
0:00:01:14 - Expanding tables for length 7 to character count 14
0:00:01:14 - Trying length 7, fixed @1, character count 14
0:00:01:15 - Switching to length 6
0:00:01:15 - Expanding tables for length 6 to character count 28
0:00:01:15 - Trying length 6, fixed @3, character count 22
0:00:01:16 - Switching to length 3
0:00:01:16 - Expanding tables for length 3 to character count 39
0:00:01:16 - Trying length 3, fixed @2, character count 36
0:00:01:16 - Switching to length 10
0:00:01:16 - Expanding tables for length 10 to character count 5
0:00:01:16 - Trying length 10, fixed @1, character count 4
0:00:01:16 - Switching to length 9
0:00:01:16 - Expanding tables for length 9 to character count 6
0:00:01:16 - Trying length 9, fixed @4, character count 6
0:00:01:16 - Switching to length 7
0:00:01:17 - Expanding tables for length 7 to character count 14
0:00:01:17 - Trying length 7, fixed @4, character count 14
0:00:01:17 - Switching to length 3
0:00:01:17 - Expanding tables for length 3 to character count 40
0:00:01:17 - Trying length 3, fixed @1, character count 40
0:00:01:17 - Switching to length 7
0:00:01:18 - Expanding tables for length 7 to character count 15
0:00:01:18 - Trying length 7, fixed @7, character count 15
0:00:01:19 - Switching to length 13
0:00:01:19 - Expanding tables for length 13 to character count 1
0:00:01:19 - Trying length 13, fixed @1, character count 1
0:00:01:19 - Switching to length 4
0:00:01:19 - Expanding tables for length 4 to character count 33
0:00:01:19 - Trying length 4, fixed @2, character count 24
0:00:01:19 - Trying length 4, fixed @1, character count 31
0:00:01:19 - Switching to length 5
0:00:01:19 - Expanding tables for length 5 to character count 30
0:00:01:19 - Trying length 5, fixed @2, character count 22
0:00:01:19 - Switching to length 3
0:00:01:19 - Expanding tables for length 3 to character count 41
0:00:01:19 - Trying length 3, fixed @1, character count 41
0:00:01:19 - Switching to length 10
0:00:01:19 - Expanding tables for length 10 to character count 5
0:00:01:19 - Trying length 10, fixed @10, character count 4
0:00:01:19 - Switching to length 8
0:00:01:19 - Expanding tables for length 8 to character count 10
0:00:01:19 - Trying length 8, fixed @7, character count 10
0:00:01:20 - Switching to length 5
0:00:01:20 - Expanding tables for length 5 to character count 31
0:00:01:20 - Trying length 5, fixed @3, character count 31
0:00:01:20 - Switching to length 6
0:00:01:20 - Expanding tables for length 6 to character count 28
0:00:01:20 - Trying length 6, fixed @2, character count 21
0:00:01:21 - Switching to length 8
0:00:01:21 - Expanding tables for length 8 to character count 10
0:00:01:21 - Trying length 8, fixed @8, character count 10
0:00:01:22 - Switching to length 2
0:00:01:22 - Expanding tables for length 2 to character count 55
0:00:01:22 - Trying length 2, fixed @2, character count 51
0:00:01:22 - Trying length 2, fixed @2, character count 52
0:00:01:22 - Switching to length 12
0:00:01:22 - Expanding tables for length 12 to character count 2
0:00:01:22 - Trying length 12, fixed @6, character count 2
0:00:01:22 - Switching to length 2
0:00:01:22 - Expanding tables for length 2 to character count 55
0:00:01:22 - Trying length 2, fixed @2, character count 53
0:00:01:22 - Trying length 2, fixed @2, character count 54
0:00:01:22 - Trying length 2, fixed @2, character count 55
0:00:01:22 - Expanding tables for length 2 to character count 56
0:00:01:22 - Trying length 2, fixed @1, character count 56
0:00:01:22 - Trying length 2, fixed @2, character count 56
0:00:01:22 - Expanding tables for length 2 to character count 57
0:00:01:22 - Trying length 2, fixed @1, character count 57
0:00:01:22 - Switching to length 10
0:00:01:22 - Expanding tables for length 10 to character count 5
0:00:01:22 - Trying length 10, fixed @6, character count 4
0:00:01:22 - Switching to length 6
0:00:01:22 - Expanding tables for length 6 to character count 28
0:00:01:22 - Trying length 6, fixed @6, character count 21
0:00:01:23 - Switching to length 12
0:00:01:23 - Expanding tables for length 12 to character count 2
0:00:01:23 - Trying length 12, fixed @3, character count 2
0:00:01:23 - Switching to length 3
0:00:01:23 - Expanding tables for length 3 to character count 41
0:00:01:23 - Trying length 3, fixed @2, character count 37
0:00:01:23 - Switching to length 2
0:00:01:23 - Expanding tables for length 2 to character count 57
0:00:01:23 - Trying length 2, fixed @2, character count 57
0:00:01:23 - Expanding tables for length 2 to character count 58
0:00:01:23 - Trying length 2, fixed @1, character count 58
0:00:01:23 - Expanding tables for length 2 to character count 59
0:00:01:23 - Trying length 2, fixed @1, character count 59
0:00:01:23 - Expanding tables for length 2 to character count 60
0:00:01:23 - Trying length 2, fixed @1, character count 60
0:00:01:23 - Expanding tables for length 2 to character count 61
0:00:01:23 - Trying length 2, fixed @1, character count 61
0:00:01:23 - Expanding tables for length 2 to character count 62
0:00:01:23 - Trying length 2, fixed @1, character count 62
0:00:01:23 - Expanding tables for length 2 to character count 63
0:00:01:23 - Trying length 2, fixed @1, character count 63
0:00:01:23 - Expanding tables for length 2 to character count 64
0:00:01:23 - Trying length 2, fixed @1, character count 64
0:00:01:23 - Switching to length 6
0:00:01:23 - Expanding tables for length 6 to character count 28
0:00:01:23 - Trying length 6, fixed @1, character count 22
0:00:01:24 - Switching to length 4
0:00:01:24 - Expanding tables for length 4 to character count 33
0:00:01:24 - Trying length 4, fixed @2, character count 25
0:00:01:25 - Switching to length 5
0:00:01:25 - Expanding tables for length 5 to character count 31
0:00:01:25 - Trying length 5, fixed @2, character count 23
0:00:01:25 - Switching to length 7
0:00:01:25 - Expanding tables for length 7 to character count 16
0:00:01:25 - Trying length 7, fixed @7, character count 16
0:00:01:26 - Switching to length 3
0:00:01:26 - Expanding tables for length 3 to character count 41
0:00:01:26 - Trying length 3, fixed @3, character count 37
0:00:01:26 - Switching to length 6
0:00:01:26 - Expanding tables for length 6 to character count 28
0:00:01:26 - Trying length 6, fixed @3, character count 23
0:00:01:27 - Switching to length 5
0:00:01:27 - Expanding tables for length 5 to character count 31
0:00:01:27 - Trying length 5, fixed @1, character count 27
0:00:01:27 - Switching to length 8
0:00:01:27 - Expanding tables for length 8 to character count 10
0:00:01:27 - Trying length 8, fixed @3, character count 10
0:00:01:28 - Switching to length 10
0:00:01:28 - Expanding tables for length 10 to character count 5
0:00:01:28 - Trying length 10, fixed @7, character count 4
0:00:01:28 - Switching to length 6
0:00:01:28 - Expanding tables for length 6 to character count 29
0:00:01:28 - Trying length 6, fixed @4, character count 29
0:00:01:29 - Switching to length 12
0:00:01:29 - Expanding tables for length 12 to character count 2
0:00:01:29 - Trying length 12, fixed @9, character count 2
0:00:01:29 - Switching to length 3
0:00:01:29 - Expanding tables for length 3 to character count 41
0:00:01:29 - Trying length 3, fixed @2, character count 38
0:00:01:29 - Switching to length 6
0:00:01:29 - Expanding tables for length 6 to character count 29
0:00:01:29 - Trying length 6, fixed @5, character count 23
0:00:01:31 - Switching to length 4
0:00:01:31 - Expanding tables for length 4 to character count 34
0:00:01:31 - Trying length 4, fixed @3, character count 34
0:00:01:31 - Switching to length 3
0:00:01:31 - Expanding tables for length 3 to character count 42
0:00:01:31 - Trying length 3, fixed @1, character count 42
0:00:01:31 - Expanding tables for length 3 to character count 43
0:00:01:31 - Trying length 3, fixed @1, character count 43
0:00:01:31 - Switching to length 2
0:00:01:31 - Expanding tables for length 2 to character count 64
0:00:01:31 - Trying length 2, fixed @2, character count 58
0:00:01:31 - Trying length 2, fixed @2, character count 59
0:00:01:31 - Trying length 2, fixed @2, character count 60
0:00:01:31 - Switching to length 5
0:00:01:31 - Expanding tables for length 5 to character count 31
0:00:01:31 - Trying length 5, fixed @2, character count 24
0:00:01:31 - Switching to length 7
0:00:01:31 - Expanding tables for length 7 to character count 16
0:00:01:31 - Trying length 7, fixed @2, character count 12
0:00:01:33 - Switching to length 10
0:00:01:33 - Expanding tables for length 10 to character count 5
0:00:01:33 - Trying length 10, fixed @4, character count 4
0:00:01:33 - Switching to length 5
0:00:01:33 - Expanding tables for length 5 to character count 31
0:00:01:33 - Trying length 5, fixed @4, character count 31
0:00:01:33 - Expanding tables for length 5 to character count 32
0:00:01:33 - Trying length 5, fixed @3, character count 32
0:00:01:33 - Switching to length 7
0:00:01:34 - Expanding tables for length 7 to character count 16
0:00:01:34 - Trying length 7, fixed @5, character count 14
0:00:01:35 - Switching to length 6
0:00:01:35 - Expanding tables for length 6 to character count 29
0:00:01:35 - Trying length 6, fixed @5, character count 24
0:00:01:36 - Switching to length 10
0:00:01:36 - Expanding tables for length 10 to character count 5
0:00:01:36 - Trying length 10, fixed @1, character count 5
0:00:01:37 - Switching to length 4
0:00:01:37 - Expanding tables for length 4 to character count 34
0:00:01:37 - Trying length 4, fixed @4, character count 32
0:00:01:37 - Switching to length 8
0:00:01:37 - Expanding tables for length 8 to character count 10
0:00:01:37 - Trying length 8, fixed @5, character count 10
0:00:01:38 - Switching to length 3
0:00:01:38 - Expanding tables for length 3 to character count 43
0:00:01:38 - Trying length 3, fixed @2, character count 39
0:00:01:38 - Switching to length 10
0:00:01:38 - Expanding tables for length 10 to character count 5
0:00:01:38 - Trying length 10, fixed @10, character count 5
0:00:01:38 - Switching to length 8
0:00:01:39 - Expanding tables for length 8 to character count 10
0:00:01:39 - Trying length 8, fixed @1, character count 10
0:00:01:40 - Switching to length 7
0:00:01:40 - Expanding tables for length 7 to character count 16
0:00:01:40 - Trying length 7, fixed @3, character count 14
0:00:01:42 - Switching to length 3
0:00:01:42 - Expanding tables for length 3 to character count 44
0:00:01:42 - Trying length 3, fixed @1, character count 44
0:00:01:42 - Switching to length 11
0:00:01:42 - Expanding tables for length 11 to character count 3
0:00:01:42 - Trying length 11, fixed @2, character count 3
0:00:01:42 - Switching to length 4
0:00:01:42 - Expanding tables for length 4 to character count 34
0:00:01:42 - Trying length 4, fixed @2, character count 26
0:00:01:42 - Trying length 4, fixed @1, character count 32
0:00:01:42 - Switching to length 7
0:00:01:42 - Expanding tables for length 7 to character count 16
0:00:01:42 - Trying length 7, fixed @4, character count 15
0:00:01:44 - Switching to length 6
0:00:01:44 - Expanding tables for length 6 to character count 29
0:00:01:44 - Trying length 6, fixed @6, character count 22
0:00:01:46 - Switching to length 4
0:00:01:46 - Expanding tables for length 4 to character count 35
0:00:01:46 - Trying length 4, fixed @3, character count 35
0:00:01:46 - Switching to length 5
0:00:01:46 - Expanding tables for length 5 to character count 32
0:00:01:46 - Trying length 5, fixed @2, character count 25
0:00:01:47 - Switching to length 6
0:00:01:47 - Expanding tables for length 6 to character count 29
0:00:01:47 - Trying length 6, fixed @1, character count 23
0:00:01:48 - Switching to length 9
0:00:01:49 - Expanding tables for length 9 to character count 7
0:00:01:49 - Trying length 9, fixed @6, character count 7
0:00:01:49 - Switching to length 12
0:00:01:49 - Expanding tables for length 12 to character count 2
0:00:01:49 - Trying length 12, fixed @5, character count 2
0:00:01:49 - Switching to length 5
0:00:01:49 - Expanding tables for length 5 to character count 32
0:00:01:49 - Trying length 5, fixed @5, character count 28
0:00:01:49 - Switching to length 7
0:00:01:49 - Expanding tables for length 7 to character count 16
0:00:01:49 - Trying length 7, fixed @1, character count 15
0:00:01:51 - Switching to length 6
0:00:01:52 - Expanding tables for length 6 to character count 29
0:00:01:52 - Trying length 6, fixed @3, character count 24
0:00:01:54 - Switching to length 8
0:00:01:54 - Expanding tables for length 8 to character count 10
0:00:01:54 - Trying length 8, fixed @6, character count 10
0:00:01:56 - Switching to length 5
0:00:01:56 - Expanding tables for length 5 to character count 33
0:00:01:56 - Trying length 5, fixed @3, character count 33
0:00:01:56 - Switching to length 6
0:00:01:56 - Expanding tables for length 6 to character count 29
0:00:01:56 - Trying length 6, fixed @5, character count 25
0:00:01:58 - Switching to length 12
0:00:01:59 - Expanding tables for length 12 to character count 2
0:00:01:59 - Trying length 12, fixed @11, character count 2
0:00:01:59 - Switching to length 9
0:00:01:59 - Expanding tables for length 9 to character count 7
0:00:01:59 - Trying length 9, fixed @3, character count 7
0:00:01:59 - Switching to length 3
0:00:01:59 - Expanding tables for length 3 to character count 44
0:00:01:59 - Trying length 3, fixed @3, character count 38
0:00:01:59 - Expanding tables for length 3 to character count 45
0:00:01:59 - Trying length 3, fixed @1, character count 45
0:00:01:59 - Expanding tables for length 3 to character count 46
0:00:01:59 - Trying length 3, fixed @1, character count 46
0:00:01:59 - Switching to length 10
0:00:01:59 - Expanding tables for length 10 to character count 5
0:00:02:00 - Trying length 10, fixed @9, character count 5
0:00:02:00 - Switching to length 7
0:00:02:00 - Expanding tables for length 7 to character count 16
0:00:02:00 - Trying length 7, fixed @6, character count 15
0:00:02:02 - Switching to length 10
0:00:02:02 - Expanding tables for length 10 to character count 5
0:00:02:02 - Trying length 10, fixed @6, character count 5
0:00:02:02 - Switching to length 4
0:00:02:02 - Expanding tables for length 4 to character count 35
0:00:02:02 - Trying length 4, fixed @2, character count 27
0:00:02:02 - Switching to length 10
0:00:02:02 - Expanding tables for length 10 to character count 5
0:00:02:02 - Trying length 10, fixed @7, character count 5
0:00:02:03 - Switching to length 12
0:00:02:03 - Expanding tables for length 12 to character count 2
0:00:02:03 - Trying length 12, fixed @4, character count 2
0:00:02:03 - Switching to length 6
0:00:02:03 - Expanding tables for length 6 to character count 29
0:00:02:03 - Trying length 6, fixed @2, character count 22
0:00:02:05 - Switching to length 5
0:00:02:05 - Expanding tables for length 5 to character count 33
0:00:02:05 - Trying length 5, fixed @2, character count 26
0:00:02:06 - Trying length 5, fixed @1, character count 28
0:00:02:06 - Switching to length 11
0:00:02:06 - Expanding tables for length 11 to character count 3
0:00:02:06 - Trying length 11, fixed @3, character count 3
0:00:02:06 - Switching to length 10
0:00:02:06 - Expanding tables for length 10 to character count 5
0:00:02:06 - Trying length 10, fixed @4, character count 5
0:00:02:06 - Switching to length 4
0:00:02:06 - Expanding tables for length 4 to character count 35
0:00:02:06 - Trying length 4, fixed @4, character count 33
0:00:02:06 - Switching to length 12
0:00:02:06 - Expanding tables for length 12 to character count 2
0:00:02:06 - Trying length 12, fixed @1, character count 2
0:00:02:06 - Trying length 12, fixed @10, character count 2
0:00:02:06 - Switching to length 8
0:00:02:06 - Expanding tables for length 8 to character count 10
0:00:02:06 - Trying length 8, fixed @2, character count 9
0:00:02:08 - Switching to length 6
0:00:02:09 - Expanding tables for length 6 to character count 29
0:00:02:09 - Trying length 6, fixed @6, character count 23
0:00:02:10 - Switching to length 5
0:00:02:10 - Expanding tables for length 5 to character count 33
0:00:02:10 - Trying length 5, fixed @2, character count 27
0:00:02:11 - Switching to length 6
0:00:02:11 - Expanding tables for length 6 to character count 29
0:00:02:11 - Trying length 6, fixed @5, character count 26
0:00:02:12 - Switching to length 3
0:00:02:12 - Expanding tables for length 3 to character count 46
0:00:02:12 - Trying length 3, fixed @3, character count 39
0:00:02:12 - Trying length 3, fixed @3, character count 40
0:00:02:12 - Switching to length 7
0:00:02:12 - Expanding tables for length 7 to character count 16
0:00:02:12 - Trying length 7, fixed @5, character count 15
0:00:02:14 - Switching to length 3
0:00:02:14 - Expanding tables for length 3 to character count 46
0:00:02:14 - Trying length 3, fixed @3, character count 41
0:00:02:14 - Switching to length 8
0:00:02:14 - Expanding tables for length 8 to character count 11
0:00:02:14 - Trying length 8, fixed @8, character count 11
0:00:02:15 - Switching to length 4
0:00:02:15 - Expanding tables for length 4 to character count 35
0:00:02:15 - Trying length 4, fixed @1, character count 33
0:00:02:15 - Switching to length 10
0:00:02:16 - Expanding tables for length 10 to character count 5
0:00:02:16 - Trying length 10, fixed @8, character count 5
0:00:02:16 - Switching to length 9
0:00:02:16 - Expanding tables for length 9 to character count 7
0:00:02:16 - Trying length 9, fixed @2, character count 7
0:00:02:16 - Switching to length 11
0:00:02:16 - Expanding tables for length 11 to character count 3
0:00:02:16 - Trying length 11, fixed @10, character count 3
0:00:02:16 - Switching to length 5
0:00:02:16 - Expanding tables for length 5 to character count 34
0:00:02:16 - Trying length 5, fixed @3, character count 34
0:00:02:16 - Switching to length 4
0:00:02:16 - Expanding tables for length 4 to character count 35
0:00:02:16 - Trying length 4, fixed @4, character count 34
0:00:02:16 - Switching to length 6
0:00:02:17 - Expanding tables for length 6 to character count 30
0:00:02:17 - Trying length 6, fixed @4, character count 30
0:00:02:18 - Switching to length 9
0:00:02:18 - Expanding tables for length 9 to character count 7
0:00:02:18 - Trying length 9, fixed @8, character count 7
0:00:02:18 - Switching to length 7
0:00:02:19 - Expanding tables for length 7 to character count 16
0:00:02:19 - Trying length 7, fixed @3, character count 15
0:00:02:20 - Switching to length 3
0:00:02:20 - Expanding tables for length 3 to character count 46
0:00:02:20 - Trying length 3, fixed @3, character count 42
0:00:02:20 - Switching to length 11
0:00:02:20 - Expanding tables for length 11 to character count 3
0:00:02:20 - Trying length 11, fixed @8, character count 3
0:00:02:20 - Switching to length 6
0:00:02:20 - Expanding tables for length 6 to character count 30
0:00:02:20 - Trying length 6, fixed @3, character count 25
0:00:02:22 - Switching to length 7
0:00:02:22 - Expanding tables for length 7 to character count 16
0:00:02:22 - Trying length 7, fixed @6, character count 16
0:00:02:24 - Switching to length 9
0:00:02:24 - Expanding tables for length 9 to character count 7
0:00:02:24 - Trying length 9, fixed @1, character count 7
0:00:02:24 - Switching to length 11
0:00:02:24 - Expanding tables for length 11 to character count 3
0:00:02:24 - Trying length 11, fixed @1, character count 3
0:00:02:24 - Switching to length 3
0:00:02:24 - Expanding tables for length 3 to character count 47
0:00:02:24 - Trying length 3, fixed @1, character count 47
0:00:02:24 - Switching to length 8
0:00:02:24 - Expanding tables for length 8 to character count 11
0:00:02:24 - Trying length 8, fixed @4, character count 10
0:00:02:26 - Switching to length 7
0:00:02:26 - Expanding tables for length 7 to character count 16
0:00:02:26 - Trying length 7, fixed @4, character count 16
0:00:02:28 - Switching to length 8
0:00:02:28 - Expanding tables for length 8 to character count 11
0:00:02:28 - Trying length 8, fixed @3, character count 11
0:00:02:30 - Switching to length 4
0:00:02:30 - Expanding tables for length 4 to character count 35
0:00:02:30 - Trying length 4, fixed @2, character count 28
0:00:02:30 - Switching to length 12
0:00:02:30 - Expanding tables for length 12 to character count 2
0:00:02:30 - Trying length 12, fixed @8, character count 2
0:00:02:30 - Switching to length 5
0:00:02:30 - Expanding tables for length 5 to character count 34
0:00:02:30 - Trying length 5, fixed @2, character count 28
0:00:02:30 - Trying length 5, fixed @1, character count 29
0:00:02:30 - Switching to length 12
0:00:02:31 - Expanding tables for length 12 to character count 2
0:00:02:31 - Trying length 12, fixed @12, character count 2
0:00:02:31 - Switching to length 6
0:00:02:31 - Expanding tables for length 6 to character count 30
0:00:02:31 - Trying length 6, fixed @1, character count 24
0:00:02:32 - Switching to length 5
0:00:02:32 - Expanding tables for length 5 to character count 34
0:00:02:32 - Trying length 5, fixed @4, character count 32
0:00:02:32 - Switching to length 9
0:00:02:33 - Expanding tables for length 9 to character count 7
0:00:02:33 - Trying length 9, fixed @5, character count 7
0:00:02:33 - Switching to length 6
0:00:02:33 - Expanding tables for length 6 to character count 30
0:00:02:33 - Trying length 6, fixed @3, character count 26
0:00:02:35 - Switching to length 7
0:00:02:35 - Expanding tables for length 7 to character count 16
0:00:02:35 - Trying length 7, fixed @1, character count 16
0:00:02:37 - Switching to length 4
0:00:02:37 - Expanding tables for length 4 to character count 35
0:00:02:37 - Trying length 4, fixed @1, character count 34
0:00:02:37 - Switching to length 3
0:00:02:37 - Expanding tables for length 3 to character count 47
0:00:02:37 - Trying length 3, fixed @2, character count 40
0:00:02:37 - Trying length 3, fixed @2, character count 41
0:00:02:37 - Switching to length 5
0:00:02:37 - Expanding tables for length 5 to character count 34
0:00:02:37 - Trying length 5, fixed @5, character count 29
0:00:02:37 - Switching to length 8
0:00:02:38 - Expanding tables for length 8 to character count 11
0:00:02:38 - Trying length 8, fixed @7, character count 11
0:00:02:40 - Switching to length 6
0:00:02:40 - Expanding tables for length 6 to character count 30
0:00:02:40 - Trying length 6, fixed @3, character count 27
0:00:02:41 - Switching to length 11
0:00:02:42 - Expanding tables for length 11 to character count 3
0:00:02:42 - Trying length 11, fixed @4, character count 3
0:00:02:42 - Switching to length 9
0:00:02:42 - Expanding tables for length 9 to character count 7
0:00:02:42 - Trying length 9, fixed @7, character count 7
0:00:02:42 - Switching to length 11
0:00:02:42 - Expanding tables for length 11 to character count 3
0:00:02:42 - Trying length 11, fixed @9, character count 3
0:00:02:42 - Switching to length 4
0:00:02:42 - Expanding tables for length 4 to character count 35
0:00:02:42 - Trying length 4, fixed @2, character count 29
0:00:02:42 - Switching to length 3
0:00:02:42 - Expanding tables for length 3 to character count 47
0:00:02:42 - Trying length 3, fixed @3, character count 43
0:00:02:42 - Trying length 3, fixed @3, character count 44
0:00:02:42 - Trying length 3, fixed @3, character count 45
0:00:02:42 - Switching to length 7
0:00:02:42 - Expanding tables for length 7 to character count 16
0:00:02:42 - Trying length 7, fixed @2, character count 13
0:00:02:45 - Switching to length 5
0:00:02:45 - Expanding tables for length 5 to character count 34
0:00:02:45 - Trying length 5, fixed @2, character count 29
0:00:02:45 - Trying length 5, fixed @1, character count 30
0:00:02:45 - Switching to length 8
0:00:02:45 - Expanding tables for length 8 to character count 11
0:00:02:45 - Trying length 8, fixed @1, character count 11
0:00:02:48 - Switching to length 11
0:00:02:48 - Expanding tables for length 11 to character count 3
0:00:02:48 - Trying length 11, fixed @11, character count 3
0:00:02:48 - Switching to length 6
0:00:02:48 - Expanding tables for length 6 to character count 30
0:00:02:48 - Trying length 6, fixed @2, character count 23
0:00:02:50 - Trying length 6, fixed @3, character count 28
0:00:02:52 - Switching to length 4
0:00:02:52 - Expanding tables for length 4 to character count 35
0:00:02:52 - Trying length 4, fixed @2, character count 30
0:00:02:52 - Switching to length 9
0:00:02:52 - Expanding tables for length 9 to character count 7
0:00:02:52 - Trying length 9, fixed @9, character count 7
0:00:02:53 - Switching to length 10
0:00:02:54 - Expanding tables for length 10 to character count 5
0:00:02:54 - Trying length 10, fixed @5, character count 4
0:00:02:54 - Switching to length 7
0:00:02:54 - Expanding tables for length 7 to character count 17
0:00:02:54 - Trying length 7, fixed @7, character count 17
0:00:02:57 - Switching to length 5
0:00:02:57 - Expanding tables for length 5 to character count 34
0:00:02:57 - Trying length 5, fixed @5, character count 30
0:00:02:57 - Switching to length 12
0:00:02:57 - Expanding tables for length 12 to character count 2
0:00:02:57 - Trying length 12, fixed @7, character count 2
0:00:02:57 - Switching to length 4
0:00:02:57 - Expanding tables for length 4 to character count 35
0:00:02:57 - Trying length 4, fixed @2, character count 31
0:00:02:57 - Switching to length 6
0:00:02:57 - Expanding tables for length 6 to character count 30
0:00:02:57 - Trying length 6, fixed @1, character count 25
0:00:03:00 - Switching to length 9
0:00:03:00 - Expanding tables for length 9 to character count 7
0:00:03:00 - Trying length 9, fixed @4, character count 7
0:00:03:01 - Switching to length 10
0:00:03:01 - Expanding tables for length 10 to character count 5
0:00:03:01 - Trying length 10, fixed @5, character count 5
0:00:03:01 - Switching to length 3
0:00:03:01 - Expanding tables for length 3 to character count 48
0:00:03:01 - Trying length 3, fixed @1, character count 48
0:00:03:01 - Expanding tables for length 3 to character count 49
0:00:03:01 - Trying length 3, fixed @1, character count 49
0:00:03:01 - Switching to length 6
0:00:03:01 - Expanding tables for length 6 to character count 30
0:00:03:02 - Trying length 6, fixed @3, character count 29
0:00:03:04 - Switching to length 3
0:00:03:04 - Expanding tables for length 3 to character count 50
0:00:03:04 - Trying length 3, fixed @1, character count 50
0:00:03:04 - Switching to length 5
0:00:03:04 - Expanding tables for length 5 to character count 34
0:00:03:04 - Trying length 5, fixed @5, character count 31
0:00:03:04 - Trying length 5, fixed @1, character count 31
0:00:03:04 - Switching to length 8
0:00:03:04 - Expanding tables for length 8 to character count 11
0:00:03:04 - Trying length 8, fixed @6, character count 11
0:00:03:07 - Switching to length 7
0:00:03:07 - Expanding tables for length 7 to character count 17
0:00:03:07 - Trying length 7, fixed @5, character count 16
0:00:03:10 - Switching to length 5
0:00:03:10 - Expanding tables for length 5 to character count 35
0:00:03:10 - Trying length 5, fixed @3, character count 35
0:00:03:10 - Switching to length 7
0:00:03:10 - Expanding tables for length 7 to character count 17
0:00:03:10 - Trying length 7, fixed @1, character count 17
0:00:03:13 - Switching to length 4
0:00:03:13 - Expanding tables for length 4 to character count 35
0:00:03:13 - Trying length 4, fixed @2, character count 32
0:00:03:13 - Switching to length 3
0:00:03:13 - Expanding tables for length 3 to character count 50
0:00:03:13 - Trying length 3, fixed @2, character count 42
0:00:03:13 - Trying length 3, fixed @3, character count 46
0:00:03:13 - Switching to length 11
0:00:03:13 - Expanding tables for length 11 to character count 3
0:00:03:13 - Trying length 11, fixed @5, character count 3
0:00:03:13 - Switching to length 5
0:00:03:13 - Expanding tables for length 5 to character count 35
0:00:03:13 - Trying length 5, fixed @2, character count 30
0:00:03:14 - Switching to length 8
0:00:03:14 - Expanding tables for length 8 to character count 11
0:00:03:14 - Trying length 8, fixed @5, character count 11
0:00:03:17 - Switching to length 6
0:00:03:17 - Expanding tables for length 6 to character count 30
0:00:03:17 - Trying length 6, fixed @6, character count 24
0:00:03:20 Session aborted
0:00:00:00 Starting a new session
0:00:00:00 Loaded a total of 1 password hash
0:00:00:00 Command line: john ../jwt.txt --wordlist=./rockyou.txt 
0:00:00:00 - UTF-8 input encoding enabled
0:00:00:00 - Passwords will be stored UTF-8 encoded in .pot file
0:00:00:00 - Hash type: HMAC-SHA256 (min-len 0, max-len 41 [worst case UTF-8] to 125 [ASCII])
0:00:00:00 - Algorithm: password is key, SHA256 256/256 AVX2 8x
0:00:00:00 - Will reject candidates longer than 125 bytes
0:00:00:00 - Candidate passwords will be buffered and tried in chunks of 16384
0:00:00:00 Proceeding with wordlist mode
0:00:00:00 Terminating on error, wordlist.c:683
0:00:00:00 Starting a new session
0:00:00:00 Loaded a total of 1 password hash
0:00:00:00 Command line: john ../jwt.txt --wordlist=../rockyou.txt 
0:00:00:00 - UTF-8 input encoding enabled
0:00:00:00 - Passwords will be stored UTF-8 encoded in .pot file
0:00:00:00 - Hash type: HMAC-SHA256 (min-len 0, max-len 41 [worst case UTF-8] to 125 [ASCII])
0:00:00:00 - Algorithm: password is key, SHA256 256/256 AVX2 8x
0:00:00:00 - Will reject candidates longer than 125 bytes
0:00:00:00 - Candidate passwords will be buffered and tried in chunks of 16384
0:00:00:00 Proceeding with wordlist mode
0:00:00:00 - Wordlist file: ../rockyou.txt
0:00:00:00 - memory mapping wordlist (139921497 bytes)
0:00:00:00 - No word mangling rules
0:00:00:00 - No stacked rules
0:00:00:02 + Cracked ?
0:00:00:02 Session completed
0:00:00:00 Starting a new session
0:00:00:00 Loaded a total of 1 password hash
0:00:00:00 Command line: john ../jwt.txt --wordlist=../rockyou.txt 
0:00:00:00 - UTF-8 input encoding enabled
0:00:00:00 - Passwords will be stored UTF-8 encoded in .pot file
0:00:00:00 - Hash type: HMAC-SHA256 (min-len 0, max-len 41 [worst case UTF-8] to 125 [ASCII])
0:00:00:00 - Algorithm: password is key, SHA256 256/256 AVX2 8x
0:00:00:00 - Will reject candidates longer than 125 bytes
0:00:00:00 - Candidate passwords will be buffered and tried in chunks of 16384
0:00:00:00 Proceeding with wordlist mode
0:00:00:00 - Wordlist file: ../rockyou.txt
0:00:00:00 - memory mapping wordlist (139921497 bytes)
0:00:00:00 - No word mangling rules
0:00:00:00 - No stacked rules
0:00:00:02 + Cracked ?
0:00:00:02 Session completed
0:00:00:00 Starting a new session
0:00:00:00 Loaded a total of 1 password hash
0:00:00:00 Command line: /run/john --wordlist=C:\Users\berni\AppData\Local\Temp\claude\C--Users-berni-AppData-Roaming-Claude-scratch-workspaces-ed10af82-0d83-4e63-8fa6-525bdb88eba5-5e652eeb-b7b4-4191-9db6-b082b5543d64-scratch-2026-09-14-78f49c\987cc4b7-182d-4d2e-8494-a523328fbf3f\scratchpad\jwt_common_keys.txt --format=HMAC-SHA256 C:\Users\berni\AppData\Local\Temp\claude\C--Users-berni-AppData-Roaming-Claude-scratch-workspaces-ed10af82-0d83-4e63-8fa6-525bdb88eba5-5e652eeb-b7b4-4191-9db6-b082b5543d64-scratch-2026-09-14-78f49c\987cc4b7-182d-4d2e-8494-a523328fbf3f\scratchpad\wits_jwt.txt 
0:00:00:00 - UTF-8 input encoding enabled
0:00:00:00 - Passwords will be stored UTF-8 encoded in .pot file
0:00:00:00 - Hash type: HMAC-SHA256 (min-len 0, max-len 41 [worst case UTF-8] to 125 [ASCII])
0:00:00:00 - Algorithm: password is key, SHA256 256/256 AVX2 8x
0:00:00:00 - Will reject candidates longer than 125 bytes
0:00:00:00 - Candidate passwords will be buffered and tried in chunks of 32768
0:00:00:00 Proceeding with wordlist mode
0:00:00:00 - Wordlist file: C:\Users\berni\AppData\Local\Temp\claude\C--Users-berni-AppData-Roaming-Claude-scratch-workspaces-ed
0:00:00:00 - memory mapping wordlist (406 bytes)
0:00:00:00 - No word mangling rules
0:00:00:00 - No stacked rules
0:00:00:00 Session completed
0:00:00:00 Starting a new session
0:00:00:00 Loaded a total of 1 password hash
0:00:00:00 Command line: /run/john --wordlist=D:\Security-Tools\Penetration\Password Brute Force\john-1.9.0-jumbo-1-win64\run\password.lst --format=HMAC-SHA256 C:\Users\berni\AppData\Local\Temp\claude\C--Users-berni-AppData-Roaming-Claude-scratch-workspaces-ed10af82-0d83-4e63-8fa6-525bdb88eba5-5e652eeb-b7b4-4191-9db6-b082b5543d64-scratch-2026-09-14-78f49c\987cc4b7-182d-4d2e-8494-a523328fbf3f\scratchpad\wits_jwt.txt 
0:00:00:00 - UTF-8 input encoding enabled
0:00:00:00 - Passwords will be stored UTF-8 encoded in .pot file
0:00:00:00 - Hash type: HMAC-SHA256 (min-len 0, max-len 41 [worst case UTF-8] to 125 [ASCII])
0:00:00:00 - Algorithm: password is key, SHA256 256/256 AVX2 8x
0:00:00:00 - Will reject candidates longer than 125 bytes
0:00:00:00 - Candidate passwords will be buffered and tried in chunks of 32768
0:00:00:00 Proceeding with wordlist mode
0:00:00:00 - Wordlist file: D:\Security-Tools\Penetration\Password Brute Force\john-1.9.0-jumbo-1-win64\run\password.lst
0:00:00:00 - memory mapping wordlist (29884 bytes)
0:00:00:00 - No word mangling rules
0:00:00:00 - No stacked rules
0:00:00:00 Session completed
0:00:00:00 Starting a new session
0:00:00:00 Loaded a total of 1 password hash
0:00:00:00 Command line: /run/john --incremental=Alnum --max-length=8 --format=HMAC-SHA256 --max-run-time=30 C:\Users\berni\AppData\Local\Temp\claude\C--Users-berni-AppData-Roaming-Claude-scratch-workspaces-ed10af82-0d83-4e63-8fa6-525bdb88eba5-5e652eeb-b7b4-4191-9db6-b082b5543d64-scratch-2026-09-14-78f49c\987cc4b7-182d-4d2e-8494-a523328fbf3f\scratchpad\wits_jwt.txt 
0:00:00:00 - UTF-8 input encoding enabled
0:00:00:00 - Passwords will be stored UTF-8 encoded in .pot file
0:00:00:00 - Hash type: HMAC-SHA256 (min-len 0, max-len 41 [worst case UTF-8] to 125 [ASCII])
0:00:00:00 - Algorithm: password is key, SHA256 256/256 AVX2 8x
0:00:00:00 - Will reject candidates longer than 8 bytes
0:00:00:00 - Candidate passwords will be buffered and tried in chunks of 32768
0:00:00:00 Proceeding with "incremental" mode: Alnum
0:00:00:00 ! MaxLen = 13 is too large for this hash type
0:00:00:00 - Lengths 1 to 8, up to 62 different characters
0:00:00:00 - No stacked rules
0:00:00:00 - Switching to length 6
0:00:00:00 - Expanding tables for length 6 to character count 1
0:00:00:00 - Trying length 6, fixed @1, character count 1
0:00:00:00 - Switching to length 5
0:00:00:00 - Expanding tables for length 5 to character count 1
0:00:00:00 - Trying length 5, fixed @1, character count 1
0:00:00:00 - Switching to length 6
0:00:00:00 - Expanding tables for length 6 to character count 2
0:00:00:00 - Trying length 6, fixed @2, character count 2
0:00:00:00 - Trying length 6, fixed @6, character count 2
0:00:00:00 - Switching to length 5
0:00:00:00 - Expanding tables for length 5 to character count 2
0:00:00:00 - Trying length 5, fixed @5, character count 2
0:00:00:00 - Switching to length 6
0:00:00:00 - Expanding tables for length 6 to character count 2
0:00:00:00 - Trying length 6, fixed @3, character count 2
0:00:00:00 - Trying length 6, fixed @4, character count 2
0:00:00:00 - Switching to length 5
0:00:00:00 - Expanding tables for length 5 to character count 2
0:00:00:00 - Trying length 5, fixed @2, character count 2
0:00:00:00 - Switching to length 7
0:00:00:00 - Expanding tables for length 7 to character count 1
0:00:00:00 - Trying length 7, fixed @1, character count 1
0:00:00:00 - Switching to length 5
0:00:00:00 - Expanding tables for length 5 to character count 2
0:00:00:00 - Trying length 5, fixed @4, character count 2
0:00:00:00 - Switching to length 6
0:00:00:00 - Expanding tables for length 6 to character count 2
0:00:00:00 - Trying length 6, fixed @1, character count 2
0:00:00:00 - Switching to length 5
0:00:00:00 - Expanding tables for length 5 to character count 2
0:00:00:00 - Trying length 5, fixed @3, character count 2
0:00:00:00 - Switching to length 6
0:00:00:00 - Expanding tables for length 6 to character count 2
0:00:00:00 - Trying length 6, fixed @5, character count 2
0:00:00:00 - Switching to length 4
0:00:00:00 - Expanding tables for length 4 to character count 1
0:00:00:00 - Trying length 4, fixed @1, character count 1
0:00:00:00 - Switching to length 5
0:00:00:00 - Expanding tables for length 5 to character count 2
0:00:00:00 - Trying length 5, fixed @1, character count 2
0:00:00:00 - Expanding tables for length 5 to character count 3
0:00:00:00 - Trying length 5, fixed @2, character count 3
0:00:00:00 - Switching to length 4
0:00:00:00 - Expanding tables for length 4 to character count 2
0:00:00:00 - Trying length 4, fixed @2, character count 2
0:00:00:00 - Switching to length 6
0:00:00:00 - Expanding tables for length 6 to character count 3
0:00:00:00 - Trying length 6, fixed @2, character count 3
0:00:00:00 - Trying length 6, fixed @6, character count 3
0:00:00:00 - Trying length 6, fixed @3, character count 3
0:00:00:00 - Switching to length 7
0:00:00:00 - Expanding tables for length 7 to character count 2
0:00:00:00 - Trying length 7, fixed @2, character count 2
0:00:00:00 - Switching to length 5
0:00:00:00 - Expanding tables for length 5 to character count 3
0:00:00:00 - Trying length 5, fixed @5, character count 3
0:00:00:00 - Switching to length 6
0:00:00:00 - Expanding tables for length 6 to character count 3
0:00:00:00 - Trying length 6, fixed @4, character count 3
0:00:00:00 - Switching to length 5
0:00:00:00 - Expanding tables for length 5 to character count 3
0:00:00:00 - Trying length 5, fixed @3, character count 3
0:00:00:00 - Switching to length 7
0:00:00:00 - Expanding tables for length 7 to character count 2
0:00:00:00 - Trying length 7, fixed @5, character count 2
0:00:00:00 - Switching to length 6
0:00:00:00 - Expanding tables for length 6 to character count 3
0:00:00:00 - Trying length 6, fixed @1, character count 3
0:00:00:00 - Switching to length 7
0:00:00:00 - Expanding tables for length 7 to character count 2
0:00:00:00 - Trying length 7, fixed @3, character count 2
0:00:00:00 - Switching to length 5
0:00:00:00 - Expanding tables for length 5 to character count 3
0:00:00:00 - Trying length 5, fixed @4, character count 3
0:00:00:00 - Switching to length 6
0:00:00:00 - Expanding tables for length 6 to character count 3
0:00:00:00 - Trying length 6, fixed @5, character count 3
0:00:00:00 - Switching to length 8
0:00:00:00 - Expanding tables for length 8 to character count 1
0:00:00:00 - Trying length 8, fixed @1, character count 1
0:00:00:00 - Switching to length 4
0:00:00:00 - Expanding tables for length 4 to character count 2
0:00:00:00 - Trying length 4, fixed @1, character count 2
0:00:00:00 - Switching to length 5
0:00:00:00 - Expanding tables for length 5 to character count 3
0:00:00:00 - Trying length 5, fixed @1, character count 3
0:00:00:00 - Switching to length 7
0:00:00:00 - Expanding tables for length 7 to character count 2
0:00:00:00 - Trying length 7, fixed @7, character count 2
0:00:00:00 - Trying length 7, fixed @4, character count 2
0:00:00:00 - Switching to length 5
0:00:00:00 - Expanding tables for length 5 to character count 4
0:00:00:00 - Trying length 5, fixed @2, character count 4
0:00:00:00 - Switching to length 7
0:00:00:00 - Expanding tables for length 7 to character count 2
0:00:00:00 - Trying length 7, fixed @1, character count 2
0:00:00:00 - Switching to length 6
0:00:00:00 - Expanding tables for length 6 to character count 4
0:00:00:00 - Trying length 6, fixed @6, character count 4
0:00:00:00 - Switching to length 2
0:00:00:00 - Expanding tables for length 2 to character count 1
0:00:00:00 - Trying length 2, fixed @1, character count 1
0:00:00:00 - Switching to length 5
0:00:00:00 - Expanding tables for length 5 to character count 4
0:00:00:00 - Trying length 5, fixed @5, character count 4
0:00:00:00 - Switching to length 4
0:00:00:00 - Expanding tables for length 4 to character count 2
0:00:00:00 - Trying length 4, fixed @4, character count 2
0:00:00:00 - Switching to length 7
0:00:00:00 - Expanding tables for length 7 to character count 2
0:00:00:00 - Trying length 7, fixed @6, character count 2
0:00:00:00 - Switching to length 5
0:00:00:00 - Expanding tables for length 5 to character count 4
0:00:00:00 - Trying length 5, fixed @3, character count 4
0:00:00:00 - Switching to length 6
0:00:00:00 - Expanding tables for length 6 to character count 4
0:00:00:00 - Trying length 6, fixed @2, character count 4
0:00:00:00 - Switching to length 5
0:00:00:00 - Expanding tables for length 5 to character count 5
0:00:00:00 - Trying length 5, fixed @2, character count 5
0:00:00:00 - Switching to length 6
0:00:00:00 - Expanding tables for length 6 to character count 5
0:00:00:00 - Trying length 6, fixed @2, character count 5
0:00:00:00 - Switching to length 4
0:00:00:00 - Expanding tables for length 4 to character count 2
0:00:00:00 - Trying length 4, fixed @3, character count 2
0:00:00:00 - Expanding tables for length 4 to character count 3
0:00:00:00 - Trying length 4, fixed @2, character count 3
0:00:00:00 - Switching to length 5
0:00:00:00 - Expanding tables for length 5 to character count 5
0:00:00:00 - Trying length 5, fixed @4, character count 4
0:00:00:00 - Switching to length 6
0:00:00:00 - Expanding tables for length 6 to character count 5
0:00:00:00 - Trying length 6, fixed @1, character count 4
0:00:00:00 - Switching to length 5
0:00:00:00 - Expanding tables for length 5 to character count 5
0:00:00:00 - Trying length 5, fixed @5, character count 5
0:00:00:00 - Switching to length 6
0:00:00:00 - Expanding tables for length 6 to character count 5
0:00:00:00 - Trying length 6, fixed @3, character count 4
0:00:00:00 - Switching to length 5
0:00:00:00 - Expanding tables for length 5 to character count 5
0:00:00:00 - Trying length 5, fixed @3, character count 5
0:00:00:00 - Switching to length 6
0:00:00:00 - Expanding tables for length 6 to character count 5
0:00:00:00 - Trying length 6, fixed @5, character count 4
0:00:00:00 - Trying length 6, fixed @5, character count 5
0:00:00:00 - Trying length 6, fixed @3, character count 5
0:00:00:00 - Switching to length 5
0:00:00:00 - Expanding tables for length 5 to character count 5
0:00:00:00 - Trying length 5, fixed @1, character count 4
0:00:00:00 - Switching to length 2
0:00:00:00 - Expanding tables for length 2 to character count 2
0:00:00:00 - Trying length 2, fixed @2, character count 2
0:00:00:00 - Switching to length 5
0:00:00:00 - Expanding tables for length 5 to character count 5
0:00:00:00 - Trying length 5, fixed @4, character count 5
0:00:00:00 - Trying length 5, fixed @1, character count 5
0:00:00:00 - Switching to length 6
0:00:00:00 - Expanding tables for length 6 to character count 5
0:00:00:00 - Trying length 6, fixed @6, character count 5
0:00:00:00 - Switching to length 3
0:00:00:00 - Expanding tables for length 3 to character count 1
0:00:00:00 - Trying length 3, fixed @1, character count 1
0:00:00:00 - Expanding tables for length 3 to character count 2
0:00:00:00 - Trying length 3, fixed @2, character count 2
0:00:00:00 - Switching to length 7
0:00:00:00 - Expanding tables for length 7 to character count 3
0:00:00:00 - Trying length 7, fixed @2, character count 3
0:00:00:00 - Switching to length 4
0:00:00:00 - Expanding tables for length 4 to character count 3
0:00:00:00 - Trying length 4, fixed @4, character count 3
0:00:00:00 - Switching to length 8
0:00:00:00 - Expanding tables for length 8 to character count 2
0:00:00:00 - Trying length 8, fixed @2, character count 2
0:00:00:00 - Switching to length 6
0:00:00:00 - Expanding tables for length 6 to character count 5
0:00:00:00 - Trying length 6, fixed @4, character count 4
0:00:00:00 - Trying length 6, fixed @1, character count 5
0:00:00:00 - Switching to length 7
0:00:00:00 - Expanding tables for length 7 to character count 3
0:00:00:00 - Trying length 7, fixed @5, character count 3
0:00:00:00 - Switching to length 8
0:00:00:00 - Expanding tables for length 8 to character count 2
0:00:00:00 - Trying length 8, fixed @7, character count 2
0:00:00:00 - Switching to length 7
0:00:00:00 - Expanding tables for length 7 to character count 3
0:00:00:00 - Trying length 7, fixed @3, character count 3
0:00:00:00 - Switching to length 4
0:00:00:00 - Expanding tables for length 4 to character count 3
0:00:00:01 - Trying length 4, fixed @1, character count 3
0:00:00:01 - Switching to length 5
0:00:00:01 - Expanding tables for length 5 to character count 6
0:00:00:01 - Trying length 5, fixed @5, character count 6
0:00:00:01 - Switching to length 8
0:00:00:01 - Expanding tables for length 8 to character count 2
0:00:00:01 - Trying length 8, fixed @6, character count 2
0:00:00:01 - Switching to length 6
0:00:00:01 - Expanding tables for length 6 to character count 5
0:00:00:01 - Trying length 6, fixed @4, character count 5
0:00:00:01 - Switching to length 5
0:00:00:01 - Expanding tables for length 5 to character count 6
0:00:00:01 - Trying length 5, fixed @3, character count 6
0:00:00:01 - Switching to length 7
0:00:00:01 - Expanding tables for length 7 to character count 3
0:00:00:01 - Trying length 7, fixed @4, character count 3
0:00:00:01 - Trying length 7, fixed @6, character count 3
0:00:00:01 - Switching to length 4
0:00:00:01 - Expanding tables for length 4 to character count 3
0:00:00:01 - Trying length 4, fixed @3, character count 3
0:00:00:01 - Switching to length 3
0:00:00:01 - Expanding tables for length 3 to character count 2
0:00:00:01 - Trying length 3, fixed @1, character count 2
0:00:00:01 - Switching to length 4
0:00:00:01 - Expanding tables for length 4 to character count 4
0:00:00:01 - Trying length 4, fixed @2, character count 4
0:00:00:01 - Switching to length 8
0:00:00:01 - Expanding tables for length 8 to character count 2
0:00:00:01 - Trying length 8, fixed @5, character count 2
0:00:00:01 - Switching to length 5
0:00:00:01 - Expanding tables for length 5 to character count 6
0:00:00:01 - Trying length 5, fixed @2, character count 6
0:00:00:01 - Switching to length 7
0:00:00:01 - Expanding tables for length 7 to character count 3
0:00:00:01 - Trying length 7, fixed @1, character count 3
0:00:00:01 - Switching to length 6
0:00:00:01 - Expanding tables for length 6 to character count 6
0:00:00:01 - Trying length 6, fixed @5, character count 6
0:00:00:01 - Switching to length 1
0:00:00:01 - Expanding tables for length 1 to character count 1
0:00:00:01 - Trying length 1, fixed @1, character count 1
0:00:00:01 - Switching to length 3
0:00:00:01 - Expanding tables for length 3 to character count 3
0:00:00:01 - Trying length 3, fixed @2, character count 3
0:00:00:01 - Switching to length 5
0:00:00:01 - Expanding tables for length 5 to character count 6
0:00:00:01 - Trying length 5, fixed @4, character count 6
0:00:00:01 - Switching to length 8
0:00:00:01 - Expanding tables for length 8 to character count 2
0:00:00:01 - Trying length 8, fixed @3, character count 2
0:00:00:01 - Switching to length 5
0:00:00:01 - Expanding tables for length 5 to character count 6
0:00:00:01 - Trying length 5, fixed @1, character count 6
0:00:00:01 - Switching to length 2
0:00:00:01 - Expanding tables for length 2 to character count 2
0:00:00:01 - Trying length 2, fixed @1, character count 2
0:00:00:01 - Switching to length 6
0:00:00:01 - Expanding tables for length 6 to character count 6
0:00:00:01 - Trying length 6, fixed @3, character count 6
0:00:00:01 - Switching to length 8
0:00:00:01 - Expanding tables for length 8 to character count 2
0:00:00:01 - Trying length 8, fixed @1, character count 2
0:00:00:01 - Switching to length 2
0:00:00:01 - Expanding tables for length 2 to character count 3
0:00:00:01 - Trying length 2, fixed @2, character count 3
0:00:00:01 - Switching to length 6
0:00:00:01 - Expanding tables for length 6 to character count 6
0:00:00:01 - Trying length 6, fixed @6, character count 6
0:00:00:01 - Switching to length 4
0:00:00:01 - Expanding tables for length 4 to character count 5
0:00:00:01 - Trying length 4, fixed @2, character count 5
0:00:00:01 - Switching to length 2
0:00:00:01 - Expanding tables for length 2 to character count 4
0:00:00:01 - Trying length 2, fixed @2, character count 4
0:00:00:01 - Switching to length 7
0:00:00:01 - Expanding tables for length 7 to character count 3
0:00:00:01 - Trying length 7, fixed @7, character count 3
0:00:00:01 - Switching to length 3
0:00:00:01 - Expanding tables for length 3 to character count 3
0:00:00:01 - Trying length 3, fixed @3, character count 2
0:00:00:01 - Switching to length 8
0:00:00:01 - Expanding tables for length 8 to character count 2
0:00:00:01 - Trying length 8, fixed @4, character count 2
0:00:00:01 - Switching to length 5
0:00:00:01 - Expanding tables for length 5 to character count 7
0:00:00:01 - Trying length 5, fixed @5, character count 7
0:00:00:01 - Switching to length 3
0:00:00:01 - Expanding tables for length 3 to character count 3
0:00:00:01 - Trying length 3, fixed @1, character count 3
0:00:00:01 - Switching to length 6
0:00:00:01 - Expanding tables for length 6 to character count 6
0:00:00:01 - Trying length 6, fixed @2, character count 6
0:00:00:01 - Switching to length 5
0:00:00:01 - Expanding tables for length 5 to character count 7
0:00:00:01 - Trying length 5, fixed @1, character count 7
0:00:00:01 - Switching to length 6
0:00:00:01 - Expanding tables for length 6 to character count 6
0:00:00:01 - Trying length 6, fixed @1, character count 6
0:00:00:01 - Switching to length 4
0:00:00:01 - Expanding tables for length 4 to character count 5
0:00:00:01 - Trying length 4, fixed @1, character count 4
0:00:00:01 - Trying length 4, fixed @3, character count 4
0:00:00:01 - Trying length 4, fixed @1, character count 5
0:00:00:01 - Switching to length 3
0:00:00:01 - Expanding tables for length 3 to character count 3
0:00:00:01 - Trying length 3, fixed @3, character count 3
0:00:00:01 - Switching to length 8
0:00:00:01 - Expanding tables for length 8 to character count 2
0:00:00:01 - Trying length 8, fixed @8, character count 2
0:00:00:01 - Switching to length 6
0:00:00:01 - Expanding tables for length 6 to character count 6
0:00:00:01 - Trying length 6, fixed @4, character count 6
0:00:00:01 - Switching to length 4
0:00:00:01 - Expanding tables for length 4 to character count 5
0:00:00:01 - Trying length 4, fixed @3, character count 5
0:00:00:01 - Switching to length 3
0:00:00:01 - Expanding tables for length 3 to character count 4
0:00:00:01 - Trying length 3, fixed @1, character count 4
0:00:00:01 - Switching to length 5
0:00:00:01 - Expanding tables for length 5 to character count 7
0:00:00:01 - Trying length 5, fixed @3, character count 7
0:00:00:01 - Switching to length 7
0:00:00:01 - Expanding tables for length 7 to character count 4
0:00:00:01 - Trying length 7, fixed @2, character count 4
0:00:00:01 - Switching to length 6
0:00:00:01 - Expanding tables for length 6 to character count 7
0:00:00:01 - Trying length 6, fixed @5, character count 7
0:00:00:01 - Switching to length 2
0:00:00:01 - Expanding tables for length 2 to character count 4
0:00:00:01 - Trying length 2, fixed @1, character count 3
0:00:00:01 - Switching to length 3
0:00:00:01 - Expanding tables for length 3 to character count 4
0:00:00:01 - Trying length 3, fixed @2, character count 4
0:00:00:01 - Switching to length 5
0:00:00:01 - Expanding tables for length 5 to character count 7
0:00:00:01 - Trying length 5, fixed @2, character count 7
0:00:00:01 - Expanding tables for length 5 to character count 8
0:00:00:01 - Trying length 5, fixed @1, character count 8
0:00:00:01 - Switching to length 4
0:00:00:01 - Expanding tables for length 4 to character count 5
0:00:00:01 - Trying length 4, fixed @4, character count 4
0:00:00:01 - Switching to length 6
0:00:00:01 - Expanding tables for length 6 to character count 7
0:00:00:01 - Trying length 6, fixed @6, character count 7
0:00:00:01 - Switching to length 3
0:00:00:01 - Expanding tables for length 3 to character count 4
0:00:00:01 - Trying length 3, fixed @3, character count 4
0:00:00:01 - Switching to length 7
0:00:00:01 - Expanding tables for length 7 to character count 4
0:00:00:01 - Trying length 7, fixed @6, character count 4
0:00:00:01 - Switching to length 2
0:00:00:01 - Expanding tables for length 2 to character count 4
0:00:00:01 - Trying length 2, fixed @1, character count 4
0:00:00:01 - Switching to length 5
0:00:00:01 - Expanding tables for length 5 to character count 8
0:00:00:01 - Trying length 5, fixed @4, character count 7
0:00:00:01 - Switching to length 4
0:00:00:01 - Expanding tables for length 4 to character count 5
0:00:00:01 - Trying length 4, fixed @4, character count 5
0:00:00:01 - Switching to length 3
0:00:00:01 - Expanding tables for length 3 to character count 5
0:00:00:01 - Trying length 3, fixed @1, character count 5
0:00:00:01 - Switching to length 6
0:00:00:01 - Expanding tables for length 6 to character count 7
0:00:00:01 - Trying length 6, fixed @3, character count 7
0:00:00:01 - Switching to length 7
0:00:00:01 - Expanding tables for length 7 to character count 4
0:00:00:01 - Trying length 7, fixed @1, character count 4
0:00:00:01 - Expanding tables for length 7 to character count 5
0:00:00:01 - Trying length 7, fixed @1, character count 5
0:00:00:01 - Trying length 7, fixed @6, character count 5
0:00:00:01 - Switching to length 2
0:00:00:01 - Expanding tables for length 2 to character count 5
0:00:00:01 - Trying length 2, fixed @1, character count 5
0:00:00:01 - Switching to length 6
0:00:00:01 - Expanding tables for length 6 to character count 7
0:00:00:01 - Trying length 6, fixed @1, character count 7
0:00:00:01 - Switching to length 5
0:00:00:01 - Expanding tables for length 5 to character count 8
0:00:00:01 - Trying length 5, fixed @3, character count 8
0:00:00:01 - Switching to length 4
0:00:00:01 - Expanding tables for length 4 to character count 6
0:00:00:01 - Trying length 4, fixed @1, character count 6
0:00:00:01 - Switching to length 3
0:00:00:01 - Expanding tables for length 3 to character count 5
0:00:00:01 - Trying length 3, fixed @2, character count 5
0:00:00:01 - Switching to length 7
0:00:00:01 - Expanding tables for length 7 to character count 5
0:00:00:01 - Trying length 7, fixed @3, character count 4
0:00:00:01 - Switching to length 4
0:00:00:01 - Expanding tables for length 4 to character count 6
0:00:00:01 - Trying length 4, fixed @3, character count 6
0:00:00:01 - Switching to length 3
0:00:00:01 - Expanding tables for length 3 to character count 5
0:00:00:01 - Trying length 3, fixed @3, character count 5
0:00:00:01 - Switching to length 6
0:00:00:01 - Expanding tables for length 6 to character count 7
0:00:00:01 - Trying length 6, fixed @4, character count 7
0:00:00:01 - Switching to length 5
0:00:00:01 - Expanding tables for length 5 to character count 9
0:00:00:01 - Trying length 5, fixed @1, character count 9
0:00:00:01 - Switching to length 6
0:00:00:01 - Expanding tables for length 6 to character count 8
0:00:00:01 - Trying length 6, fixed @5, character count 8
0:00:00:01 - Switching to length 1
0:00:00:01 - Expanding tables for length 1 to character count 2
0:00:00:01 - Trying length 1, fixed @1, character count 2
0:00:00:01 - Switching to length 3
0:00:00:01 - Expanding tables for length 3 to character count 6
0:00:00:01 - Trying length 3, fixed @1, character count 6
0:00:00:01 - Switching to length 4
0:00:00:01 - Expanding tables for length 4 to character count 6
0:00:00:01 - Trying length 4, fixed @2, character count 6
0:00:00:01 - Switching to length 7
0:00:00:01 - Expanding tables for length 7 to character count 5
0:00:00:01 - Trying length 7, fixed @7, character count 4
0:00:00:01 - Switching to length 5
0:00:00:01 - Expanding tables for length 5 to character count 9
0:00:00:01 - Trying length 5, fixed @2, character count 8
0:00:00:01 - Switching to length 3
0:00:00:01 - Expanding tables for length 3 to character count 6
0:00:00:01 - Trying length 3, fixed @3, character count 6
0:00:00:01 - Switching to length 8
0:00:00:02 - Expanding tables for length 8 to character count 3
0:00:00:02 - Trying length 8, fixed @2, character count 3
0:00:00:02 - Switching to length 5
0:00:00:02 - Expanding tables for length 5 to character count 9
0:00:00:02 - Trying length 5, fixed @4, character count 8
0:00:00:02 - Switching to length 4
0:00:00:02 - Expanding tables for length 4 to character count 6
0:00:00:02 - Trying length 4, fixed @4, character count 6
0:00:00:02 - Switching to length 8
0:00:00:02 - Expanding tables for length 8 to character count 3
0:00:00:02 - Trying length 8, fixed @6, character count 3
0:00:00:02 - Switching to length 7
0:00:00:02 - Expanding tables for length 7 to character count 5
0:00:00:02 - Trying length 7, fixed @5, character count 4
0:00:00:02 - Switching to length 3
0:00:00:02 - Expanding tables for length 3 to character count 7
0:00:00:02 - Trying length 3, fixed @3, character count 7
0:00:00:02 - Switching to length 1
0:00:00:02 - Expanding tables for length 1 to character count 3
0:00:00:02 - Trying length 1, fixed @1, character count 3
0:00:00:02 - Switching to length 8
0:00:00:02 - Expanding tables for length 8 to character count 3
0:00:00:02 - Trying length 8, fixed @7, character count 3
0:00:00:02 - Switching to length 6
0:00:00:02 - Expanding tables for length 6 to character count 8
0:00:00:02 - Trying length 6, fixed @2, character count 7
0:00:00:02 - Switching to length 4
0:00:00:02 - Expanding tables for length 4 to character count 7
0:00:00:02 - Trying length 4, fixed @1, character count 7
0:00:00:02 - Switching to length 6
0:00:00:02 - Expanding tables for length 6 to character count 8
0:00:00:02 - Trying length 6, fixed @6, character count 8
0:00:00:02 - Switching to length 3
0:00:00:02 - Expanding tables for length 3 to character count 7
0:00:00:02 - Trying length 3, fixed @1, character count 7
0:00:00:02 - Switching to length 5
0:00:00:02 - Expanding tables for length 5 to character count 9
0:00:00:02 - Trying length 5, fixed @5, character count 8
0:00:00:02 - Switching to length 4
0:00:00:02 - Expanding tables for length 4 to character count 7
0:00:00:02 - Trying length 4, fixed @3, character count 7
0:00:00:02 - Switching to length 7
0:00:00:02 - Expanding tables for length 7 to character count 5
0:00:00:02 - Trying length 7, fixed @4, character count 4
0:00:00:02 - Switching to length 5
0:00:00:02 - Expanding tables for length 5 to character count 9
0:00:00:02 - Trying length 5, fixed @3, character count 9
0:00:00:02 - Switching to length 7
0:00:00:02 - Expanding tables for length 7 to character count 5
0:00:00:02 - Trying length 7, fixed @2, character count 5
0:00:00:02 - Switching to length 2
0:00:00:02 - Expanding tables for length 2 to character count 5
0:00:00:02 - Trying length 2, fixed @2, character count 5
0:00:00:02 - Switching to length 6
0:00:00:02 - Expanding tables for length 6 to character count 8
0:00:00:02 - Trying length 6, fixed @3, character count 8
0:00:00:02 - Switching to length 7
0:00:00:02 - Expanding tables for length 7 to character count 5
0:00:00:02 - Trying length 7, fixed @3, character count 5
0:00:00:02 - Switching to length 1
0:00:00:02 - Expanding tables for length 1 to character count 4
0:00:00:02 - Trying length 1, fixed @1, character count 4
0:00:00:02 - Expanding tables for length 1 to character count 5
0:00:00:02 - Trying length 1, fixed @1, character count 5
0:00:00:02 - Expanding tables for length 1 to character count 6
0:00:00:02 - Trying length 1, fixed @1, character count 6
0:00:00:02 - Switching to length 5
0:00:00:02 - Expanding tables for length 5 to character count 10
0:00:00:02 - Trying length 5, fixed @1, character count 10
0:00:00:02 - Switching to length 6
0:00:00:02 - Expanding tables for length 6 to character count 8
0:00:00:02 - Trying length 6, fixed @1, character count 8
0:00:00:02 - Switching to length 2
0:00:00:02 - Expanding tables for length 2 to character count 6
0:00:00:02 - Trying length 2, fixed @1, character count 6
0:00:00:02 - Expanding tables for length 2 to character count 7
0:00:00:02 - Trying length 2, fixed @1, character count 7
0:00:00:02 - Switching to length 8
0:00:00:02 - Expanding tables for length 8 to character count 3
0:00:00:02 - Trying length 8, fixed @5, character count 3
0:00:00:02 - Trying length 8, fixed @3, character count 3
0:00:00:02 - Switching to length 7
0:00:00:02 - Expanding tables for length 7 to character count 5
0:00:00:02 - Trying length 7, fixed @5, character count 5
0:00:00:02 - Switching to length 2
0:00:00:02 - Expanding tables for length 2 to character count 8
0:00:00:02 - Trying length 2, fixed @1, character count 8
0:00:00:02 - Switching to length 3
0:00:00:02 - Expanding tables for length 3 to character count 8
0:00:00:02 - Trying length 3, fixed @1, character count 8
0:00:00:02 - Switching to length 7
0:00:00:02 - Expanding tables for length 7 to character count 5
0:00:00:02 - Trying length 7, fixed @7, character count 5
0:00:00:02 - Switching to length 4
0:00:00:02 - Expanding tables for length 4 to character count 7
0:00:00:02 - Trying length 4, fixed @4, character count 7
0:00:00:02 - Switching to length 1
0:00:00:02 - Expanding tables for length 1 to character count 7
0:00:00:02 - Trying length 1, fixed @1, character count 7
0:00:00:02 - Expanding tables for length 1 to character count 8
0:00:00:02 - Trying length 1, fixed @1, character count 8
0:00:00:02 - Expanding tables for length 1 to character count 9
0:00:00:02 - Trying length 1, fixed @1, character count 9
0:00:00:02 - Switching to length 4
0:00:00:02 - Expanding tables for length 4 to character count 8
0:00:00:02 - Trying length 4, fixed @1, character count 8
0:00:00:02 - Switching to length 6
0:00:00:02 - Expanding tables for length 6 to character count 9
0:00:00:02 - Trying length 6, fixed @5, character count 9
0:00:00:02 - Switching to length 4
0:00:00:02 - Expanding tables for length 4 to character count 8
0:00:00:02 - Trying length 4, fixed @3, character count 8
0:00:00:02 - Switching to length 8
0:00:00:02 - Expanding tables for length 8 to character count 3
0:00:00:02 - Trying length 8, fixed @8, character count 3
0:00:00:02 - Switching to length 5
0:00:00:02 - Expanding tables for length 5 to character count 10
0:00:00:02 - Trying length 5, fixed @2, character count 9
0:00:00:02 - Switching to length 6
0:00:00:02 - Expanding tables for length 6 to character count 9
0:00:00:02 - Trying length 6, fixed @4, character count 8
0:00:00:02 - Switching to length 5
0:00:00:02 - Expanding tables for length 5 to character count 10
0:00:00:02 - Trying length 5, fixed @5, character count 9
0:00:00:02 - Switching to length 7
0:00:00:02 - Expanding tables for length 7 to character count 5
0:00:00:02 - Trying length 7, fixed @4, character count 5
0:00:00:02 - Switching to length 3
0:00:00:02 - Expanding tables for length 3 to character count 8
0:00:00:02 - Trying length 3, fixed @3, character count 8
0:00:00:02 - Switching to length 5
0:00:00:02 - Expanding tables for length 5 to character count 10
0:00:00:02 - Trying length 5, fixed @4, character count 9
0:00:00:02 - Switching to length 8
0:00:00:02 - Expanding tables for length 8 to character count 3
0:00:00:02 - Trying length 8, fixed @4, character count 3
0:00:00:02 - Switching to length 6
0:00:00:02 - Expanding tables for length 6 to character count 9
0:00:00:02 - Trying length 6, fixed @6, character count 9
0:00:00:02 - Switching to length 8
0:00:00:02 - Expanding tables for length 8 to character count 3
0:00:00:02 - Trying length 8, fixed @1, character count 3
0:00:00:02 - Switching to length 2
0:00:00:02 - Expanding tables for length 2 to character count 8
0:00:00:02 - Trying length 2, fixed @2, character count 6
0:00:00:02 - Switching to length 5
0:00:00:02 - Expanding tables for length 5 to character count 10
0:00:00:02 - Trying length 5, fixed @3, character count 10
0:00:00:02 - Switching to length 4
0:00:00:02 - Expanding tables for length 4 to character count 8
0:00:00:02 - Trying length 4, fixed @2, character count 7
0:00:00:02 - Switching to length 5
0:00:00:02 - Expanding tables for length 5 to character count 11
0:00:00:02 - Trying length 5, fixed @1, character count 11
0:00:00:02 - Switching to length 1
0:00:00:02 - Expanding tables for length 1 to character count 10
0:00:00:02 - Trying length 1, fixed @1, character count 10
0:00:00:02 - Expanding tables for length 1 to character count 11
0:00:00:02 - Trying length 1, fixed @1, character count 11
0:00:00:02 - Switching to length 3
0:00:00:02 - Expanding tables for length 3 to character count 9
0:00:00:02 - Trying length 3, fixed @3, character count 9
0:00:00:02 - Switching to length 6
0:00:00:02 - Expanding tables for length 6 to character count 9
0:00:00:02 - Trying length 6, fixed @3, character count 9
0:00:00:02 - Switching to length 2
0:00:00:02 - Expanding tables for length 2 to character count 8
0:00:00:02 - Trying length 2, fixed @2, character count 7
0:00:00:02 - Expanding tables for length 2 to character count 9
0:00:00:02 - Trying length 2, fixed @1, character count 9
0:00:00:02 - Switching to length 3
0:00:00:02 - Expanding tables for length 3 to character count 9
0:00:00:02 - Trying length 3, fixed @1, character count 9
0:00:00:02 - Switching to length 4
0:00:00:02 - Expanding tables for length 4 to character count 8
0:00:00:02 - Trying length 4, fixed @4, character count 8
0:00:00:02 - Switching to length 2
0:00:00:02 - Expanding tables for length 2 to character count 10
0:00:00:02 - Trying length 2, fixed @1, character count 10
0:00:00:02 - Switching to length 4
0:00:00:02 - Expanding tables for length 4 to character count 9
0:00:00:02 - Trying length 4, fixed @3, character count 9
0:00:00:02 - Switching to length 6
0:00:00:02 - Expanding tables for length 6 to character count 9
0:00:00:02 - Trying length 6, fixed @2, character count 8
0:00:00:02 - Trying length 6, fixed @1, character count 9
0:00:00:02 - Switching to length 2
0:00:00:02 - Expanding tables for length 2 to character count 11
0:00:00:02 - Trying length 2, fixed @1, character count 11
0:00:00:02 - Switching to length 7
0:00:00:02 - Expanding tables for length 7 to character count 6
0:00:00:02 - Trying length 7, fixed @6, character count 6
0:00:00:02 - Switching to length 5
0:00:00:02 - Expanding tables for length 5 to character count 11
0:00:00:02 - Trying length 5, fixed @5, character count 10
0:00:00:02 - Switching to length 2
0:00:00:02 - Expanding tables for length 2 to character count 12
0:00:00:02 - Trying length 2, fixed @1, character count 12
0:00:00:02 - Switching to length 5
0:00:00:02 - Expanding tables for length 5 to character count 11
0:00:00:02 - Trying length 5, fixed @4, character count 10
0:00:00:02 - Expanding tables for length 5 to character count 12
0:00:00:02 - Trying length 5, fixed @1, character count 12
0:00:00:02 - Switching to length 3
0:00:00:02 - Expanding tables for length 3 to character count 9
0:00:00:02 - Trying length 3, fixed @2, character count 6
0:00:00:02 - Expanding tables for length 3 to character count 10
0:00:00:02 - Trying length 3, fixed @3, character count 10
0:00:00:02 - Switching to length 4
0:00:00:02 - Expanding tables for length 4 to character count 9
0:00:00:02 - Trying length 4, fixed @2, character count 8
0:00:00:02 - Switching to length 2
0:00:00:02 - Expanding tables for length 2 to character count 13
0:00:00:02 - Trying length 2, fixed @1, character count 13
0:00:00:02 - Switching to length 1
0:00:00:02 - Expanding tables for length 1 to character count 12
0:00:00:02 - Trying length 1, fixed @1, character count 12
0:00:00:02 - Expanding tables for length 1 to character count 13
0:00:00:02 - Trying length 1, fixed @1, character count 13
0:00:00:02 - Expanding tables for length 1 to character count 14
0:00:00:02 - Trying length 1, fixed @1, character count 14
0:00:00:02 - Expanding tables for length 1 to character count 15
0:00:00:02 - Trying length 1, fixed @1, character count 15
0:00:00:02 - Expanding tables for length 1 to character count 16
0:00:00:02 - Trying length 1, fixed @1, character count 16
0:00:00:02 - Expanding tables for length 1 to character count 17
0:00:00:02 - Trying length 1, fixed @1, character count 17
0:00:00:02 - Switching to length 6
0:00:00:02 - Expanding tables for length 6 to character count 10
0:00:00:02 - Trying length 6, fixed @5, character count 10
0:00:00:02 - Switching to length 5
0:00:00:02 - Expanding tables for length 5 to character count 12
0:00:00:02 - Trying length 5, fixed @3, character count 11
0:00:00:02 - Switching to length 4
0:00:00:02 - Expanding tables for length 4 to character count 9
0:00:00:02 - Trying length 4, fixed @1, character count 9
0:00:00:02 - Switching to length 3
0:00:00:02 - Expanding tables for length 3 to character count 10
0:00:00:02 - Trying length 3, fixed @1, character count 10
0:00:00:02 - Switching to length 7
0:00:00:02 - Expanding tables for length 7 to character count 6
0:00:00:02 - Trying length 7, fixed @5, character count 6
0:00:00:02 - Switching to length 6
0:00:00:03 - Expanding tables for length 6 to character count 10
0:00:00:03 - Trying length 6, fixed @4, character count 9
0:00:00:03 - Switching to length 4
0:00:00:03 - Expanding tables for length 4 to character count 9
0:00:00:03 - Trying length 4, fixed @4, character count 9
0:00:00:03 - Switching to length 7
0:00:00:03 - Expanding tables for length 7 to character count 6
0:00:00:03 - Trying length 7, fixed @7, character count 6
0:00:00:03 - Switching to length 4
0:00:00:03 - Expanding tables for length 4 to character count 10
0:00:00:03 - Trying length 4, fixed @3, character count 10
0:00:00:03 - Switching to length 5
0:00:00:03 - Expanding tables for length 5 to character count 12
0:00:00:03 - Trying length 5, fixed @4, character count 11
0:00:00:03 - Switching to length 6
0:00:00:03 - Expanding tables for length 6 to character count 10
0:00:00:03 - Trying length 6, fixed @6, character count 10
0:00:00:03 - Switching to length 7
0:00:00:03 - Expanding tables for length 7 to character count 6
0:00:00:03 - Trying length 7, fixed @3, character count 6
0:00:00:03 - Switching to length 3
0:00:00:03 - Expanding tables for length 3 to character count 10
0:00:00:03 - Trying length 3, fixed @2, character count 7
0:00:00:03 - Switching to length 2
0:00:00:03 - Expanding tables for length 2 to character count 13
0:00:00:03 - Trying length 2, fixed @2, character count 8
0:00:00:03 - Switching to length 3
0:00:00:03 - Expanding tables for length 3 to character count 11
0:00:00:03 - Trying length 3, fixed @1, character count 11
0:00:00:03 - Switching to length 4
0:00:00:03 - Expanding tables for length 4 to character count 11
0:00:00:03 - Trying length 4, fixed @3, character count 11
0:00:00:03 - Switching to length 8
0:00:00:03 - Expanding tables for length 8 to character count 4
0:00:00:03 - Trying length 8, fixed @2, character count 4
0:00:00:03 - Switching to length 3
0:00:00:03 - Expanding tables for length 3 to character count 11
0:00:00:03 - Trying length 3, fixed @3, character count 11
0:00:00:03 - Switching to length 6
0:00:00:03 - Expanding tables for length 6 to character count 10
0:00:00:03 - Trying length 6, fixed @2, character count 9
0:00:00:03 - Switching to length 5
0:00:00:03 - Expanding tables for length 5 to character count 12
0:00:00:03 - Trying length 5, fixed @5, character count 11
0:00:00:03 - Switching to length 6
0:00:00:03 - Expanding tables for length 6 to character count 10
0:00:00:03 - Trying length 6, fixed @1, character count 10
0:00:00:03 - Switching to length 5
0:00:00:03 - Expanding tables for length 5 to character count 12
0:00:00:03 - Trying length 5, fixed @4, character count 12
0:00:00:03 - Switching to length 7
0:00:00:03 - Expanding tables for length 7 to character count 6
0:00:00:03 - Trying length 7, fixed @2, character count 6
0:00:00:03 - Trying length 7, fixed @4, character count 6
0:00:00:03 - Switching to length 1
0:00:00:03 - Expanding tables for length 1 to character count 18
0:00:00:03 - Trying length 1, fixed @1, character count 18
0:00:00:03 - Expanding tables for length 1 to character count 19
0:00:00:03 - Trying length 1, fixed @1, character count 19
0:00:00:03 - Expanding tables for length 1 to character count 20
0:00:00:03 - Trying length 1, fixed @1, character count 20
0:00:00:03 - Expanding tables for length 1 to character count 21
0:00:00:03 - Trying length 1, fixed @1, character count 21
0:00:00:03 - Expanding tables for length 1 to character count 22
0:00:00:03 - Trying length 1, fixed @1, character count 22
0:00:00:03 - Expanding tables for length 1 to character count 23
0:00:00:03 - Trying length 1, fixed @1, character count 23
0:00:00:03 - Expanding tables for length 1 to character count 24
0:00:00:03 - Trying length 1, fixed @1, character count 24
0:00:00:03 - Expanding tables for length 1 to character count 25
0:00:00:03 - Trying length 1, fixed @1, character count 25
0:00:00:03 - Expanding tables for length 1 to character count 26
0:00:00:03 - Trying length 1, fixed @1, character count 26
0:00:00:03 - Expanding tables for length 1 to character count 27
0:00:00:03 - Trying length 1, fixed @1, character count 27
0:00:00:03 - Expanding tables for length 1 to character count 28
0:00:00:03 - Trying length 1, fixed @1, character count 28
0:00:00:03 - Expanding tables for length 1 to character count 29
0:00:00:03 - Trying length 1, fixed @1, character count 29
0:00:00:03 - Switching to length 5
0:00:00:03 - Expanding tables for length 5 to character count 12
0:00:00:03 - Trying length 5, fixed @3, character count 12
0:00:00:03 - Switching to length 6
0:00:00:03 - Expanding tables for length 6 to character count 10
0:00:00:03 - Trying length 6, fixed @3, character count 10
0:00:00:03 - Switching to length 3
0:00:00:03 - Expanding tables for length 3 to character count 12
0:00:00:03 - Trying length 3, fixed @3, character count 12
0:00:00:03 - Switching to length 5
0:00:00:03 - Expanding tables for length 5 to character count 13
0:00:00:03 - Trying length 5, fixed @1, character count 13
0:00:00:03 - Switching to length 4
0:00:00:03 - Expanding tables for length 4 to character count 11
0:00:00:03 - Trying length 4, fixed @2, character count 9
0:00:00:03 - Switching to length 2
0:00:00:03 - Expanding tables for length 2 to character count 13
0:00:00:03 - Trying length 2, fixed @2, character count 9
0:00:00:03 - Switching to length 7
0:00:00:03 - Expanding tables for length 7 to character count 6
0:00:00:03 - Trying length 7, fixed @1, character count 6
0:00:00:03 - Switching to length 4
0:00:00:03 - Expanding tables for length 4 to character count 11
0:00:00:03 - Trying length 4, fixed @1, character count 10
0:00:00:03 - Switching to length 8
0:00:00:03 - Expanding tables for length 8 to character count 4
0:00:00:03 - Trying length 8, fixed @5, character count 4
0:00:00:03 - Switching to length 4
0:00:00:03 - Expanding tables for length 4 to character count 11
0:00:00:03 - Trying length 4, fixed @4, character count 10
0:00:00:03 - Switching to length 2
0:00:00:03 - Expanding tables for length 2 to character count 13
0:00:00:03 - Trying length 2, fixed @2, character count 10
0:00:00:03 - Switching to length 8
0:00:00:03 - Expanding tables for length 8 to character count 4
0:00:00:03 - Trying length 8, fixed @6, character count 4
0:00:00:03 - Switching to length 6
0:00:00:03 - Expanding tables for length 6 to character count 10
0:00:00:03 - Trying length 6, fixed @4, character count 10
0:00:00:03 - Switching to length 5
0:00:00:03 - Expanding tables for length 5 to character count 14
0:00:00:03 - Trying length 5, fixed @1, character count 14
0:00:00:03 - Switching to length 2
0:00:00:03 - Expanding tables for length 2 to character count 13
0:00:00:03 - Trying length 2, fixed @2, character count 11
0:00:00:03 - Switching to length 3
0:00:00:03 - Expanding tables for length 3 to character count 12
0:00:00:03 - Trying length 3, fixed @2, character count 8
0:00:00:03 - Switching to length 6
0:00:00:03 - Expanding tables for length 6 to character count 11
0:00:00:03 - Trying length 6, fixed @5, character count 11
0:00:00:03 - Switching to length 4
0:00:00:03 - Expanding tables for length 4 to character count 12
0:00:00:03 - Trying length 4, fixed @3, character count 12
0:00:00:03 - Switching to length 3
0:00:00:03 - Expanding tables for length 3 to character count 12
0:00:00:03 - Trying length 3, fixed @1, character count 12
0:00:00:03 - Expanding tables for length 3 to character count 13
0:00:00:03 - Trying length 3, fixed @3, character count 13
0:00:00:03 - Switching to length 2
0:00:00:03 - Expanding tables for length 2 to character count 13
0:00:00:03 - Trying length 2, fixed @2, character count 12
0:00:00:03 - Switching to length 8
0:00:00:03 - Expanding tables for length 8 to character count 4
0:00:00:03 - Trying length 8, fixed @8, character count 4
0:00:00:03 - Switching to length 5
0:00:00:03 - Expanding tables for length 5 to character count 14
0:00:00:03 - Trying length 5, fixed @2, character count 10
0:00:00:03 - Switching to length 6
0:00:00:03 - Expanding tables for length 6 to character count 11
0:00:00:03 - Trying length 6, fixed @6, character count 11
0:00:00:03 - Switching to length 8
0:00:00:03 - Expanding tables for length 8 to character count 4
0:00:00:03 - Trying length 8, fixed @7, character count 4
0:00:00:03 - Switching to length 2
0:00:00:03 - Expanding tables for length 2 to character count 13
0:00:00:03 - Trying length 2, fixed @2, character count 13
0:00:00:03 - Switching to length 5
0:00:00:03 - Expanding tables for length 5 to character count 14
0:00:00:03 - Trying length 5, fixed @4, character count 13
0:00:00:03 - Switching to length 2
0:00:00:03 - Expanding tables for length 2 to character count 14
0:00:00:03 - Trying length 2, fixed @1, character count 14
0:00:00:03 - Switching to length 8
0:00:00:03 - Expanding tables for length 8 to character count 4
0:00:00:03 - Trying length 8, fixed @1, character count 4
0:00:00:03 - Switching to length 7
0:00:00:03 - Expanding tables for length 7 to character count 7
0:00:00:03 - Trying length 7, fixed @6, character count 7
0:00:00:03 - Switching to length 8
0:00:00:03 - Expanding tables for length 8 to character count 5
0:00:00:03 - Trying length 8, fixed @7, character count 5
0:00:00:03 - Trying length 8, fixed @1, character count 5
0:00:00:03 - Switching to length 4
0:00:00:03 - Expanding tables for length 4 to character count 12
0:00:00:03 - Trying length 4, fixed @2, character count 10
0:00:00:03 - Switching to length 3
0:00:00:03 - Expanding tables for length 3 to character count 13
0:00:00:03 - Trying length 3, fixed @2, character count 9
0:00:00:03 - Switching to length 5
0:00:00:03 - Expanding tables for length 5 to character count 14
0:00:00:03 - Trying length 5, fixed @3, character count 13
0:00:00:03 - Switching to length 2
0:00:00:03 - Expanding tables for length 2 to character count 15
0:00:00:03 - Trying length 2, fixed @1, character count 15
0:00:00:03 - Switching to length 3
0:00:00:03 - Expanding tables for length 3 to character count 13
0:00:00:03 - Trying length 3, fixed @1, character count 13
0:00:00:03 - Switching to length 4
0:00:00:03 - Expanding tables for length 4 to character count 12
0:00:00:03 - Trying length 4, fixed @1, character count 11
0:00:00:03 - Switching to length 3
0:00:00:03 - Expanding tables for length 3 to character count 14
0:00:00:03 - Trying length 3, fixed @3, character count 14
0:00:00:03 - Switching to length 6
0:00:00:03 - Expanding tables for length 6 to character count 11
0:00:00:03 - Trying length 6, fixed @2, character count 10
0:00:00:03 - Trying length 6, fixed @3, character count 11
0:00:00:03 - Switching to length 8
0:00:00:03 - Expanding tables for length 8 to character count 5
0:00:00:03 - Trying length 8, fixed @6, character count 5
0:00:00:04 - Switching to length 4
0:00:00:04 - Expanding tables for length 4 to character count 12
0:00:00:04 - Trying length 4, fixed @4, character count 11
0:00:00:04 - Expanding tables for length 4 to character count 13
0:00:00:04 - Trying length 4, fixed @3, character count 13
0:00:00:04 - Switching to length 5
0:00:00:04 - Expanding tables for length 5 to character count 14
0:00:00:04 - Trying length 5, fixed @4, character count 14
0:00:00:04 - Switching to length 7
0:00:00:04 - Expanding tables for length 7 to character count 7
0:00:00:04 - Trying length 7, fixed @7, character count 7
0:00:00:04 - Switching to length 2
0:00:00:04 - Expanding tables for length 2 to character count 15
0:00:00:04 - Trying length 2, fixed @2, character count 14
0:00:00:04 - Switching to length 6
0:00:00:04 - Expanding tables for length 6 to character count 11
0:00:00:04 - Trying length 6, fixed @1, character count 11
0:00:00:04 - Switching to length 3
0:00:00:04 - Expanding tables for length 3 to character count 15
0:00:00:04 - Trying length 3, fixed @3, character count 15
0:00:00:04 - Switching to length 7
0:00:00:04 - Expanding tables for length 7 to character count 7
0:00:00:04 - Trying length 7, fixed @3, character count 7
0:00:00:04 - Switching to length 8
0:00:00:04 - Expanding tables for length 8 to character count 5
0:00:00:04 - Trying length 8, fixed @4, character count 4
0:00:00:04 - Trying length 8, fixed @8, character count 5
0:00:00:04 - Switching to length 6
0:00:00:04 - Expanding tables for length 6 to character count 11
0:00:00:04 - Trying length 6, fixed @4, character count 11
0:00:00:04 - Switching to length 2
0:00:00:04 - Expanding tables for length 2 to character count 15
0:00:00:04 - Trying length 2, fixed @2, character count 15
0:00:00:04 - Expanding tables for length 2 to character count 16
0:00:00:04 - Trying length 2, fixed @1, character count 16
0:00:00:04 - Switching to length 4
0:00:00:04 - Expanding tables for length 4 to character count 13
0:00:00:04 - Trying length 4, fixed @2, character count 11
0:00:00:04 - Switching to length 2
0:00:00:04 - Expanding tables for length 2 to character count 17
0:00:00:04 - Trying length 2, fixed @1, character count 17
0:00:00:04 - Switching to length 4
0:00:00:04 - Expanding tables for length 4 to character count 13
0:00:00:04 - Trying length 4, fixed @1, character count 12
0:00:00:04 - Switching to length 8
0:00:00:04 - Expanding tables for length 8 to character count 5
0:00:00:04 - Trying length 8, fixed @3, character count 4
0:00:00:04 - Switching to length 6
0:00:00:04 - Expanding tables for length 6 to character count 12
0:00:00:04 - Trying length 6, fixed @6, character count 12
0:00:00:04 - Switching to length 8
0:00:00:04 - Expanding tables for length 8 to character count 5
0:00:00:04 - Trying length 8, fixed @3, character count 5
0:00:00:04 - Switching to length 4
0:00:00:04 - Expanding tables for length 4 to character count 13
0:00:00:04 - Trying length 4, fixed @4, character count 12
0:00:00:04 - Switching to length 1
0:00:00:04 - Expanding tables for length 1 to character count 30
0:00:00:04 - Trying length 1, fixed @1, character count 30
0:00:00:04 - Expanding tables for length 1 to character count 31
0:00:00:04 - Trying length 1, fixed @1, character count 31
0:00:00:04 - Expanding tables for length 1 to character count 32
0:00:00:04 - Trying length 1, fixed @1, character count 32
0:00:00:04 - Expanding tables for length 1 to character count 33
0:00:00:04 - Trying length 1, fixed @1, character count 33
0:00:00:04 - Expanding tables for length 1 to character count 34
0:00:00:04 - Trying length 1, fixed @1, character count 34
0:00:00:04 - Expanding tables for length 1 to character count 35
0:00:00:04 - Trying length 1, fixed @1, character count 35
0:00:00:04 - Expanding tables for length 1 to character count 36
0:00:00:04 - Trying length 1, fixed @1, character count 36
0:00:00:04 - Expanding tables for length 1 to character count 37
0:00:00:04 - Trying length 1, fixed @1, character count 37
0:00:00:04 - Expanding tables for length 1 to character count 38
0:00:00:04 - Trying length 1, fixed @1, character count 38
0:00:00:04 - Expanding tables for length 1 to character count 39
0:00:00:04 - Trying length 1, fixed @1, character count 39
0:00:00:04 - Switching to length 3
0:00:00:04 - Expanding tables for length 3 to character count 15
0:00:00:04 - Trying length 3, fixed @2, character count 10
0:00:00:04 - Switching to length 5
0:00:00:04 - Expanding tables for length 5 to character count 14
0:00:00:04 - Trying length 5, fixed @2, character count 11
0:00:00:04 - Switching to length 3
0:00:00:04 - Expanding tables for length 3 to character count 15
0:00:00:04 - Trying length 3, fixed @1, character count 14
0:00:00:04 - Switching to length 5
0:00:00:04 - Expanding tables for length 5 to character count 14
0:00:00:04 - Trying length 5, fixed @5, character count 12
0:00:00:04 - Switching to length 2
0:00:00:04 - Expanding tables for length 2 to character count 18
0:00:00:04 - Trying length 2, fixed @1, character count 18
0:00:00:04 - Switching to length 7
0:00:00:04 - Expanding tables for length 7 to character count 7
0:00:00:04 - Trying length 7, fixed @2, character count 7
0:00:00:04 - Trying length 7, fixed @1, character count 7
0:00:00:04 - Switching to length 6
0:00:00:04 - Expanding tables for length 6 to character count 12
0:00:00:04 - Trying length 6, fixed @3, character count 12
0:00:00:04 - Switching to length 5
0:00:00:04 - Expanding tables for length 5 to character count 14
0:00:00:04 - Trying length 5, fixed @3, character count 14
0:00:00:04 - Switching to length 1
0:00:00:04 - Expanding tables for length 1 to character count 40
0:00:00:04 - Trying length 1, fixed @1, character count 40
0:00:00:04 - Expanding tables for length 1 to character count 41
0:00:00:04 - Trying length 1, fixed @1, character count 41
0:00:00:04 - Expanding tables for length 1 to character count 42
0:00:00:04 - Trying length 1, fixed @1, character count 42
0:00:00:04 - Expanding tables for length 1 to character count 43
0:00:00:04 - Trying length 1, fixed @1, character count 43
0:00:00:04 - Expanding tables for length 1 to character count 44
0:00:00:04 - Trying length 1, fixed @1, character count 44
0:00:00:04 - Expanding tables for length 1 to character count 45
0:00:00:04 - Trying length 1, fixed @1, character count 45
0:00:00:04 - Expanding tables for length 1 to character count 46
0:00:00:04 - Trying length 1, fixed @1, character count 46
0:00:00:04 - Expanding tables for length 1 to character count 47
0:00:00:04 - Trying length 1, fixed @1, character count 47
0:00:00:04 - Expanding tables for length 1 to character count 48
0:00:00:04 - Trying length 1, fixed @1, character count 48
0:00:00:04 - Expanding tables for length 1 to character count 49
0:00:00:04 - Trying length 1, fixed @1, character count 49
0:00:00:04 - Expanding tables for length 1 to character count 50
0:00:00:04 - Trying length 1, fixed @1, character count 50
0:00:00:04 - Expanding tables for length 1 to character count 51
0:00:00:04 - Trying length 1, fixed @1, character count 51
0:00:00:04 - Expanding tables for length 1 to character count 52
0:00:00:04 - Trying length 1, fixed @1, character count 52
0:00:00:04 - Expanding tables for length 1 to character count 53
0:00:00:04 - Trying length 1, fixed @1, character count 53
0:00:00:04 - Expanding tables for length 1 to character count 54
0:00:00:04 - Trying length 1, fixed @1, character count 54
0:00:00:04 - Expanding tables for length 1 to character count 55
0:00:00:04 - Trying length 1, fixed @1, character count 55
0:00:00:04 - Expanding tables for length 1 to character count 56
0:00:00:04 - Trying length 1, fixed @1, character count 56
0:00:00:04 - Expanding tables for length 1 to character count 57
0:00:00:04 - Trying length 1, fixed @1, character count 57
0:00:00:04 - Expanding tables for length 1 to character count 58
0:00:00:04 - Trying length 1, fixed @1, character count 58
0:00:00:04 - Expanding tables for length 1 to character count 59
0:00:00:04 - Trying length 1, fixed @1, character count 59
0:00:00:04 - Expanding tables for length 1 to character count 60
0:00:00:04 - Trying length 1, fixed @1, character count 60
0:00:00:04 - Expanding tables for length 1 to character count 61
0:00:00:04 - Trying length 1, fixed @1, character count 61
0:00:00:04 - Expanding tables for length 1 to character count 62
0:00:00:04 - Trying length 1, fixed @1, character count 62
0:00:00:04 - Switching to length 7
0:00:00:04 - Expanding tables for length 7 to character count 7
0:00:00:04 - Trying length 7, fixed @4, character count 7
0:00:00:04 - Switching to length 2
0:00:00:04 - Expanding tables for length 2 to character count 18
0:00:00:04 - Trying length 2, fixed @2, character count 16
0:00:00:04 - Switching to length 4
0:00:00:04 - Expanding tables for length 4 to character count 13
0:00:00:04 - Trying length 4, fixed @1, character count 13
0:00:00:04 - Switching to length 5
0:00:00:04 - Expanding tables for length 5 to character count 15
0:00:00:04 - Trying length 5, fixed @1, character count 15
0:00:00:04 - Switching to length 6
0:00:00:04 - Expanding tables for length 6 to character count 12
0:00:00:04 - Trying length 6, fixed @2, character count 11
0:00:00:04 - Switching to length 3
0:00:00:04 - Expanding tables for length 3 to character count 15
0:00:00:04 - Trying length 3, fixed @2, character count 11
0:00:00:04 - Switching to length 8
0:00:00:04 - Expanding tables for length 8 to character count 5
0:00:00:04 - Trying length 8, fixed @2, character count 5
0:00:00:04 - Switching to length 5
0:00:00:04 - Expanding tables for length 5 to character count 15
0:00:00:04 - Trying length 5, fixed @3, character count 15
0:00:00:04 - Switching to length 2
0:00:00:04 - Expanding tables for length 2 to character count 18
0:00:00:04 - Trying length 2, fixed @2, character count 17
0:00:00:04 - Switching to length 6
0:00:00:04 - Expanding tables for length 6 to character count 12
0:00:00:04 - Trying length 6, fixed @1, character count 12
0:00:00:04 - Switching to length 2
0:00:00:04 - Expanding tables for length 2 to character count 18
0:00:00:04 - Trying length 2, fixed @2, character count 18
0:00:00:04 - Switching to length 7
0:00:00:04 - Expanding tables for length 7 to character count 7
0:00:00:04 - Trying length 7, fixed @5, character count 7
0:00:00:04 - Switching to length 2
0:00:00:04 - Expanding tables for length 2 to character count 19
0:00:00:04 - Trying length 2, fixed @1, character count 19
0:00:00:04 - Switching to length 4
0:00:00:04 - Expanding tables for length 4 to character count 13
0:00:00:04 - Trying length 4, fixed @2, character count 12
0:00:00:04 - Trying length 4, fixed @4, character count 13
0:00:00:04 - Switching to length 5
0:00:00:04 - Expanding tables for length 5 to character count 16
0:00:00:05 - Trying length 5, fixed @1, character count 16
0:00:00:05 - Switching to length 4
0:00:00:05 - Expanding tables for length 4 to character count 14
0:00:00:05 - Trying length 4, fixed @3, character count 14
0:00:00:05 - Switching to length 6
0:00:00:05 - Expanding tables for length 6 to character count 12
0:00:00:05 - Trying length 6, fixed @5, character count 12
0:00:00:05 - Switching to length 3
0:00:00:05 - Expanding tables for length 3 to character count 15
0:00:00:05 - Trying length 3, fixed @1, character count 15
0:00:00:05 - Switching to length 8
0:00:00:05 - Expanding tables for length 8 to character count 5
0:00:00:05 - Trying length 8, fixed @5, character count 5
0:00:00:05 - Trying length 8, fixed @4, character count 5
0:00:00:05 - Switching to length 2
0:00:00:05 - Expanding tables for length 2 to character count 19
0:00:00:05 - Trying length 2, fixed @2, character count 19
0:00:00:05 - Switching to length 6
0:00:00:05 - Expanding tables for length 6 to character count 12
0:00:00:05 - Trying length 6, fixed @4, character count 12
0:00:00:05 - Switching to length 2
0:00:00:05 - Expanding tables for length 2 to character count 20
0:00:00:05 - Trying length 2, fixed @1, character count 20
0:00:00:05 - Switching to length 4
0:00:00:05 - Expanding tables for length 4 to character count 14
0:00:00:05 - Trying length 4, fixed @1, character count 14
0:00:00:05 - Switching to length 6
0:00:00:05 - Expanding tables for length 6 to character count 13
0:00:00:05 - Trying length 6, fixed @6, character count 13
0:00:00:05 - Switching to length 5
0:00:00:05 - Expanding tables for length 5 to character count 16
0:00:00:05 - Trying length 5, fixed @5, character count 13
0:00:00:05 - Switching to length 3
0:00:00:05 - Expanding tables for length 3 to character count 16
0:00:00:05 - Trying length 3, fixed @3, character count 16
0:00:00:05 - Switching to length 5
0:00:00:05 - Expanding tables for length 5 to character count 16
0:00:00:05 - Trying length 5, fixed @3, character count 16
0:00:00:05 - Switching to length 4
0:00:00:05 - Expanding tables for length 4 to character count 15
0:00:00:05 - Trying length 4, fixed @3, character count 15
0:00:00:05 - Switching to length 7
0:00:00:05 - Expanding tables for length 7 to character count 8
0:00:00:05 - Trying length 7, fixed @6, character count 8
0:00:00:05 - Switching to length 2
0:00:00:05 - Expanding tables for length 2 to character count 20
0:00:00:05 - Trying length 2, fixed @2, character count 20
0:00:00:05 - Expanding tables for length 2 to character count 21
0:00:00:05 - Trying length 2, fixed @2, character count 21
0:00:00:05 - Switching to length 6
0:00:00:05 - Expanding tables for length 6 to character count 13
0:00:00:05 - Trying length 6, fixed @3, character count 13
0:00:00:05 - Switching to length 5
0:00:00:05 - Expanding tables for length 5 to character count 16
0:00:00:05 - Trying length 5, fixed @4, character count 15
0:00:00:05 - Expanding tables for length 5 to character count 17
0:00:00:05 - Trying length 5, fixed @1, character count 17
0:00:00:05 - Switching to length 7
0:00:00:05 - Expanding tables for length 7 to character count 8
0:00:00:05 - Trying length 7, fixed @3, character count 8
0:00:00:05 - Switching to length 4
0:00:00:05 - Expanding tables for length 4 to character count 15
0:00:00:05 - Trying length 4, fixed @2, character count 13
0:00:00:05 - Trying length 4, fixed @4, character count 14
0:00:00:05 - Switching to length 3
0:00:00:05 - Expanding tables for length 3 to character count 16
0:00:00:05 - Trying length 3, fixed @2, character count 12
0:00:00:05 - Switching to length 2
0:00:00:05 - Expanding tables for length 2 to character count 22
0:00:00:05 - Trying length 2, fixed @2, character count 22
0:00:00:05 - Expanding tables for length 2 to character count 23
0:00:00:05 - Trying length 2, fixed @2, character count 23
0:00:00:05 - Switching to length 7
0:00:00:05 - Expanding tables for length 7 to character count 8
0:00:00:05 - Trying length 7, fixed @1, character count 8
0:00:00:05 - Switching to length 4
0:00:00:05 - Expanding tables for length 4 to character count 15
0:00:00:05 - Trying length 4, fixed @1, character count 15
0:00:00:05 - Switching to length 6
0:00:00:05 - Expanding tables for length 6 to character count 13
0:00:00:05 - Trying length 6, fixed @2, character count 12
0:00:00:05 - Trying length 6, fixed @1, character count 13
0:00:00:05 - Switching to length 3
0:00:00:05 - Expanding tables for length 3 to character count 16
0:00:00:05 - Trying length 3, fixed @1, character count 16
0:00:00:05 - Switching to length 4
0:00:00:05 - Expanding tables for length 4 to character count 15
0:00:00:05 - Trying length 4, fixed @4, character count 15
0:00:00:05 - Switching to length 3
0:00:00:05 - Expanding tables for length 3 to character count 17
0:00:00:05 - Trying length 3, fixed @3, character count 17
0:00:00:05 - Switching to length 7
0:00:00:05 - Expanding tables for length 7 to character count 8
0:00:00:05 - Trying length 7, fixed @7, character count 8
0:00:00:05 - Switching to length 6
0:00:00:05 - Expanding tables for length 6 to character count 13
0:00:00:05 - Trying length 6, fixed @5, character count 13
0:00:00:05 - Expanding tables for length 6 to character count 14
0:00:00:05 - Trying length 6, fixed @6, character count 14
0:00:00:05 - Switching to length 4
0:00:00:05 - Expanding tables for length 4 to character count 16
0:00:00:05 - Trying length 4, fixed @3, character count 16
0:00:00:05 - Switching to length 7
0:00:00:05 - Expanding tables for length 7 to character count 8
0:00:00:05 - Trying length 7, fixed @4, character count 8
0:00:00:05 - Switching to length 5
0:00:00:05 - Expanding tables for length 5 to character count 17
0:00:00:05 - Trying length 5, fixed @2, character count 12
0:00:00:05 - Switching to length 2
0:00:00:05 - Expanding tables for length 2 to character count 24
0:00:00:05 - Trying length 2, fixed @2, character count 24
0:00:00:05 - Expanding tables for length 2 to character count 25
0:00:00:05 - Trying length 2, fixed @2, character count 25
0:00:00:05 - Expanding tables for length 2 to character count 26
0:00:00:05 - Trying length 2, fixed @2, character count 26
0:00:00:05 - Switching to length 4
0:00:00:05 - Expanding tables for length 4 to character count 16
0:00:00:05 - Trying length 4, fixed @4, character count 16
0:00:00:05 - Switching to length 3
0:00:00:05 - Expanding tables for length 3 to character count 17
0:00:00:05 - Trying length 3, fixed @2, character count 13
0:00:00:05 - Trying length 3, fixed @1, character count 17
0:00:00:05 - Switching to length 2
0:00:00:05 - Expanding tables for length 2 to character count 27
0:00:00:05 - Trying length 2, fixed @2, character count 27
0:00:00:05 - Switching to length 8
0:00:00:05 - Expanding tables for length 8 to character count 6
0:00:00:05 - Trying length 8, fixed @1, character count 6
0:00:00:05 - Switching to length 6
0:00:00:05 - Expanding tables for length 6 to character count 14
0:00:00:05 - Trying length 6, fixed @4, character count 13
0:00:00:05 - Switching to length 5
0:00:00:05 - Expanding tables for length 5 to character count 17
0:00:00:05 - Trying length 5, fixed @5, character count 14
0:00:00:06 - Trying length 5, fixed @4, character count 16
0:00:00:06 - Switching to length 4
0:00:00:06 - Expanding tables for length 4 to character count 16
0:00:00:06 - Trying length 4, fixed @2, character count 14
0:00:00:06 - Switching to length 3
0:00:00:06 - Expanding tables for length 3 to character count 17
0:00:00:06 - Trying length 3, fixed @2, character count 14
0:00:00:06 - Switching to length 7
0:00:00:06 - Expanding tables for length 7 to character count 8
0:00:00:06 - Trying length 7, fixed @5, character count 8
0:00:00:06 - Switching to length 3
0:00:00:06 - Expanding tables for length 3 to character count 18
0:00:00:06 - Trying length 3, fixed @1, character count 18
0:00:00:06 - Switching to length 6
0:00:00:06 - Expanding tables for length 6 to character count 15
0:00:00:06 - Trying length 6, fixed @6, character count 15
0:00:00:06 - Switching to length 4
0:00:00:06 - Expanding tables for length 4 to character count 17
0:00:00:06 - Trying length 4, fixed @3, character count 17
0:00:00:06 - Switching to length 2
0:00:00:06 - Expanding tables for length 2 to character count 28
0:00:00:06 - Trying length 2, fixed @2, character count 28
0:00:00:06 - Switching to length 5
0:00:00:06 - Expanding tables for length 5 to character count 17
0:00:00:06 - Trying length 5, fixed @3, character count 17
0:00:00:06 - Switching to length 2
0:00:00:06 - Expanding tables for length 2 to character count 29
0:00:00:06 - Trying length 2, fixed @2, character count 29
0:00:00:06 - Expanding tables for length 2 to character count 30
0:00:00:06 - Trying length 2, fixed @2, character count 30
0:00:00:06 - Expanding tables for length 2 to character count 31
0:00:00:06 - Trying length 2, fixed @2, character count 31
0:00:00:06 - Switching to length 8
0:00:00:06 - Expanding tables for length 8 to character count 6
0:00:00:06 - Trying length 8, fixed @6, character count 6
0:00:00:06 - Switching to length 3
0:00:00:06 - Expanding tables for length 3 to character count 18
0:00:00:06 - Trying length 3, fixed @3, character count 18
0:00:00:06 - Switching to length 8
0:00:00:06 - Expanding tables for length 8 to character count 6
0:00:00:06 - Trying length 8, fixed @7, character count 6
0:00:00:06 - Switching to length 4
0:00:00:06 - Expanding tables for length 4 to character count 17
0:00:00:06 - Trying length 4, fixed @1, character count 16
0:00:00:06 - Switching to length 3
0:00:00:06 - Expanding tables for length 3 to character count 19
0:00:00:06 - Trying length 3, fixed @1, character count 19
0:00:00:06 - Switching to length 5
0:00:00:06 - Expanding tables for length 5 to character count 17
0:00:00:06 - Trying length 5, fixed @4, character count 17
0:00:00:06 - Switching to length 6
0:00:00:06 - Expanding tables for length 6 to character count 15
0:00:00:06 - Trying length 6, fixed @3, character count 14
0:00:00:06 - Switching to length 8
0:00:00:06 - Expanding tables for length 8 to character count 6
0:00:00:06 - Trying length 8, fixed @3, character count 6
0:00:00:06 - Switching to length 4
0:00:00:06 - Expanding tables for length 4 to character count 17
0:00:00:06 - Trying length 4, fixed @4, character count 17
0:00:00:06 - Switching to length 5
0:00:00:06 - Expanding tables for length 5 to character count 18
0:00:00:06 - Trying length 5, fixed @3, character count 18
0:00:00:06 - Switching to length 7
0:00:00:06 - Expanding tables for length 7 to character count 8
0:00:00:06 - Trying length 7, fixed @2, character count 8
0:00:00:06 - Switching to length 3
0:00:00:06 - Expanding tables for length 3 to character count 19
0:00:00:06 - Trying length 3, fixed @3, character count 19
0:00:00:06 - Switching to length 6
0:00:00:06 - Expanding tables for length 6 to character count 15
0:00:00:06 - Trying length 6, fixed @4, character count 14
0:00:00:06 - Switching to length 3
0:00:00:06 - Expanding tables for length 3 to character count 20
0:00:00:06 - Trying length 3, fixed @1, character count 20
0:00:00:06 - Switching to length 4
0:00:00:06 - Expanding tables for length 4 to character count 18
0:00:00:06 - Trying length 4, fixed @3, character count 18
0:00:00:06 - Switching to length 2
0:00:00:06 - Expanding tables for length 2 to character count 31
0:00:00:06 - Trying length 2, fixed @1, character count 21
0:00:00:06 - Switching to length 5
0:00:00:06 - Expanding tables for length 5 to character count 18
0:00:00:06 - Trying length 5, fixed @1, character count 18
0:00:00:06 - Switching to length 7
0:00:00:06 - Expanding tables for length 7 to character count 9
0:00:00:06 - Trying length 7, fixed @6, character count 9
0:00:00:06 - Switching to length 2
0:00:00:06 - Expanding tables for length 2 to character count 31
0:00:00:06 - Trying length 2, fixed @1, character count 22
0:00:00:06 - Switching to length 6
0:00:00:06 - Expanding tables for length 6 to character count 15
0:00:00:06 - Trying length 6, fixed @1, character count 14
0:00:00:06 - Switching to length 3
0:00:00:06 - Expanding tables for length 3 to character count 20
0:00:00:06 - Trying length 3, fixed @3, character count 20
0:00:00:06 - Switching to length 4
0:00:00:06 - Expanding tables for length 4 to character count 18
0:00:00:06 - Trying length 4, fixed @4, character count 18
0:00:00:06 - Switching to length 2
0:00:00:06 - Expanding tables for length 2 to character count 32
0:00:00:06 - Trying length 2, fixed @2, character count 32
0:00:00:06 - Switching to length 3
0:00:00:06 - Expanding tables for length 3 to character count 21
0:00:00:06 - Trying length 3, fixed @1, character count 21
0:00:00:06 - Switching to length 7
0:00:00:06 - Expanding tables for length 7 to character count 9
0:00:00:06 - Trying length 7, fixed @3, character count 9
0:00:00:06 - Switching to length 5
0:00:00:06 - Expanding tables for length 5 to character count 18
0:00:00:06 - Trying length 5, fixed @5, character count 15
0:00:00:06 - Switching to length 8
0:00:00:06 - Expanding tables for length 8 to character count 6
0:00:00:06 - Trying length 8, fixed @2, character count 6
0:00:00:06 - Switching to length 4
0:00:00:06 - Expanding tables for length 4 to character count 19
0:00:00:06 - Trying length 4, fixed @4, character count 19
0:00:00:06 - Switching to length 6
0:00:00:06 - Expanding tables for length 6 to character count 15
0:00:00:06 - Trying length 6, fixed @2, character count 13
0:00:00:06 - Trying length 6, fixed @5, character count 14
0:00:00:07 - Switching to length 2
0:00:00:07 - Expanding tables for length 2 to character count 32
0:00:00:07 - Trying length 2, fixed @1, character count 23
0:00:00:07 - Switching to length 8
0:00:00:07 - Expanding tables for length 8 to character count 6
0:00:00:07 - Trying length 8, fixed @4, character count 6
0:00:00:07 - Switching to length 6
0:00:00:07 - Expanding tables for length 6 to character count 16
0:00:00:07 - Trying length 6, fixed @6, character count 16
0:00:00:07 - Switching to length 3
0:00:00:07 - Expanding tables for length 3 to character count 21
0:00:00:07 - Trying length 3, fixed @3, character count 21
0:00:00:07 - Switching to length 5
0:00:00:07 - Expanding tables for length 5 to character count 18
0:00:00:07 - Trying length 5, fixed @4, character count 18
0:00:00:07 - Expanding tables for length 5 to character count 19
0:00:00:07 - Trying length 5, fixed @3, character count 19
0:00:00:07 - Switching to length 4
0:00:00:07 - Expanding tables for length 4 to character count 19
0:00:00:07 - Trying length 4, fixed @2, character count 15
0:00:00:07 - Trying length 4, fixed @3, character count 19
0:00:00:07 - Switching to length 7
0:00:00:07 - Expanding tables for length 7 to character count 9
0:00:00:07 - Trying length 7, fixed @1, character count 9
0:00:00:07 - Switching to length 6
0:00:00:07 - Expanding tables for length 6 to character count 16
0:00:00:07 - Trying length 6, fixed @3, character count 15
0:00:00:07 - Switching to length 3
0:00:00:07 - Expanding tables for length 3 to character count 21
0:00:00:07 - Trying length 3, fixed @2, character count 15
0:00:00:07 - Switching to length 8
0:00:00:07 - Expanding tables for length 8 to character count 6
0:00:00:07 - Trying length 8, fixed @8, character count 6
0:00:00:07 - Switching to length 3
0:00:00:07 - Expanding tables for length 3 to character count 22
0:00:00:07 - Trying length 3, fixed @3, character count 22
0:00:00:07 - Switching to length 4
0:00:00:07 - Expanding tables for length 4 to character count 20
0:00:00:07 - Trying length 4, fixed @4, character count 20
0:00:00:07 - Switching to length 2
0:00:00:07 - Expanding tables for length 2 to character count 32
0:00:00:07 - Trying length 2, fixed @1, character count 24
0:00:00:07 - Trying length 2, fixed @1, character count 25
0:00:00:07 - Switching to length 6
0:00:00:07 - Expanding tables for length 6 to character count 16
0:00:00:07 - Trying length 6, fixed @4, character count 15
0:00:00:07 - Switching to length 7
0:00:00:07 - Expanding tables for length 7 to character count 9
0:00:00:07 - Trying length 7, fixed @4, character count 9
0:00:00:07 - Switching to length 2
0:00:00:07 - Expanding tables for length 2 to character count 32
0:00:00:07 - Trying length 2, fixed @1, character count 26
0:00:00:07 - Trying length 2, fixed @1, character count 27
0:00:00:07 - Switching to length 3
0:00:00:07 - Expanding tables for length 3 to character count 23
0:00:00:07 - Trying length 3, fixed @3, character count 23
0:00:00:07 - Switching to length 5
0:00:00:07 - Expanding tables for length 5 to character count 19
0:00:00:07 - Trying length 5, fixed @2, character count 13
0:00:00:07 - Trying length 5, fixed @4, character count 19
0:00:00:07 - Switching to length 2
0:00:00:07 - Expanding tables for length 2 to character count 33
0:00:00:07 - Trying length 2, fixed @2, character count 33
0:00:00:07 - Switching to length 6
0:00:00:07 - Expanding tables for length 6 to character count 16
0:00:00:07 - Trying length 6, fixed @1, character count 15
0:00:00:07 - Switching to length 8
0:00:00:07 - Expanding tables for length 8 to character count 6
0:00:00:07 - Trying length 8, fixed @5, character count 6
0:00:00:07 - Switching to length 4
0:00:00:07 - Expanding tables for length 4 to character count 20
0:00:00:07 - Trying length 4, fixed @2, character count 16
0:00:00:07 - Switching to length 7
0:00:00:07 - Expanding tables for length 7 to character count 9
0:00:00:07 - Trying length 7, fixed @7, character count 9
0:00:00:07 - Switching to length 4
0:00:00:07 - Expanding tables for length 4 to character count 20
0:00:00:07 - Trying length 4, fixed @1, character count 17
0:00:00:07 - Trying length 4, fixed @3, character count 20
0:00:00:07 - Switching to length 5
0:00:00:07 - Expanding tables for length 5 to character count 19
0:00:00:07 - Trying length 5, fixed @5, character count 16
0:00:00:07 - Switching to length 3
0:00:00:07 - Expanding tables for length 3 to character count 23
0:00:00:07 - Trying length 3, fixed @2, character count 16
0:00:00:07 - Switching to length 6
0:00:00:07 - Expanding tables for length 6 to character count 16
0:00:00:07 - Trying length 6, fixed @5, character count 15
0:00:00:07 - Switching to length 5
0:00:00:07 - Expanding tables for length 5 to character count 19
0:00:00:08 - Trying length 5, fixed @1, character count 19
0:00:00:08 - Switching to length 4
0:00:00:08 - Expanding tables for length 4 to character count 21
0:00:00:08 - Trying length 4, fixed @4, character count 21
0:00:00:08 - Switching to length 7
0:00:00:08 - Expanding tables for length 7 to character count 9
0:00:00:08 - Trying length 7, fixed @5, character count 9
0:00:00:08 - Switching to length 3
0:00:00:08 - Expanding tables for length 3 to character count 23
0:00:00:08 - Trying length 3, fixed @1, character count 22
0:00:00:08 - Expanding tables for length 3 to character count 24
0:00:00:08 - Trying length 3, fixed @3, character count 24
0:00:00:08 - Switching to length 2
0:00:00:08 - Expanding tables for length 2 to character count 33
0:00:00:08 - Trying length 2, fixed @1, character count 28
0:00:00:08 - Switching to length 5
0:00:00:08 - Expanding tables for length 5 to character count 20
0:00:00:08 - Trying length 5, fixed @3, character count 20
0:00:00:08 - Switching to length 4
0:00:00:08 - Expanding tables for length 4 to character count 21
0:00:00:08 - Trying length 4, fixed @3, character count 21
0:00:00:08 - Switching to length 2
0:00:00:08 - Expanding tables for length 2 to character count 33
0:00:00:08 - Trying length 2, fixed @1, character count 29
0:00:00:08 - Switching to length 6
0:00:00:08 - Expanding tables for length 6 to character count 16
0:00:00:08 - Trying length 6, fixed @2, character count 14
0:00:00:08 - Switching to length 3
0:00:00:08 - Expanding tables for length 3 to character count 24
0:00:00:08 - Trying length 3, fixed @2, character count 17
0:00:00:08 - Switching to length 7
0:00:00:08 - Expanding tables for length 7 to character count 10
0:00:00:08 - Trying length 7, fixed @3, character count 10
0:00:00:08 - Switching to length 3
0:00:00:08 - Expanding tables for length 3 to character count 25
0:00:00:08 - Trying length 3, fixed @3, character count 25
0:00:00:08 - Switching to length 4
0:00:00:08 - Expanding tables for length 4 to character count 21
0:00:00:08 - Trying length 4, fixed @2, character count 17
0:00:00:08 - Switching to length 6
0:00:00:08 - Expanding tables for length 6 to character count 16
0:00:00:08 - Trying length 6, fixed @4, character count 16
0:00:00:08 - Switching to length 5
0:00:00:08 - Expanding tables for length 5 to character count 20
0:00:00:08 - Trying length 5, fixed @2, character count 14
0:00:00:08 - Switching to length 4
0:00:00:08 - Expanding tables for length 4 to character count 21
0:00:00:08 - Trying length 4, fixed @1, character count 18
0:00:00:08 - Switching to length 5
0:00:00:08 - Expanding tables for length 5 to character count 20
0:00:00:08 - Trying length 5, fixed @5, character count 17
0:00:00:08 - Trying length 5, fixed @4, character count 20
0:00:00:08 - Switching to length 4
0:00:00:08 - Expanding tables for length 4 to character count 22
0:00:00:08 - Trying length 4, fixed @4, character count 22
0:00:00:08 - Switching to length 7
0:00:00:08 - Expanding tables for length 7 to character count 10
0:00:00:08 - Trying length 7, fixed @1, character count 10
0:00:00:08 - Switching to length 3
0:00:00:08 - Expanding tables for length 3 to character count 25
0:00:00:08 - Trying length 3, fixed @2, character count 18
0:00:00:08 - Switching to length 5
0:00:00:08 - Expanding tables for length 5 to character count 21
0:00:00:08 - Trying length 5, fixed @3, character count 21
0:00:00:08 - Switching to length 6
0:00:00:08 - Expanding tables for length 6 to character count 16
0:00:00:08 - Trying length 6, fixed @2, character count 15
0:00:00:08 - Switching to length 8
0:00:00:08 - Expanding tables for length 8 to character count 7
0:00:00:08 - Trying length 8, fixed @3, character count 7
0:00:00:08 - Switching to length 3
0:00:00:08 - Expanding tables for length 3 to character count 26
0:00:00:08 - Trying length 3, fixed @3, character count 26
0:00:00:08 - Switching to length 6
0:00:00:08 - Expanding tables for length 6 to character count 17
0:00:00:08 - Trying length 6, fixed @6, character count 17
0:00:00:08 - Switching to length 3
0:00:00:08 - Expanding tables for length 3 to character count 27
0:00:00:08 - Trying length 3, fixed @3, character count 27
0:00:00:08 - Switching to length 5
0:00:00:09 - Expanding tables for length 5 to character count 21
0:00:00:09 - Trying length 5, fixed @4, character count 21
0:00:00:09 - Switching to length 3
0:00:00:09 - Expanding tables for length 3 to character count 28
0:00:00:09 - Trying length 3, fixed @3, character count 28
0:00:00:09 - Switching to length 4
0:00:00:09 - Expanding tables for length 4 to character count 22
0:00:00:09 - Trying length 4, fixed @2, character count 18
0:00:00:09 - Trying length 4, fixed @1, character count 19
0:00:00:09 - Switching to length 6
0:00:00:09 - Expanding tables for length 6 to character count 17
0:00:00:09 - Trying length 6, fixed @4, character count 17
0:00:00:09 - Switching to length 7
0:00:00:09 - Expanding tables for length 7 to character count 10
0:00:00:09 - Trying length 7, fixed @7, character count 10
0:00:00:09 - Switching to length 8
0:00:00:09 - Expanding tables for length 8 to character count 7
0:00:00:09 - Trying length 8, fixed @1, character count 7
0:00:00:09 - Switching to length 4
0:00:00:09 - Expanding tables for length 4 to character count 22
0:00:00:09 - Trying length 4, fixed @3, character count 22
0:00:00:09 - Switching to length 2
0:00:00:09 - Expanding tables for length 2 to character count 33
0:00:00:09 - Trying length 2, fixed @1, character count 30
0:00:00:09 - Trying length 2, fixed @1, character count 31
0:00:00:09 - Trying length 2, fixed @1, character count 32
0:00:00:09 - Trying length 2, fixed @1, character count 33
0:00:00:09 - Switching to length 7
0:00:00:09 - Expanding tables for length 7 to character count 10
0:00:00:09 - Trying length 7, fixed @5, character count 10
0:00:00:09 - Switching to length 3
0:00:00:09 - Expanding tables for length 3 to character count 28
0:00:00:09 - Trying length 3, fixed @1, character count 23
0:00:00:09 - Switching to length 2
0:00:00:09 - Expanding tables for length 2 to character count 34
0:00:00:09 - Trying length 2, fixed @1, character count 34
0:00:00:09 - Switching to length 6
0:00:00:09 - Expanding tables for length 6 to character count 17
0:00:00:09 - Trying length 6, fixed @1, character count 16
0:00:00:09 - Switching to length 4
0:00:00:09 - Expanding tables for length 4 to character count 22
0:00:00:09 - Trying length 4, fixed @1, character count 20
0:00:00:09 - Switching to length 2
0:00:00:09 - Expanding tables for length 2 to character count 34
0:00:00:09 - Trying length 2, fixed @2, character count 34
0:00:00:09 - Expanding tables for length 2 to character count 35
0:00:00:09 - Trying length 2, fixed @2, character count 35
0:00:00:09 - Expanding tables for length 2 to character count 36
0:00:00:09 - Trying length 2, fixed @2, character count 36
0:00:00:09 - Switching to length 8
0:00:00:09 - Expanding tables for length 8 to character count 7
0:00:00:09 - Trying length 8, fixed @6, character count 7
0:00:00:09 - Switching to length 2
0:00:00:09 - Expanding tables for length 2 to character count 37
0:00:00:09 - Trying length 2, fixed @2, character count 37
0:00:00:09 - Switching to length 5
0:00:00:09 - Expanding tables for length 5 to character count 21
0:00:00:09 - Trying length 5, fixed @5, character count 18
0:00:00:09 - Switching to length 7
0:00:00:09 - Expanding tables for length 7 to character count 10
0:00:00:09 - Trying length 7, fixed @4, character count 10
0:00:00:09 - Switching to length 8
0:00:00:09 - Expanding tables for length 8 to character count 7
0:00:00:09 - Trying length 8, fixed @7, character count 7
0:00:00:09 - Switching to length 4
0:00:00:09 - Expanding tables for length 4 to character count 23
0:00:00:09 - Trying length 4, fixed @3, character count 23
0:00:00:09 - Switching to length 5
0:00:00:09 - Expanding tables for length 5 to character count 22
0:00:00:09 - Trying length 5, fixed @4, character count 22
0:00:00:09 - Switching to length 6
0:00:00:09 - Expanding tables for length 6 to character count 17
0:00:00:09 - Trying length 6, fixed @3, character count 16
0:00:00:10 - Expanding tables for length 6 to character count 18
0:00:00:10 - Trying length 6, fixed @4, character count 18
0:00:00:10 - Switching to length 4
0:00:00:10 - Expanding tables for length 4 to character count 23
0:00:00:10 - Trying length 4, fixed @4, character count 23
0:00:00:10 - Switching to length 5
0:00:00:10 - Expanding tables for length 5 to character count 22
0:00:00:10 - Trying length 5, fixed @3, character count 22
0:00:00:10 - Switching to length 3
0:00:00:10 - Expanding tables for length 3 to character count 28
0:00:00:10 - Trying length 3, fixed @2, character count 19
0:00:00:10 - Switching to length 4
0:00:00:10 - Expanding tables for length 4 to character count 23
0:00:00:10 - Trying length 4, fixed @1, character count 21
0:00:00:10 - Switching to length 7
0:00:00:10 - Expanding tables for length 7 to character count 10
0:00:00:10 - Trying length 7, fixed @6, character count 10
0:00:00:10 - Switching to length 8
0:00:00:10 - Expanding tables for length 8 to character count 7
0:00:00:10 - Trying length 8, fixed @8, character count 7
0:00:00:10 - Switching to length 6
0:00:00:10 - Expanding tables for length 6 to character count 18
0:00:00:10 - Trying length 6, fixed @2, character count 16
0:00:00:10 - Switching to length 5
0:00:00:10 - Expanding tables for length 5 to character count 22
0:00:00:10 - Trying length 5, fixed @2, character count 15
0:00:00:10 - Switching to length 6
0:00:00:10 - Expanding tables for length 6 to character count 18
0:00:00:10 - Trying length 6, fixed @5, character count 16
0:00:00:10 - Switching to length 8
0:00:00:10 - Expanding tables for length 8 to character count 7
0:00:00:10 - Trying length 8, fixed @4, character count 7
0:00:00:10 - Switching to length 3
0:00:00:10 - Expanding tables for length 3 to character count 28
0:00:00:10 - Trying length 3, fixed @2, character count 20
0:00:00:10 - Switching to length 4
0:00:00:10 - Expanding tables for length 4 to character count 23
0:00:00:10 - Trying length 4, fixed @1, character count 22
0:00:00:10 - Switching to length 7
0:00:00:10 - Expanding tables for length 7 to character count 11
0:00:00:10 - Trying length 7, fixed @3, character count 11
0:00:00:11 - Switching to length 3
0:00:00:11 - Expanding tables for length 3 to character count 28
0:00:00:11 - Trying length 3, fixed @2, character count 21
0:00:00:11 - Trying length 3, fixed @1, character count 24
0:00:00:11 - Switching to length 6
0:00:00:11 - Expanding tables for length 6 to character count 19
0:00:00:11 - Trying length 6, fixed @4, character count 19
0:00:00:11 - Switching to length 5
0:00:00:11 - Expanding tables for length 5 to character count 22
0:00:00:11 - Trying length 5, fixed @2, character count 16
0:00:00:11 - Switching to length 7
0:00:00:11 - Expanding tables for length 7 to character count 11
0:00:00:11 - Trying length 7, fixed @1, character count 11
0:00:00:11 - Switching to length 5
0:00:00:11 - Expanding tables for length 5 to character count 22
0:00:00:11 - Trying length 5, fixed @5, character count 19
0:00:00:11 - Switching to length 3
0:00:00:11 - Expanding tables for length 3 to character count 29
0:00:00:11 - Trying length 3, fixed @3, character count 29
0:00:00:11 - Switching to length 4
0:00:00:11 - Expanding tables for length 4 to character count 24
0:00:00:11 - Trying length 4, fixed @3, character count 24
0:00:00:11 - Switching to length 2
0:00:00:11 - Expanding tables for length 2 to character count 37
0:00:00:11 - Trying length 2, fixed @1, character count 35
0:00:00:11 - Trying length 2, fixed @1, character count 36
0:00:00:11 - Trying length 2, fixed @1, character count 37
0:00:00:11 - Expanding tables for length 2 to character count 38
0:00:00:11 - Trying length 2, fixed @1, character count 38
0:00:00:11 - Switching to length 5
0:00:00:11 - Expanding tables for length 5 to character count 22
0:00:00:11 - Trying length 5, fixed @1, character count 20
0:00:00:11 - Switching to length 8
0:00:00:11 - Expanding tables for length 8 to character count 7
0:00:00:11 - Trying length 8, fixed @2, character count 7
0:00:00:11 - Switching to length 5
0:00:00:11 - Expanding tables for length 5 to character count 23
0:00:00:11 - Trying length 5, fixed @4, character count 23
0:00:00:11 - Switching to length 6
0:00:00:11 - Expanding tables for length 6 to character count 19
0:00:00:11 - Trying length 6, fixed @3, character count 17
0:00:00:11 - Switching to length 3
0:00:00:11 - Expanding tables for length 3 to character count 30
0:00:00:11 - Trying length 3, fixed @3, character count 30
0:00:00:11 - Switching to length 2
0:00:00:11 - Expanding tables for length 2 to character count 38
0:00:00:11 - Trying length 2, fixed @2, character count 38
0:00:00:11 - Expanding tables for length 2 to character count 39
0:00:00:11 - Trying length 2, fixed @1, character count 39
0:00:00:11 - Switching to length 8
0:00:00:11 - Expanding tables for length 8 to character count 7
0:00:00:11 - Trying length 8, fixed @5, character count 7
0:00:00:11 - Switching to length 4
0:00:00:11 - Expanding tables for length 4 to character count 24
0:00:00:11 - Trying length 4, fixed @1, character count 23
0:00:00:11 - Switching to length 2
0:00:00:11 - Expanding tables for length 2 to character count 39
0:00:00:11 - Trying length 2, fixed @2, character count 39
0:00:00:11 - Expanding tables for length 2 to character count 40
0:00:00:11 - Trying length 2, fixed @1, character count 40
0:00:00:11 - Switching to length 3
0:00:00:11 - Expanding tables for length 3 to character count 31
0:00:00:11 - Trying length 3, fixed @3, character count 31
0:00:00:11 - Switching to length 6
0:00:00:11 - Expanding tables for length 6 to character count 19
0:00:00:11 - Trying length 6, fixed @1, character count 17
0:00:00:12 - Switching to length 2
0:00:00:12 - Expanding tables for length 2 to character count 40
0:00:00:12 - Trying length 2, fixed @2, character count 40
0:00:00:12 - Switching to length 7
0:00:00:12 - Expanding tables for length 7 to character count 11
0:00:00:12 - Trying length 7, fixed @2, character count 9
0:00:00:12 - Switching to length 3
0:00:00:12 - Expanding tables for length 3 to character count 32
0:00:00:12 - Trying length 3, fixed @3, character count 32
0:00:00:12 - Switching to length 4
0:00:00:12 - Expanding tables for length 4 to character count 24
0:00:00:12 - Trying length 4, fixed @4, character count 24
0:00:00:12 - Switching to length 7
0:00:00:12 - Expanding tables for length 7 to character count 11
0:00:00:12 - Trying length 7, fixed @7, character count 11
0:00:00:12 - Switching to length 6
0:00:00:12 - Expanding tables for length 6 to character count 19
0:00:00:12 - Trying length 6, fixed @5, character count 17
0:00:00:12 - Switching to length 5
0:00:00:12 - Expanding tables for length 5 to character count 23
0:00:00:12 - Trying length 5, fixed @5, character count 20
0:00:00:12 - Switching to length 3
0:00:00:12 - Expanding tables for length 3 to character count 32
0:00:00:12 - Trying length 3, fixed @1, character count 25
0:00:00:12 - Switching to length 5
0:00:00:12 - Expanding tables for length 5 to character count 23
0:00:00:12 - Trying length 5, fixed @1, character count 21
0:00:00:12 - Switching to length 4
0:00:00:12 - Expanding tables for length 4 to character count 24
0:00:00:12 - Trying length 4, fixed @2, character count 19
0:00:00:12 - Expanding tables for length 4 to character count 25
0:00:00:12 - Trying length 4, fixed @3, character count 25
0:00:00:12 - Switching to length 5
0:00:00:12 - Expanding tables for length 5 to character count 23
0:00:00:12 - Trying length 5, fixed @3, character count 23
0:00:00:12 - Switching to length 6
0:00:00:12 - Expanding tables for length 6 to character count 19
0:00:00:12 - Trying length 6, fixed @2, character count 17
0:00:00:13 - Switching to length 7
0:00:00:13 - Expanding tables for length 7 to character count 11
0:00:00:13 - Trying length 7, fixed @5, character count 11
0:00:00:13 - Switching to length 6
0:00:00:13 - Expanding tables for length 6 to character count 20
0:00:00:13 - Trying length 6, fixed @4, character count 20
0:00:00:13 - Switching to length 4
0:00:00:13 - Expanding tables for length 4 to character count 26
0:00:00:13 - Trying length 4, fixed @3, character count 26
0:00:00:13 - Switching to length 5
0:00:00:13 - Expanding tables for length 5 to character count 24
0:00:00:13 - Trying length 5, fixed @4, character count 24
0:00:00:13 - Switching to length 3
0:00:00:13 - Expanding tables for length 3 to character count 32
0:00:00:13 - Trying length 3, fixed @2, character count 22
0:00:00:13 - Switching to length 4
0:00:00:13 - Expanding tables for length 4 to character count 26
0:00:00:13 - Trying length 4, fixed @1, character count 24
0:00:00:13 - Switching to length 7
0:00:00:13 - Expanding tables for length 7 to character count 11
0:00:00:13 - Trying length 7, fixed @4, character count 11
0:00:00:13 - Switching to length 3
0:00:00:13 - Expanding tables for length 3 to character count 32
0:00:00:13 - Trying length 3, fixed @2, character count 23
0:00:00:13 - Switching to length 6
0:00:00:13 - Expanding tables for length 6 to character count 20
0:00:00:13 - Trying length 6, fixed @1, character count 18
0:00:00:13 - Switching to length 5
0:00:00:13 - Expanding tables for length 5 to character count 24
0:00:00:13 - Trying length 5, fixed @2, character count 17
0:00:00:13 - Switching to length 3
0:00:00:13 - Expanding tables for length 3 to character count 32
0:00:00:13 - Trying length 3, fixed @1, character count 26
0:00:00:13 - Expanding tables for length 3 to character count 33
0:00:00:13 - Trying length 3, fixed @3, character count 33
0:00:00:13 - Switching to length 4
0:00:00:13 - Expanding tables for length 4 to character count 26
0:00:00:13 - Trying length 4, fixed @1, character count 25
0:00:00:13 - Switching to length 3
0:00:00:13 - Expanding tables for length 3 to character count 34
0:00:00:13 - Trying length 3, fixed @3, character count 34
0:00:00:13 - Switching to length 6
0:00:00:13 - Expanding tables for length 6 to character count 20
0:00:00:13 - Trying length 6, fixed @5, character count 18
0:00:00:14 - Switching to length 5
0:00:00:14 - Expanding tables for length 5 to character count 24
0:00:00:14 - Trying length 5, fixed @5, character count 21
0:00:00:14 - Switching to length 2
0:00:00:14 - Expanding tables for length 2 to character count 41
0:00:00:14 - Trying length 2, fixed @1, character count 41
0:00:00:14 - Switching to length 8
0:00:00:14 - Expanding tables for length 8 to character count 8
0:00:00:14 - Trying length 8, fixed @3, character count 8
0:00:00:14 - Switching to length 7
0:00:00:14 - Expanding tables for length 7 to character count 11
0:00:00:14 - Trying length 7, fixed @6, character count 11
0:00:00:14 - Switching to length 6
0:00:00:14 - Expanding tables for length 6 to character count 20
0:00:00:14 - Trying length 6, fixed @6, character count 18
0:00:00:14 - Switching to length 2
0:00:00:14 - Expanding tables for length 2 to character count 41
0:00:00:14 - Trying length 2, fixed @2, character count 41
0:00:00:14 - Expanding tables for length 2 to character count 42
0:00:00:14 - Trying length 2, fixed @1, character count 42
0:00:00:14 - Expanding tables for length 2 to character count 43
0:00:00:14 - Trying length 2, fixed @1, character count 43
0:00:00:14 - Expanding tables for length 2 to character count 44
0:00:00:14 - Trying length 2, fixed @1, character count 44
0:00:00:14 - Expanding tables for length 2 to character count 45
0:00:00:14 - Trying length 2, fixed @1, character count 45
0:00:00:14 - Expanding tables for length 2 to character count 46
0:00:00:14 - Trying length 2, fixed @1, character count 46
0:00:00:14 - Switching to length 4
0:00:00:14 - Expanding tables for length 4 to character count 26
0:00:00:14 - Trying length 4, fixed @1, character count 26
0:00:00:14 - Switching to length 5
0:00:00:14 - Expanding tables for length 5 to character count 24
0:00:00:14 - Trying length 5, fixed @5, character count 22
0:00:00:14 - Switching to length 8
0:00:00:14 - Expanding tables for length 8 to character count 8
0:00:00:14 - Trying length 8, fixed @7, character count 8
0:00:00:14 - Switching to length 3
0:00:00:14 - Expanding tables for length 3 to character count 34
0:00:00:14 - Trying length 3, fixed @2, character count 24
0:00:00:14 - Switching to length 6
0:00:00:14 - Expanding tables for length 6 to character count 20
0:00:00:14 - Trying length 6, fixed @3, character count 18
0:00:00:15 - Expanding tables for length 6 to character count 21
0:00:00:15 - Trying length 6, fixed @4, character count 21
0:00:00:15 - Switching to length 7
0:00:00:15 - Expanding tables for length 7 to character count 12
0:00:00:15 - Trying length 7, fixed @7, character count 12
0:00:00:15 - Switching to length 4
0:00:00:15 - Expanding tables for length 4 to character count 27
0:00:00:15 - Trying length 4, fixed @3, character count 27
0:00:00:15 - Switching to length 5
0:00:00:15 - Expanding tables for length 5 to character count 24
0:00:00:15 - Trying length 5, fixed @1, character count 22
0:00:00:15 - Switching to length 3
0:00:00:15 - Expanding tables for length 3 to character count 34
0:00:00:15 - Trying length 3, fixed @1, character count 27
0:00:00:15 - Switching to length 5
0:00:00:15 - Expanding tables for length 5 to character count 24
0:00:00:15 - Trying length 5, fixed @5, character count 23
0:00:00:15 - Switching to length 2
0:00:00:15 - Expanding tables for length 2 to character count 46
0:00:00:15 - Trying length 2, fixed @2, character count 42
0:00:00:15 - Switching to length 5
0:00:00:15 - Expanding tables for length 5 to character count 24
0:00:00:15 - Trying length 5, fixed @3, character count 24
0:00:00:15 - Switching to length 3
0:00:00:15 - Expanding tables for length 3 to character count 34
0:00:00:15 - Trying length 3, fixed @1, character count 28
0:00:00:15 - Switching to length 8
0:00:00:15 - Expanding tables for length 8 to character count 8
0:00:00:15 - Trying length 8, fixed @8, character count 8
0:00:00:15 - Switching to length 4
0:00:00:15 - Expanding tables for length 4 to character count 28
0:00:00:15 - Trying length 4, fixed @3, character count 28
0:00:00:15 - Switching to length 6
0:00:00:15 - Expanding tables for length 6 to character count 22
0:00:00:15 - Trying length 6, fixed @4, character count 22
0:00:00:16 - Switching to length 5
0:00:00:16 - Expanding tables for length 5 to character count 24
0:00:00:16 - Trying length 5, fixed @5, character count 24
0:00:00:16 - Expanding tables for length 5 to character count 25
0:00:00:16 - Trying length 5, fixed @4, character count 25
0:00:00:16 - Switching to length 3
0:00:00:16 - Expanding tables for length 3 to character count 34
0:00:00:16 - Trying length 3, fixed @2, character count 25
0:00:00:16 - Switching to length 6
0:00:00:16 - Expanding tables for length 6 to character count 22
0:00:00:16 - Trying length 6, fixed @2, character count 18
0:00:00:16 - Switching to length 3
0:00:00:16 - Expanding tables for length 3 to character count 34
0:00:00:16 - Trying length 3, fixed @1, character count 29
0:00:00:16 - Switching to length 8
0:00:00:16 - Expanding tables for length 8 to character count 8
0:00:00:16 - Trying length 8, fixed @5, character count 8
0:00:00:16 - Switching to length 7
0:00:00:16 - Expanding tables for length 7 to character count 12
0:00:00:16 - Trying length 7, fixed @2, character count 10
0:00:00:17 - Switching to length 4
0:00:00:17 - Expanding tables for length 4 to character count 28
0:00:00:17 - Trying length 4, fixed @2, character count 20
0:00:00:17 - Switching to length 5
0:00:00:17 - Expanding tables for length 5 to character count 26
0:00:00:17 - Trying length 5, fixed @4, character count 26
0:00:00:17 - Switching to length 6
0:00:00:17 - Expanding tables for length 6 to character count 22
0:00:00:17 - Trying length 6, fixed @6, character count 19
0:00:00:17 - Switching to length 7
0:00:00:17 - Expanding tables for length 7 to character count 12
0:00:00:17 - Trying length 7, fixed @1, character count 12
0:00:00:17 - Switching to length 4
0:00:00:17 - Expanding tables for length 4 to character count 28
0:00:00:17 - Trying length 4, fixed @1, character count 27
0:00:00:17 - Switching to length 8
0:00:00:17 - Expanding tables for length 8 to character count 8
0:00:00:17 - Trying length 8, fixed @1, character count 8
0:00:00:17 - Switching to length 3
0:00:00:17 - Expanding tables for length 3 to character count 34
0:00:00:17 - Trying length 3, fixed @2, character count 26
0:00:00:17 - Switching to length 5
0:00:00:17 - Expanding tables for length 5 to character count 27
0:00:00:17 - Trying length 5, fixed @4, character count 27
0:00:00:17 - Switching to length 6
0:00:00:17 - Expanding tables for length 6 to character count 22
0:00:00:17 - Trying length 6, fixed @1, character count 19
0:00:00:18 - Switching to length 8
0:00:00:18 - Expanding tables for length 8 to character count 8
0:00:00:18 - Trying length 8, fixed @4, character count 8
0:00:00:18 - Switching to length 3
0:00:00:18 - Expanding tables for length 3 to character count 34
0:00:00:18 - Trying length 3, fixed @2, character count 27
0:00:00:18 - Switching to length 4
0:00:00:18 - Expanding tables for length 4 to character count 28
0:00:00:18 - Trying length 4, fixed @2, character count 21
0:00:00:18 - Switching to length 6
0:00:00:18 - Expanding tables for length 6 to character count 22
0:00:00:18 - Trying length 6, fixed @3, character count 19
0:00:00:18 - Switching to length 4
0:00:00:18 - Expanding tables for length 4 to character count 28
0:00:00:18 - Trying length 4, fixed @4, character count 25
0:00:00:18 - Switching to length 8
0:00:00:18 - Expanding tables for length 8 to character count 8
0:00:00:18 - Trying length 8, fixed @6, character count 8
0:00:00:18 - Switching to length 3
0:00:00:18 - Expanding tables for length 3 to character count 34
0:00:00:18 - Trying length 3, fixed @2, character count 28
0:00:00:18 - Switching to length 7
0:00:00:18 - Expanding tables for length 7 to character count 12
0:00:00:18 - Trying length 7, fixed @6, character count 12
0:00:00:19 - Switching to length 3
0:00:00:19 - Expanding tables for length 3 to character count 34
0:00:00:19 - Trying length 3, fixed @1, character count 30
0:00:00:19 - Switching to length 4
0:00:00:19 - Expanding tables for length 4 to character count 28
0:00:00:19 - Trying length 4, fixed @4, character count 26
0:00:00:19 - Trying length 4, fixed @1, character count 28
0:00:00:19 - Switching to length 5
0:00:00:19 - Expanding tables for length 5 to character count 27
0:00:00:19 - Trying length 5, fixed @2, character count 18
0:00:00:19 - Switching to length 6
0:00:00:19 - Expanding tables for length 6 to character count 22
0:00:00:19 - Trying length 6, fixed @2, character count 19
0:00:00:19 - Switching to length 7
0:00:00:19 - Expanding tables for length 7 to character count 12
0:00:00:19 - Trying length 7, fixed @4, character count 12
0:00:00:19 - Switching to length 2
0:00:00:19 - Expanding tables for length 2 to character count 47
0:00:00:19 - Trying length 2, fixed @1, character count 47
0:00:00:19 - Expanding tables for length 2 to character count 48
0:00:00:19 - Trying length 2, fixed @1, character count 48
0:00:00:19 - Switching to length 3
0:00:00:19 - Expanding tables for length 3 to character count 34
0:00:00:19 - Trying length 3, fixed @2, character count 29
0:00:00:19 - Switching to length 2
0:00:00:19 - Expanding tables for length 2 to character count 49
0:00:00:19 - Trying length 2, fixed @1, character count 49
0:00:00:19 - Expanding tables for length 2 to character count 50
0:00:00:19 - Trying length 2, fixed @1, character count 50
0:00:00:19 - Expanding tables for length 2 to character count 51
0:00:00:19 - Trying length 2, fixed @1, character count 51
0:00:00:19 - Expanding tables for length 2 to character count 52
0:00:00:19 - Trying length 2, fixed @1, character count 52
0:00:00:19 - Expanding tables for length 2 to character count 53
0:00:00:19 - Trying length 2, fixed @1, character count 53
0:00:00:19 - Switching to length 5
0:00:00:19 - Expanding tables for length 5 to character count 27
0:00:00:19 - Trying length 5, fixed @3, character count 25
0:00:00:19 - Switching to length 4
0:00:00:19 - Expanding tables for length 4 to character count 29
0:00:00:19 - Trying length 4, fixed @3, character count 29
0:00:00:19 - Switching to length 6
0:00:00:19 - Expanding tables for length 6 to character count 22
0:00:00:19 - Trying length 6, fixed @5, character count 19
0:00:00:20 - Switching to length 3
0:00:00:20 - Expanding tables for length 3 to character count 34
0:00:00:20 - Trying length 3, fixed @2, character count 30
0:00:00:20 - Switching to length 6
0:00:00:20 - Expanding tables for length 6 to character count 23
0:00:00:20 - Trying length 6, fixed @4, character count 23
0:00:00:20 - Switching to length 7
0:00:00:20 - Expanding tables for length 7 to character count 12
0:00:00:20 - Trying length 7, fixed @5, character count 12
0:00:00:20 - Switching to length 5
0:00:00:20 - Expanding tables for length 5 to character count 27
0:00:00:20 - Trying length 5, fixed @1, character count 23
0:00:00:20 - Switching to length 3
0:00:00:20 - Expanding tables for length 3 to character count 34
0:00:00:20 - Trying length 3, fixed @1, character count 31
0:00:00:20 - Switching to length 4
0:00:00:20 - Expanding tables for length 4 to character count 30
0:00:00:20 - Trying length 4, fixed @3, character count 30
0:00:00:20 - Switching to length 7
0:00:00:21 - Expanding tables for length 7 to character count 13
0:00:00:21 - Trying length 7, fixed @7, character count 13
0:00:00:21 - Switching to length 8
0:00:00:21 - Expanding tables for length 8 to character count 8
0:00:00:21 - Trying length 8, fixed @2, character count 8
0:00:00:21 - Switching to length 3
0:00:00:21 - Expanding tables for length 3 to character count 35
0:00:00:21 - Trying length 3, fixed @3, character count 35
0:00:00:21 - Switching to length 6
0:00:00:21 - Expanding tables for length 6 to character count 23
0:00:00:21 - Trying length 6, fixed @3, character count 20
0:00:00:21 - Expanding tables for length 6 to character count 24
0:00:00:21 - Trying length 6, fixed @4, character count 24
0:00:00:22 - Switching to length 3
0:00:00:22 - Expanding tables for length 3 to character count 35
0:00:00:22 - Trying length 3, fixed @2, character count 31
0:00:00:22 - Switching to length 5
0:00:00:22 - Expanding tables for length 5 to character count 27
0:00:00:22 - Trying length 5, fixed @2, character count 19
0:00:00:22 - Trying length 5, fixed @5, character count 25
0:00:00:22 - Switching to length 2
0:00:00:22 - Expanding tables for length 2 to character count 53
0:00:00:22 - Trying length 2, fixed @2, character count 43
0:00:00:22 - Trying length 2, fixed @2, character count 44
0:00:00:22 - Switching to length 3
0:00:00:22 - Expanding tables for length 3 to character count 35
0:00:00:22 - Trying length 3, fixed @1, character count 32
0:00:00:22 - Switching to length 2
0:00:00:22 - Expanding tables for length 2 to character count 53
0:00:00:22 - Trying length 2, fixed @2, character count 45
0:00:00:22 - Switching to length 5
0:00:00:22 - Expanding tables for length 5 to character count 27
0:00:00:22 - Trying length 5, fixed @3, character count 26
0:00:00:22 - Switching to length 2
0:00:00:22 - Expanding tables for length 2 to character count 53
0:00:00:22 - Trying length 2, fixed @2, character count 46
0:00:00:22 - Switching to length 7
0:00:00:22 - Expanding tables for length 7 to character count 13
0:00:00:22 - Trying length 7, fixed @3, character count 12
0:00:00:22 - Switching to length 2
0:00:00:22 - Expanding tables for length 2 to character count 53
0:00:00:22 - Trying length 2, fixed @2, character count 47
0:00:00:22 - Switching to length 4
0:00:00:22 - Expanding tables for length 4 to character count 30
0:00:00:22 - Trying length 4, fixed @2, character count 22
0:00:00:22 - Switching to length 3
0:00:00:22 - Expanding tables for length 3 to character count 35
0:00:00:22 - Trying length 3, fixed @2, character count 32
0:00:00:22 - Trying length 3, fixed @1, character count 33
0:00:00:22 - Switching to length 7
0:00:00:22 - Expanding tables for length 7 to character count 13
0:00:00:22 - Trying length 7, fixed @1, character count 13
0:00:00:23 - Switching to length 6
0:00:00:23 - Expanding tables for length 6 to character count 24
0:00:00:23 - Trying length 6, fixed @1, character count 20
0:00:00:23 - Switching to length 5
0:00:00:23 - Expanding tables for length 5 to character count 27
0:00:00:23 - Trying length 5, fixed @5, character count 26
0:00:00:23 - Switching to length 3
0:00:00:23 - Expanding tables for length 3 to character count 35
0:00:00:23 - Trying length 3, fixed @2, character count 33
0:00:00:23 - Switching to length 5
0:00:00:23 - Expanding tables for length 5 to character count 27
0:00:00:23 - Trying length 5, fixed @3, character count 27
0:00:00:23 - Switching to length 3
0:00:00:23 - Expanding tables for length 3 to character count 36
0:00:00:23 - Trying length 3, fixed @3, character count 36
0:00:00:23 - Switching to length 8
0:00:00:23 - Expanding tables for length 8 to character count 9
0:00:00:23 - Trying length 8, fixed @7, character count 9
0:00:00:23 - Switching to length 4
0:00:00:23 - Expanding tables for length 4 to character count 30
0:00:00:23 - Trying length 4, fixed @4, character count 27
0:00:00:23 - Switching to length 6
0:00:00:23 - Expanding tables for length 6 to character count 24
0:00:00:23 - Trying length 6, fixed @2, character count 20
0:00:00:24 - Switching to length 4
0:00:00:24 - Expanding tables for length 4 to character count 30
0:00:00:24 - Trying length 4, fixed @4, character count 28
0:00:00:24 - Switching to length 8
0:00:00:24 - Expanding tables for length 8 to character count 9
0:00:00:24 - Trying length 8, fixed @3, character count 9
0:00:00:24 - Switching to length 7
0:00:00:24 - Expanding tables for length 7 to character count 13
0:00:00:24 - Trying length 7, fixed @6, character count 13
0:00:00:24 - Switching to length 5
0:00:00:24 - Expanding tables for length 5 to character count 27
0:00:00:24 - Trying length 5, fixed @2, character count 20
0:00:00:25 - Switching to length 6
0:00:00:25 - Expanding tables for length 6 to character count 24
0:00:00:25 - Trying length 6, fixed @5, character count 20
0:00:00:25 - Switching to length 8
0:00:00:25 - Expanding tables for length 8 to character count 9
0:00:00:25 - Trying length 8, fixed @8, character count 9
0:00:00:25 - Switching to length 6
0:00:00:25 - Expanding tables for length 6 to character count 24
0:00:00:25 - Trying length 6, fixed @3, character count 21
0:00:00:26 - Switching to length 4
0:00:00:26 - Expanding tables for length 4 to character count 30
0:00:00:26 - Trying length 4, fixed @4, character count 29
0:00:00:26 - Switching to length 5
0:00:00:26 - Expanding tables for length 5 to character count 27
0:00:00:26 - Trying length 5, fixed @1, character count 24
0:00:00:26 - Switching to length 3
0:00:00:26 - Expanding tables for length 3 to character count 36
0:00:00:26 - Trying length 3, fixed @1, character count 34
0:00:00:26 - Switching to length 5
0:00:00:26 - Expanding tables for length 5 to character count 28
0:00:00:26 - Trying length 5, fixed @4, character count 28
0:00:00:26 - Switching to length 4
0:00:00:26 - Expanding tables for length 4 to character count 30
0:00:00:26 - Trying length 4, fixed @1, character count 29
0:00:00:26 - Switching to length 7
0:00:00:26 - Expanding tables for length 7 to character count 13
0:00:00:26 - Trying length 7, fixed @2, character count 11
0:00:00:26 - Trying length 7, fixed @4, character count 13
0:00:00:27 - Switching to length 6
0:00:00:27 - Expanding tables for length 6 to character count 25
0:00:00:27 - Trying length 6, fixed @4, character count 25
0:00:00:27 - Switching to length 8
0:00:00:27 - Expanding tables for length 8 to character count 9
0:00:00:27 - Trying length 8, fixed @1, character count 9
0:00:00:28 - Switching to length 3
0:00:00:28 - Expanding tables for length 3 to character count 36
0:00:00:28 - Trying length 3, fixed @2, character count 34
0:00:00:28 - Trying length 3, fixed @1, character count 35
0:00:00:28 - Switching to length 7
0:00:00:28 - Expanding tables for length 7 to character count 14
0:00:00:28 - Trying length 7, fixed @7, character count 14
0:00:00:28 - Switching to length 5
0:00:00:28 - Expanding tables for length 5 to character count 28
0:00:00:28 - Trying length 5, fixed @2, character count 21
0:00:00:28 - Switching to length 6
0:00:00:28 - Expanding tables for length 6 to character count 25
0:00:00:28 - Trying length 6, fixed @6, character count 20
0:00:00:29 - Switching to length 4
0:00:00:29 - Expanding tables for length 4 to character count 30
0:00:00:29 - Trying length 4, fixed @2, character count 23
0:00:00:29 - Trying length 4, fixed @4, character count 30
0:00:00:29 - Switching to length 6
0:00:00:29 - Expanding tables for length 6 to character count 26
0:00:00:29 - Trying length 6, fixed @4, character count 26
0:00:00:29 - Switching to length 4
0:00:00:29 - Expanding tables for length 4 to character count 31
0:00:00:29 - Trying length 4, fixed @3, character count 31
0:00:00:29 - Switching to length 5
0:00:00:29 - Expanding tables for length 5 to character count 28
0:00:00:29 - Trying length 5, fixed @1, character count 25
0:00:00:29 - Switching to length 3
0:00:00:29 - Expanding tables for length 3 to character count 36
0:00:00:29 - Trying length 3, fixed @1, character count 36
0:00:00:29 - Expanding tables for length 3 to character count 37
0:00:00:29 - Trying length 3, fixed @1, character count 37
0:00:00:29 - Switching to length 4
0:00:00:29 - Expanding tables for length 4 to character count 32
0:00:00:29 - Trying length 4, fixed @3, character count 32
0:00:00:29 - Switching to length 8
0:00:00:29 - Expanding tables for length 8 to character count 9
0:00:00:29 - Trying length 8, fixed @5, character count 9
0:00:00:30 - Switching to length 5
0:00:00:30 - Expanding tables for length 5 to character count 28
0:00:00:30 - Trying length 5, fixed @1, character count 26
0:00:00:30 - Trying length 5, fixed @5, character count 27
0:00:00:30 - Switching to length 6
0:00:00:30 - Expanding tables for length 6 to character count 26
0:00:00:30 - Trying length 6, fixed @5, character count 21
0:00:00:30 - Expanding tables for length 6 to character count 27
0:00:00:30 - Trying length 6, fixed @4, character count 27
0:00:00:30 Session stopped (max run-time reached)
